age,income,savings_rate,debt_ratio,purchase_power,purchasing_power
79,118612.24,0.24,0.75,217201090.43,20.82
62,116174.21,0.42,0.79,260526498.4,80.13
55,159352.43,0.37,0.81,269971507.63,93.07
46,120814.22,0.44,0.68,274936426.98,99.86
57,108035.86,0.59,0.6,267779329.91,90.06
79,111224.6,0.48,0.7,217179499.53,20.79
54,125982.28,0.24,0.54,270977269.31,94.44
59,137167.82,0.43,0.51,265208009.88,86.54
49,102169.03,0.41,0.68,274190131.22,98.84
50,112662.46,0.33,0.5,273769307.46,98.26
60,108965.12,0.38,0.49,263763531.44,84.57
72,112520.22,0.41,0.31,238581599.39,50.09
79,120573.63,0.45,0.71,217180636.71,20.79
62,92428.49,0.51,0.54,260545445.39,80.16
43,75132.87,0.28,0.76,274797096.63,99.67
55,113852.73,0.63,0.63,269970545.16,93.06
44,84188.21,0.41,0.64,274946067.17,99.88
63,126691.56,0.47,0.68,258780739.95,77.74
69,102702.13,0.54,0.75,246169963.08,60.48
77,121329.05,0.3,0.56,223817476.59,29.88
41,118142.25,0.41,0.9,274163929.95,98.8
63,111844.64,0.32,0.9,258775198.67,77.74
75,128009.34,0.38,0.84,229971932.39,38.3
52,96008.0,0.6,0.85,272506499.98,96.54
63,97443.36,0.46,0.57,258797064.53,77.77
66,129683.54,0.25,0.66,252962086.53,69.78
61,96669.75,0.42,0.82,262176431.78,82.39
67,145591.31,0.35,0.73,250788514.52,66.8
55,107467.71,0.25,0.84,269991051.38,93.09
51,128498.12,0.53,0.79,273158874.96,97.43
44,85344.62,0.28,0.92,274932942.74,99.86
77,142302.98,0.51,0.53,223793922.99,29.85
40,133022.54,0.31,0.82,273732711.7,98.21
55,104843.79,0.44,0.79,269975062.51,93.07
43,112460.2,0.48,0.75,274774139.94,99.64
79,114591.75,0.47,0.6,217190861.67,20.81
51,133730.55,0.49,0.83,273156029.03,97.43
40,71769.64,0.49,0.82,273727714.01,98.21
67,87305.77,0.28,0.5,250818778.6,66.84
51,110623.84,0.36,0.73,273190326.01,97.47
50,131741.96,0.53,0.55,273738864.03,98.22
65,114905.16,0.48,0.88,254958230.98,72.51
42,97471.05,0.42,0.66,274542120.88,99.32
61,108676.6,0.34,0.49,262217899.23,82.45
67,85923.94,0.63,0.61,250779311.9,66.79
44,90113.11,0.35,0.71,274943923.02,99.87
45,115855.24,0.45,0.42,275015255.61,99.97
77,111651.8,0.48,0.72,223777069.23,29.82
52,124619.16,0.42,0.91,272508394.65,96.54
54,84046.5,0.49,0.81,270924862.75,94.37
77,134541.16,0.36,0.39,223832916.05,29.9
75,124956.19,0.59,0.9,229938609.64,38.26
39,92015.23,0.4,0.76,273184583.86,97.46
41,103862.09,0.52,0.46,274201945.84,98.86
45,108173.33,0.28,0.46,275028523.07,99.99
42,98769.17,0.55,0.49,274546078.38,99.33
64,153745.34,0.37,0.8,256923564.3,75.2
57,105177.59,0.41,0.47,267812870.8,90.11
63,163364.99,0.28,0.56,258825902.0,77.81
73,121866.6,0.54,0.76,235763801.14,46.23
44,115294.8,0.33,0.72,274944524.89,99.87
74,104112.88,0.41,0.77,232931846.97,42.36
54,112293.62,0.39,0.79,270929072.03,94.38
64,103191.17,0.47,0.48,256954884.82,75.25
51,122602.82,0.34,0.81,273180789.12,97.46
41,136318.43,0.33,0.49,274223566.82,98.89
47,109054.09,0.3,0.66,274804035.27,99.68
65,118497.61,0.35,0.73,254990628.59,72.56
80,134963.14,0.33,0.49,213774401.98,16.13
60,100239.19,0.4,0.89,263721242.69,84.51
58,131593.32,0.46,0.59,266543448.62,88.37
51,157455.69,0.49,0.39,273217819.36,97.51
58,116736.84,0.38,0.84,266524086.3,88.35
62,166343.42,0.2,0.71,260565248.74,80.19
58,99579.85,0.57,0.71,266522632.05,88.34
76,116144.51,0.35,0.63,226951925.84,34.17
69,154937.16,0.6,0.79,246140116.77,60.44
55,100324.68,0.31,0.43,270026144.35,93.14
41,92902.65,0.42,0.56,274201107.33,98.86
63,95759.03,0.43,0.63,258793476.38,77.76
45,115825.13,0.5,0.5,274999808.83,99.95
46,137746.9,0.26,0.75,274948369.56,99.88
65,161509.41,0.43,0.6,254996251.1,72.56
37,94514.7,0.37,0.52,271810573.82,95.58
50,95331.5,0.51,0.41,273758059.45,98.25
63,97980.13,0.53,0.74,258773966.43,77.74
44,109203.18,0.45,0.79,274923153.95,99.84
58,166622.9,0.46,0.57,266544720.01,88.37
47,84203.89,0.5,0.67,274785175.35,99.66
77,116514.99,0.35,0.49,223817643.78,29.88
76,145298.35,0.43,0.79,226918228.82,34.12
72,136440.5,0.4,0.42,238574726.62,50.08
39,114144.96,0.48,0.65,273185815.8,97.47
77,122978.48,0.4,0.7,223787741.56,29.84
83,144041.46,0.53,0.95,202730199.93,1.01
64,110082.4,0.47,0.56,256945904.55,75.23
42,123245.84,0.27,0.77,274545762.32,99.33
43,104243.14,0.55,0.73,274770190.41,99.63
46,119612.95,0.47,0.87,274909418.45,99.83
52,105880.49,0.33,0.56,272560971.75,96.61
72,97690.53,0.58,0.56,238536695.44,50.03
74,133739.14,0.48,0.86,232905004.82,42.32
60,135600.9,0.49,0.44,263760295.96,84.56
58,153652.08,0.57,0.49,266540318.4,88.37
77,155588.46,0.52,0.51,223795606.87,29.85
76,143118.55,0.26,0.83,226936868.25,34.15
82,121224.23,0.43,0.43,206566125.27,6.26
58,169931.32,0.52,0.76,266503257.06,88.32
65,143808.8,0.36,0.69,254993331.09,72.56
77,109657.13,0.46,0.4,223815158.78,29.88
41,87605.3,0.49,0.57,274194589.83,98.85
76,107567.6,0.36,0.48,226966936.51,34.19
74,130866.0,0.56,0.73,232912565.31,42.33
52,131066.81,0.39,0.77,272529304.84,96.57
39,88343.15,0.39,0.64,273197925.86,97.48
38,113830.34,0.61,0.44,272544996.75,96.59
44,125831.86,0.45,0.72,274928219.77,99.85
67,114160.12,0.25,0.83,250791025.77,66.81
56,125965.54,0.41,0.77,268927659.11,91.64
77,106231.39,0.52,0.82,223763472.88,29.8
65,129216.7,0.5,0.49,255001766.55,72.57
49,108968.46,0.53,0.85,274158393.15,98.8
51,129630.14,0.49,0.54,273197352.33,97.48
50,100139.65,0.35,0.42,273773038.2,98.27
65,127055.12,0.51,0.8,254960584.04,72.51
50,137040.92,0.57,0.84,273692974.51,98.16
66,111134.62,0.38,0.71,252939386.27,69.75
73,106586.67,0.35,0.51,235814542.12,46.3
70,155602.93,0.54,0.51,243740840.78,57.15
44,76055.64,0.49,0.64,274939477.25,99.87
63,96474.74,0.5,0.85,258765536.5,77.72
75,108937.05,0.57,0.5,229991984.03,38.33
57,112990.31,0.49,0.81,267766535.67,90.05
73,124201.77,0.43,0.56,235802148.69,46.29
54,144781.46,0.44,0.86,270906368.23,94.35
71,192124.17,0.33,0.85,241165063.2,53.63
69,100429.64,0.51,0.6,246188797.92,60.51
51,111474.22,0.45,0.62,273192604.06,97.48
71,134768.5,0.4,0.77,241176297.29,53.64
47,82677.35,0.37,0.7,274794205.04,99.67
61,135928.28,0.48,0.73,262171369.21,82.39
66,134952.38,0.42,0.69,252936331.23,69.74
43,66998.46,0.3,0.51,274813232.96,99.69
41,104217.95,0.34,0.81,274184273.7,98.83
66,113765.27,0.39,0.55,252956286.95,69.77
64,153041.45,0.43,0.87,256903630.59,75.17
54,154970.91,0.29,0.53,270978115.42,94.44
63,110603.07,0.37,0.75,258786879.66,77.75
44,121076.24,0.42,0.54,274955399.27,99.89
70,128745.19,0.46,0.55,243748320.26,57.16
60,150456.29,0.41,0.6,263747908.58,84.55
75,145691.3,0.46,0.78,229965624.55,38.3
67,111521.54,0.5,0.7,250777172.44,66.79
34,104021.25,0.34,0.84,268930487.79,91.64
63,138180.44,0.38,0.54,258811940.55,77.79
52,93398.95,0.53,0.76,272522704.49,96.56
83,163393.7,0.64,0.83,202723105.23,1.0
41,149097.2,0.54,0.45,274200906.61,98.86
77,127357.62,0.24,0.61,223818641.12,29.88
47,99622.59,0.35,0.68,274796215.23,99.67
42,78068.33,0.4,0.56,274553366.41,99.34
63,145322.1,0.29,0.59,258818097.65,77.8
46,114631.76,0.34,0.77,274937427.28,99.86
70,113886.08,0.44,0.47,243760015.44,57.18
73,168528.14,0.34,0.78,235778685.25,46.25
64,118769.31,0.46,0.85,256913530.6,75.19
53,121874.41,0.61,0.69,271763083.71,95.52
69,149161.66,0.35,0.74,246187005.06,60.5
72,104186.36,0.49,0.47,238554827.26,50.05
59,103680.17,0.37,0.78,265184392.08,86.51
76,105042.24,0.49,0.59,226941295.25,34.16
46,100143.66,0.28,0.75,274946512.55,99.88
76,127331.85,0.31,0.92,226920956.29,34.13
37,195103.33,0.56,0.71,271747099.27,95.5
38,105774.39,0.4,0.75,272535097.45,96.57
75,118326.99,0.48,0.59,229991426.85,38.33
57,150923.93,0.41,0.38,267831108.99,90.14
36,99588.12,0.35,0.82,270932611.69,94.38
38,80432.62,0.57,0.45,272548193.15,96.59
67,147458.48,0.37,0.75,250782666.98,66.8
56,125618.4,0.48,0.4,268965971.08,91.69
70,100495.53,0.53,0.83,243713842.59,57.12
74,108498.1,0.47,0.46,232957475.05,42.39
72,131736.73,0.51,0.66,238527667.3,50.02
40,116166.45,0.49,0.68,273730222.72,98.21
52,130352.67,0.34,0.65,272550870.9,96.6
35,97162.03,0.46,0.61,269993312.65,93.1
62,142219.86,0.41,0.65,260542404.85,80.16
69,101333.73,0.4,0.56,246204386.16,60.53
43,70659.27,0.44,0.65,274793991.4,99.67
68,141957.7,0.54,0.58,248532521.41,63.71
44,136662.46,0.5,0.71,274921301.11,99.84
50,105546.74,0.57,0.5,273742697.78,98.23
58,98459.87,0.5,0.87,266513186.44,88.33
77,108934.62,0.55,0.62,223780946.09,29.83
66,132525.55,0.5,0.49,252952368.22,69.77
38,136199.5,0.45,0.67,272534147.54,96.57
73,135731.58,0.38,0.8,235775478.35,46.25
39,127611.72,0.4,0.34,273233131.95,97.53
61,123716.45,0.3,0.73,262196046.72,82.42
53,117342.53,0.49,0.63,271784819.42,95.55
56,147049.86,0.45,0.46,268962435.77,91.68
74,148309.68,0.36,0.87,232914788.8,42.33
44,155567.33,0.52,0.55,274939094.63,99.87
42,83165.72,0.52,0.57,274542676.41,99.32
52,89045.8,0.34,0.81,272536801.96,96.58
70,149948.94,0.4,0.73,243730461.44,57.14
42,112939.97,0.36,0.83,274527728.56,99.3
55,122861.44,0.39,0.74,269983884.01,93.08
78,162450.17,0.48,0.78,220506452.11,25.35
56,206871.9,0.48,0.83,268884455.34,91.58
65,127911.03,0.39,0.43,255022547.84,72.6
43,101641.24,0.51,0.83,274765822.49,99.63
52,129506.34,0.47,0.73,272524936.86,96.56
54,141908.44,0.42,0.44,270969435.77,94.43
71,196357.72,0.54,0.67,241158356.23,53.62
41,110288.19,0.33,0.39,274231468.9,98.9
80,98009.82,0.33,0.78,213739606.93,16.08
74,167293.98,0.35,0.67,232946161.38,42.38
74,117041.58,0.44,0.92,232908307.82,42.32
78,134544.93,0.41,0.47,220566212.08,25.43
54,84450.35,0.37,0.71,270943579.02,94.4
74,140581.1,0.52,0.57,232938069.35,42.37
40,81642.04,0.53,0.71,273730389.28,98.21
48,113187.2,0.35,0.72,274542350.21,99.32
61,163608.37,0.25,0.83,262187689.58,82.41
62,113224.55,0.43,0.79,260525670.81,80.13
58,139418.61,0.29,0.8,266536889.06,88.36
70,106547.88,0.44,0.41,243766189.58,57.19
68,190664.47,0.47,0.59,248537582.59,63.72
75,122331.8,0.36,0.78,229982431.87,38.32
44,98818.14,0.46,0.7,274934055.84,99.86
50,99118.46,0.32,0.5,273768199.11,98.26
67,130275.07,0.36,0.65,250798824.27,66.82
42,119499.31,0.25,0.58,274570128.06,99.36
39,102390.9,0.39,0.6,273201027.09,97.49
54,104303.8,0.37,0.8,270931981.14,94.38
44,126866.39,0.41,0.64,274943380.38,99.87
78,137025.86,0.58,0.37,220557243.55,25.42
71,118378.43,0.37,0.4,241228191.37,53.71
44,132984.35,0.32,0.82,274931466.42,99.86
79,106212.85,0.24,0.89,217185681.74,20.8
74,105578.42,0.36,0.73,232941313.85,42.37
53,117025.29,0.43,0.56,271800504.6,95.57
51,107325.15,0.41,0.91,273166613.47,97.44
39,84956.56,0.54,0.74,273175686.41,97.45
62,113892.45,0.41,0.79,260526702.02,80.14
62,120273.22,0.5,0.76,260518272.87,80.12
66,139927.53,0.4,0.61,252949229.72,69.76
65,120553.78,0.56,0.6,254979933.32,72.54
48,83602.31,0.31,0.51,274565981.01,99.36
47,120414.41,0.37,0.54,274811052.39,99.69
77,125338.72,0.43,0.8,223770846.97,29.82
79,121629.2,0.34,0.85,217175992.89,20.79
73,86694.33,0.33,0.73,235795260.18,46.28
53,111633.37,0.45,0.61,271793568.35,95.56
70,132435.18,0.4,0.48,243765155.1,57.19
63,133108.11,0.47,0.5,258804075.57,77.78
69,162852.17,0.48,0.54,246197872.43,60.52
67,118738.32,0.44,0.66,250787829.64,66.8
62,164122.58,0.57,0.71,260504660.47,80.1
51,109049.49,0.4,0.46,273214536.08,97.51
55,83581.26,0.5,0.87,269968768.06,93.06
38,95696.46,0.52,0.61,272537590.69,96.58
68,191073.22,0.4,0.81,248509728.03,63.68
52,95894.43,0.4,0.71,272539506.75,96.58
76,116665.14,0.44,0.54,226952039.94,34.17
70,136626.91,0.43,0.81,243717386.43,57.12
74,105637.09,0.25,0.72,232953179.06,42.39
37,99150.74,0.49,0.7,271780751.93,95.54
72,125522.06,0.29,0.68,238554605.26,50.05
50,94070.66,0.53,0.45,273751742.06,98.24
58,124804.48,0.47,0.78,266518701.64,88.34
62,133434.91,0.52,0.83,260504062.4,80.1
45,98551.73,0.32,0.43,275024682.48,99.98
40,104235.34,0.46,0.55,273749403.58,98.24
41,123151.37,0.38,0.83,274174137.51,98.82
58,115965.0,0.4,0.53,266558132.22,88.39
67,103689.32,0.31,0.77,250791625.07,66.81
51,127585.46,0.41,0.68,273188108.73,97.47
60,126174.8,0.4,0.66,263742534.19,84.54
59,160709.02,0.38,0.62,265200113.05,86.53
66,143438.99,0.43,0.59,252948166.93,69.76
74,93260.71,0.49,0.43,232957658.59,42.39
76,140787.65,0.43,0.8,226918801.99,34.12
44,100871.8,0.59,0.75,274915743.7,99.83
64,111110.28,0.37,0.75,256936700.77,75.22
65,123754.82,0.56,0.67,254971185.53,72.53
71,121058.79,0.51,0.54,241194098.26,53.67
60,100478.13,0.39,0.42,263769111.39,84.57
71,110243.69,0.36,0.76,241186058.68,53.66
75,118271.11,0.4,0.7,229988464.82,38.33
67,141057.84,0.31,0.57,250817994.85,66.84
72,136899.4,0.49,0.43,238560495.62,50.06
41,107971.65,0.44,0.45,274211664.95,98.87
52,101559.89,0.51,0.54,272545181.63,96.59
44,135923.07,0.46,0.77,274917434.78,99.84
71,131489.47,0.31,0.83,241181732.74,53.65
50,119566.73,0.54,0.82,273707470.11,98.18
65,147767.26,0.34,0.87,254968027.92,72.53
70,122433.01,0.56,0.85,243699540.75,57.1
65,105614.06,0.33,0.68,254998611.98,72.57
46,113465.24,0.52,0.43,274956264.37,99.89
75,120947.15,0.32,0.79,229986537.18,38.32
76,199195.98,0.31,0.5,226988401.82,34.22
78,129767.35,0.33,0.53,220568532.45,25.43
59,140784.66,0.5,0.52,265196928.56,86.53
62,123739.64,0.53,0.67,260525935.18,80.13
65,159314.6,0.49,0.56,254992476.86,72.56
73,116664.2,0.53,0.47,235801228.95,46.29
75,110933.55,0.45,0.62,229992557.08,38.33
55,150772.51,0.4,0.84,269963875.71,93.05
70,129155.87,0.59,0.71,243712089.3,57.12
56,119175.48,0.3,0.84,268933732.16,91.64
66,122645.06,0.4,0.48,252964868.9,69.78
40,136502.71,0.5,0.45,273756150.18,98.25
60,129980.65,0.53,0.71,263718911.99,84.51
66,111042.62,0.47,0.65,252935590.08,69.74
71,122657.33,0.57,0.76,241158694.09,53.62
38,114645.11,0.28,0.79,272542133.62,96.58
75,113319.22,0.57,0.72,229966942.95,38.3
57,113703.61,0.35,0.88,267772984.74,90.06
67,117460.8,0.6,0.58,250779168.34,66.79
55,172491.88,0.38,0.5,270021470.26,93.13
63,133799.81,0.41,0.68,258787395.37,77.75
35,76943.36,0.43,0.48,270007312.67,93.11
64,163970.75,0.34,0.57,256965579.11,75.26
43,111986.72,0.28,0.54,274821177.27,99.7
65,156716.54,0.48,0.64,254981468.85,72.54
53,136751.0,0.52,0.46,271803062.08,95.57
81,99805.02,0.33,0.37,210229993.11,11.28
74,153605.05,0.49,0.71,232918692.62,42.34
43,112183.97,0.44,0.75,274778083.74,99.65
81,119476.44,0.43,0.75,210178404.98,11.21
71,119260.36,0.41,0.8,241175228.77,53.64
64,129830.1,0.54,0.45,256951476.3,75.24
71,133101.78,0.47,0.62,241188215.44,53.66
65,169024.62,0.38,0.46,255027260.5,72.61
63,158625.82,0.35,0.81,258774485.0,77.74
52,118400.3,0.32,0.75,272542055.19,96.58
49,81143.03,0.32,0.52,274213056.56,98.87
77,124731.79,0.34,0.53,223816679.56,29.88
57,115961.45,0.42,0.86,267767098.95,90.05
39,94844.54,0.41,0.7,273189593.17,97.47
41,89375.49,0.47,0.73,274182320.37,98.83
54,117894.33,0.43,0.53,270954847.04,94.41
48,91963.09,0.21,0.56,274571012.22,99.36
50,89956.67,0.48,0.8,273724637.49,98.2
64,106284.65,0.59,0.72,256916706.8,75.19
55,112723.74,0.45,0.73,269980558.86,93.08
69,131211.05,0.47,0.69,246179431.07,60.49
76,116655.96,0.46,0.66,226935393.78,34.15
42,87907.98,0.43,0.78,274531258.25,99.31
67,115113.43,0.38,0.52,250810982.24,66.83
63,119044.54,0.34,0.55,258813707.01,77.79
60,112853.98,0.49,0.88,263708863.44,84.49
63,113013.47,0.46,0.57,258796163.0,77.77
60,118512.44,0.53,0.61,263732740.95,84.52
57,127714.04,0.61,0.74,267755826.43,90.03
48,86626.78,0.38,0.93,274522971.04,99.3
48,143860.74,0.36,0.62,274553959.33,99.34
73,140222.17,0.3,0.59,235815380.36,46.3
75,129793.5,0.33,0.81,229980974.13,38.32
46,114959.41,0.5,0.8,274914788.46,99.83
47,170038.03,0.46,0.76,274760746.68,99.62
73,123192.47,0.5,0.63,235783977.87,46.26
43,98696.74,0.41,0.56,274803660.77,99.68
45,121801.55,0.53,0.67,274975573.72,99.92
68,105785.93,0.48,0.81,248519799.51,63.7
66,115060.02,0.4,0.81,252926330.29,69.73
68,125970.47,0.39,0.45,248570079.05,63.77
74,124418.43,0.46,0.63,232939349.42,42.37
57,130861.8,0.45,0.6,267793779.74,90.08
55,114610.81,0.34,0.84,269978828.57,93.08
70,138233.83,0.42,0.71,243732114.87,57.14
59,112752.42,0.44,0.64,265190479.18,86.52
58,116299.55,0.43,0.4,266569310.39,88.41
58,166377.13,0.41,0.67,266535305.38,88.36
69,126446.76,0.56,0.43,246201680.56,60.52
68,108444.3,0.5,0.84,248513061.25,63.69
71,110650.74,0.37,0.78,241183299.41,53.65
64,124443.62,0.41,0.61,256947308.73,75.23
58,85370.07,0.59,0.58,266535569.27,88.36
47,127662.18,0.39,0.86,274767238.6,99.63
47,89663.4,0.53,0.55,274792658.68,99.67
41,91301.05,0.33,0.48,274217443.42,98.88
37,112397.45,0.33,0.91,271774082.43,95.53
76,164441.02,0.59,0.78,226888713.06,34.08
70,117701.42,0.46,0.74,243725538.54,57.13
66,200483.65,0.56,0.55,252929521.22,69.73
74,94441.34,0.49,0.47,232954034.58,42.39
35,88174.65,0.49,0.42,270007674.62,93.11
55,111139.56,0.51,0.57,269991654.89,93.09
73,134363.0,0.6,0.76,235751338.64,46.22
39,111774.14,0.35,0.53,273212731.88,97.5
58,126884.07,0.38,0.8,266528026.3,88.35
70,85624.37,0.54,0.5,243746271.1,57.16
43,99487.97,0.39,0.64,274796508.95,99.67
46,104902.17,0.57,0.85,274905808.36,99.82
66,159591.18,0.44,0.52,252957212.96,69.77
52,91596.87,0.39,0.56,272555348.34,96.6
71,149500.63,0.3,0.57,241218977.9,53.7
64,147239.92,0.33,0.42,256987048.02,75.29
68,127872.24,0.48,0.62,248536830.79,63.72
52,116658.3,0.47,0.56,272545623.99,96.59
70,134879.96,0.44,0.71,243729775.19,57.14
42,94134.39,0.3,0.79,274541723.96,99.32
63,115576.55,0.27,0.67,258806909.02,77.78
39,102207.94,0.41,0.42,273217699.37,97.51
52,107642.84,0.5,0.7,272528209.23,96.57
49,106124.57,0.41,0.41,274219360.21,98.88
61,131936.96,0.52,0.7,262171079.35,82.39
60,106852.25,0.39,0.69,263740842.35,84.54
58,136840.09,0.39,0.48,266567314.7,88.4
75,128084.58,0.38,0.8,229976151.07,38.31
75,100276.1,0.27,0.87,229985559.34,38.32
70,127898.65,0.51,0.82,243707947.32,57.11
70,119753.86,0.52,0.51,243746531.65,57.16
73,163369.93,0.44,0.7,235776305.47,46.25
61,109353.79,0.31,0.86,262181116.07,82.4
46,114009.51,0.26,0.6,274965212.57,99.9
39,118382.29,0.48,0.77,273170773.85,97.45
69,140447.75,0.56,0.4,246205923.98,60.53
67,114730.96,0.29,0.43,250831873.62,66.86
71,116189.28,0.52,0.77,241166646.4,53.63
46,132557.97,0.47,0.75,274920254.22,99.84
56,189286.05,0.41,0.77,268916949.24,91.62
72,114882.41,0.37,0.89,238520335.7,50.01
40,94309.71,0.28,0.41,273778599.85,98.28
45,88963.71,0.47,0.51,275001579.26,99.95
44,113925.83,0.4,0.82,274923964.39,99.85
54,85455.79,0.5,0.47,270952452.53,94.41
66,102099.55,0.46,0.75,252928458.23,69.73
50,134250.72,0.46,0.66,273734259.24,98.22
40,128139.09,0.35,0.45,273776457.43,98.27
61,167777.9,0.42,0.5,262212668.5,82.44
65,153348.7,0.53,0.68,254967137.89,72.52
62,122014.85,0.59,0.84,260497822.38,80.1
55,96694.31,0.49,0.79,269973081.6,93.07
61,195366.98,0.49,0.7,262163455.41,82.38
45,113278.88,0.29,0.66,275004822.9,99.96
77,111838.23,0.35,0.57,223808814.55,29.87
71,141914.57,0.43,0.47,241213494.33,53.69
72,104282.14,0.29,0.65,238556123.38,50.06
79,84757.37,0.54,0.36,217208793.12,20.83
47,124162.26,0.26,0.52,274828649.15,99.71
39,105261.53,0.42,0.61,273197308.97,97.48
43,82493.42,0.51,0.6,274791668.61,99.66
75,135070.17,0.46,0.46,230009688.79,38.36
82,92406.71,0.4,0.67,206543370.41,6.23
52,112048.66,0.29,0.7,272551253.47,96.6
71,129015.63,0.44,0.41,241218997.51,53.7
48,92429.22,0.38,0.9,274524174.8,99.3
45,119340.0,0.51,0.45,275005163.85,99.96
71,132179.85,0.51,0.82,241155628.72,53.62
44,147630.96,0.54,0.35,274965777.74,99.9
77,129412.45,0.18,0.83,223798368.82,29.85
57,87728.65,0.34,0.39,267823533.63,90.12
50,111754.3,0.32,0.83,273733106.19,98.22
66,109144.35,0.33,0.58,252959307.68,69.78
47,151021.35,0.39,0.75,274777730.51,99.65
68,126032.89,0.39,0.58,248554024.93,63.74
62,141173.43,0.38,0.4,260580822.05,80.21
51,121026.56,0.43,0.83,273169391.44,97.44
64,157739.14,0.53,0.48,256949333.98,75.24
68,112200.26,0.44,0.86,248516541.85,63.69
74,125006.06,0.4,0.5,232963604.74,42.4
40,132430.68,0.45,0.64,273738402.4,98.22
45,88646.88,0.42,0.79,274981586.01,99.92
47,96091.49,0.34,0.62,274804407.3,99.68
66,111013.5,0.44,0.49,252957681.24,69.77
71,82456.82,0.44,0.79,241181278.57,53.65
61,113641.64,0.45,0.8,262171709.52,82.39
61,119323.14,0.45,0.82,262167590.39,82.38
72,122790.88,0.38,0.6,238552323.63,50.05
51,156172.87,0.4,0.68,273186855.45,97.47
78,116533.34,0.41,0.56,220553660.07,25.41
47,117440.66,0.47,0.52,274800109.29,99.68
58,143214.87,0.37,0.75,266533897.87,88.36
77,135266.91,0.44,0.56,223800412.12,29.86
74,109513.21,0.37,0.6,232953137.93,42.39
77,91534.51,0.35,0.65,223799772.84,29.85
56,129719.01,0.48,0.75,268920161.41,91.63
74,144580.36,0.39,0.84,232915692.27,42.33
71,111144.55,0.44,0.73,241180911.73,53.65
61,125334.81,0.39,0.59,262203082.57,82.43
56,163378.74,0.42,0.72,268926782.11,91.64
67,122955.16,0.47,0.68,250781979.19,66.79
74,147572.73,0.46,0.44,232964389.17,42.4
51,128029.79,0.4,0.45,273219836.15,97.51
48,127051.63,0.36,0.45,274574668.53,99.37
61,134808.18,0.36,0.58,262207883.9,82.44
62,119578.56,0.49,0.8,260514586.86,80.12
68,117800.43,0.4,0.51,248560234.22,63.75
83,127112.09,0.37,0.6,202804069.94,1.11
68,123757.69,0.37,0.81,248528143.91,63.71
57,106535.74,0.54,0.81,267762052.96,90.04
53,142583.47,0.31,0.74,271793860.32,95.56
59,98804.71,0.41,0.52,265206757.15,86.54
58,119454.84,0.4,0.39,266574494.66,88.41
47,141403.75,0.43,0.46,274815067.74,99.7
60,158082.67,0.34,0.44,263786023.57,84.6
78,92696.65,0.46,0.5,220553740.99,25.41
52,103399.44,0.5,0.7,272529571.7,96.57
81,117468.68,0.4,0.45,210217285.93,11.26
55,117530.0,0.54,0.46,269999682.43,93.1
49,127209.86,0.51,0.54,274194129.8,98.85
45,90998.28,0.45,0.7,274986281.86,99.93
48,122399.7,0.43,0.72,274532343.34,99.31
62,134149.58,0.43,0.7,260533416.77,80.14
54,118169.72,0.47,0.58,270944890.07,94.4
65,128707.59,0.57,0.53,254986555.3,72.55
52,123961.4,0.48,0.52,272549772.96,96.6
58,96917.57,0.34,0.55,266561527.74,88.4
40,106830.94,0.34,0.86,273728292.67,98.21
76,167930.28,0.33,0.87,226916301.79,34.12
47,120583.91,0.29,0.69,274802419.13,99.68
66,94935.52,0.43,0.87,252921840.63,69.72
60,113648.68,0.55,0.73,263718112.65,84.5
78,110572.51,0.49,0.43,220558208.9,25.42
56,130048.21,0.28,0.9,268925769.25,91.63
58,139031.23,0.54,0.46,266548858.13,88.38
76,102527.52,0.4,0.67,226942343.9,34.16
80,108513.92,0.54,0.52,213743362.2,16.09
49,96704.54,0.47,0.56,274196722.06,98.85
72,92099.36,0.54,0.72,238526304.25,50.02
42,86586.71,0.33,0.66,274550628.24,99.33
76,122113.97,0.32,0.5,226971222.22,34.2
65,154719.12,0.23,0.55,255034090.33,72.62
67,102760.79,0.48,0.54,250797734.39,66.82
52,104405.4,0.39,0.86,272524414.94,96.56
57,86236.22,0.49,0.82,267773850.24,90.06
51,113083.63,0.42,0.65,273191854.78,97.47
49,86530.84,0.43,0.54,274202314.07,98.86
49,99791.13,0.29,0.78,274192795.2,98.84
58,113294.08,0.34,0.5,266567804.88,88.41
79,127587.78,0.36,0.54,217213125.86,20.84
45,95130.73,0.38,0.63,274998897.1,99.95
52,122111.61,0.39,0.81,272525750.78,96.56
74,122719.78,0.52,0.41,232957993.14,42.39
50,112915.96,0.31,0.45,273776466.57,98.27
60,116481.42,0.29,0.73,263746931.07,84.54
35,110936.09,0.48,0.51,270001496.48,93.11
40,123946.59,0.34,0.69,273745142.13,98.23
67,79637.26,0.58,0.56,250788637.96,66.8
74,135576.98,0.59,0.67,232914220.96,42.33
72,187789.38,0.38,0.4,238591761.38,50.11
60,118047.72,0.38,0.4,263776546.09,84.58
50,100968.68,0.4,0.81,273728274.13,98.21
37,90292.09,0.44,0.84,271774445.67,95.53
58,142590.81,0.34,0.56,266563629.26,88.4
54,108957.23,0.39,0.49,270963706.94,94.42
47,119669.26,0.45,0.37,274821055.24,99.7
67,131400.07,0.26,0.7,250805609.26,66.83
40,132130.44,0.5,0.74,273718979.59,98.2
73,129344.72,0.46,0.55,235799274.29,46.28
42,115704.12,0.49,0.75,274522406.25,99.3
69,111070.16,0.47,0.79,246170725.19,60.48
54,131935.96,0.49,0.85,270906093.36,94.34
79,102924.2,0.33,0.42,217225641.81,20.85
65,142461.9,0.36,0.49,255021229.41,72.6
52,160667.72,0.38,0.41,272583291.9,96.64
63,143012.12,0.21,0.82,258796526.43,77.77
53,111267.52,0.58,0.78,271760090.32,95.51
81,128739.59,0.4,0.69,210188111.36,11.22
45,141189.85,0.46,0.42,275017322.9,99.97
52,85920.45,0.43,0.55,272551300.06,96.6
62,131908.82,0.3,0.53,260572807.22,80.2
53,104155.1,0.49,0.7,271780475.42,95.54
67,113785.95,0.55,0.51,250793620.68,66.81
45,94207.14,0.45,0.46,275009037.85,99.96
74,138885.38,0.21,0.74,232955919.0,42.39
75,122665.92,0.28,0.58,230017619.53,38.37
37,139657.67,0.29,0.58,271818806.28,95.59
45,100076.97,0.44,0.46,275010246.47,99.96
52,155008.08,0.42,0.78,272518526.5,96.55
69,131991.74,0.55,0.68,246169695.31,60.48
59,138282.47,0.42,0.81,265167081.65,86.49
66,95766.46,0.58,0.64,252929339.92,69.73
72,137154.72,0.5,0.84,238503467.57,49.98
45,118299.51,0.41,0.84,274970040.68,99.91
74,135258.63,0.6,0.68,232912662.29,42.33
59,117091.69,0.43,0.88,265163915.57,86.48
52,176860.53,0.45,0.56,272548564.21,96.59
54,129694.26,0.38,0.64,270948520.05,94.4
44,126975.34,0.36,0.4,274980463.86,99.92
74,110246.56,0.5,0.69,232929108.75,42.35
69,98069.67,0.43,0.86,246172046.65,60.48
74,131452.49,0.61,0.78,232898621.81,42.31
52,113098.38,0.47,0.5,272553644.61,96.6
53,106385.38,0.17,0.64,271820171.32,95.6
52,128962.46,0.51,0.56,272540816.24,96.58
83,140969.13,0.33,0.69,202797703.52,1.1
49,110947.32,0.45,0.43,274213266.87,98.87
48,117430.86,0.48,0.82,274514926.43,99.29
72,111723.19,0.43,0.53,238554832.7,50.05
43,94220.15,0.51,0.52,274796890.1,99.67
43,85333.36,0.42,0.77,274784389.63,99.65
53,111926.29,0.4,0.6,271799965.63,95.57
57,130306.26,0.57,0.42,267801449.01,90.09
48,106876.0,0.45,0.62,274542167.18,99.32
50,88823.71,0.59,0.47,273744533.18,98.23
43,99330.85,0.43,0.86,274771261.3,99.64
68,156638.28,0.32,0.69,248549056.85,63.74
57,123378.28,0.42,0.52,267807098.16,90.1
42,152789.59,0.35,0.69,274544736.66,99.33
75,95535.69,0.46,0.45,230008903.48,38.36
45,99671.37,0.29,0.85,274986001.24,99.93
60,104585.83,0.43,0.88,263717398.62,84.5
64,133153.2,0.5,0.83,256906459.14,75.18
46,100280.04,0.37,0.59,274954255.36,99.89
70,165003.3,0.33,0.58,243763771.33,57.19
77,154259.23,0.45,0.48,223810679.48,29.87
61,103882.89,0.44,0.73,262183398.69,82.4
49,147359.02,0.38,0.67,274192888.28,98.84
66,117663.98,0.49,0.67,252930909.99,69.74
67,111980.67,0.37,0.79,250782136.59,66.79
79,173679.05,0.4,0.47,217221962.95,20.85
75,103766.87,0.42,0.42,230016656.83,38.37
78,118291.67,0.35,0.47,220571222.2,25.43
65,114620.89,0.51,0.44,255005443.42,72.58
55,164158.17,0.47,0.38,270024475.23,93.14
43,150470.46,0.35,0.58,274811061.47,99.69
67,120107.59,0.33,0.59,250809707.51,66.83
54,139994.03,0.48,0.5,270954018.26,94.41
55,109522.67,0.4,0.82,269976129.41,93.07
61,107544.41,0.48,0.5,262202194.01,82.43
66,132307.09,0.27,0.81,252938989.15,69.75
53,100427.14,0.26,0.54,271819984.22,95.6
69,127787.25,0.5,0.65,246181117.33,60.5
43,94040.65,0.25,0.88,274787885.14,99.66
58,150518.26,0.53,0.4,266560518.73,88.4
47,104878.43,0.33,0.66,274800902.77,99.68
62,113370.39,0.48,0.83,260515287.05,80.12
36,85088.96,0.48,0.68,270935838.83,94.39
45,105736.13,0.39,0.54,275007978.11,99.96
68,132842.84,0.31,0.62,248559393.36,63.75
42,92761.23,0.26,0.73,274550486.32,99.33
69,91756.96,0.45,0.82,246175430.53,60.49
37,65373.93,0.4,0.42,271812011.1,95.59
55,148640.04,0.31,0.42,270040349.8,93.16
66,157176.65,0.39,0.53,252962554.75,69.78
52,108338.98,0.41,0.47,272563105.77,96.61
55,97122.9,0.47,0.56,269997082.56,93.1
68,112110.94,0.41,0.53,248557133.83,63.75
59,141757.03,0.42,0.54,265205421.19,86.54
64,138478.43,0.45,0.47,256961186.58,75.25
68,114085.55,0.52,0.9,248502037.72,63.67
48,136176.76,0.32,0.44,274582113.28,99.38
75,130201.04,0.46,0.44,230012971.39,38.36
73,140002.28,0.37,0.5,235818619.94,46.31
77,163387.11,0.22,0.86,223786252.75,29.84
73,116965.22,0.47,0.79,235769346.06,46.24
37,88729.12,0.38,0.83,271781874.23,95.54
63,156362.89,0.56,0.46,258797557.09,77.77
45,89595.81,0.54,0.89,274962050.91,99.9
61,127686.71,0.29,0.6,262213052.57,82.44
52,111138.03,0.32,0.53,272566154.6,96.62
40,91098.39,0.36,0.7,273744406.69,98.23
64,113423.21,0.47,0.82,256916316.4,75.19
43,90386.99,0.45,0.8,274777286.79,99.64
79,132361.98,0.5,0.8,217159384.44,20.76
43,87792.25,0.42,0.89,274773463.98,99.64
62,105603.31,0.43,0.6,260547380.91,80.16
79,114272.13,0.43,0.58,217198605.76,20.82
77,105331.7,0.5,0.41,223809423.89,29.87
48,100091.87,0.38,0.8,274532251.93,99.31
51,112446.99,0.54,0.5,273194756.59,97.48
54,106524.02,0.33,0.85,270930875.08,94.38
59,127770.14,0.42,0.51,265208466.35,86.54
63,136121.07,0.49,0.54,258795143.34,77.76
55,109366.88,0.56,0.36,270008975.36,93.12
45,97019.44,0.43,0.61,274996981.27,99.95
40,88183.13,0.34,0.81,273736068.21,98.22
54,85804.96,0.46,0.41,270961294.22,94.42
38,80685.64,0.33,0.59,272557008.82,96.6
35,72400.8,0.35,0.45,270014491.77,93.12
81,130662.76,0.48,0.61,210188130.9,11.22
67,127668.36,0.3,0.51,250824958.4,66.85
75,140957.88,0.36,0.51,230019425.45,38.37
65,120329.13,0.35,0.86,254974609.31,72.53
69,113960.54,0.44,0.65,246190662.25,60.51
42,111217.59,0.39,0.56,274555722.87,99.34
79,116756.92,0.34,0.65,217201166.43,20.82
67,97875.2,0.43,0.44,250813088.59,66.84
68,130812.41,0.4,0.58,248551798.35,63.74
41,95033.9,0.45,0.73,274183217.08,98.83
50,113318.24,0.31,0.52,273769048.38,98.26
41,142337.32,0.43,0.74,274176667.77,98.82
47,110792.0,0.25,0.65,274810408.47,99.69
67,109681.73,0.65,0.81,250749851.85,66.75
71,125280.21,0.37,0.83,241176034.24,53.64
50,95322.27,0.49,0.47,273753995.84,98.24
64,113587.69,0.34,0.54,256963629.18,75.26
57,142723.97,0.23,0.56,267829657.99,90.13
76,94550.94,0.57,0.45,226947971.36,34.16
57,133838.24,0.45,0.79,267767575.45,90.05
49,90500.39,0.44,0.79,274179942.98,98.83
44,103154.68,0.49,0.62,274938753.85,99.87
49,99692.12,0.44,0.64,274192654.64,98.84
72,143693.4,0.44,0.47,238561920.25,50.06
73,131022.06,0.32,0.65,235805040.02,46.29
68,127391.91,0.45,0.73,248526999.93,63.71
79,129491.03,0.42,0.71,217183011.57,20.8
69,104860.35,0.39,0.52,246208905.02,60.53
52,113116.1,0.53,0.73,272520155.18,96.55
66,103856.39,0.24,0.58,252967884.42,69.79
49,128816.93,0.39,0.71,274187101.02,98.84
60,90943.12,0.42,0.7,263739192.5,84.53
72,139852.48,0.52,0.6,238533791.81,50.03
80,118715.91,0.25,0.72,213752867.18,16.1
73,127298.45,0.43,0.84,235765325.42,46.24
66,125795.65,0.57,0.42,252951927.06,69.76
57,120099.35,0.29,0.9,267777753.65,90.06
64,128870.41,0.44,0.66,256936775.5,75.22
58,124822.61,0.44,0.73,266528894.78,88.35
40,134389.23,0.45,0.8,273715768.63,98.19
69,116846.96,0.55,0.63,246179946.56,60.49
44,123551.39,0.56,0.77,274908639.0,99.82
45,95039.3,0.42,0.5,275007340.68,99.96
52,117339.22,0.48,0.49,272554418.1,96.6
48,86577.62,0.53,0.74,274527292.0,99.3
50,107411.62,0.48,0.86,273713782.52,98.19
56,146425.88,0.5,0.89,268892211.55,91.59
57,110181.45,0.36,0.72,267791234.08,90.08
40,89078.62,0.37,0.66,273747399.51,98.23
75,105621.39,0.39,0.56,230005362.54,38.35
43,138984.54,0.27,0.91,274775076.41,99.64
39,97490.76,0.34,0.56,273209568.63,97.5
49,93102.58,0.54,0.8,274168120.01,98.81
46,109281.14,0.41,0.7,274937765.09,99.86
60,135240.7,0.5,0.71,263721638.23,84.51
52,119082.62,0.46,0.6,272543327.58,96.59
71,96963.29,0.48,0.87,241165555.34,53.63
47,115441.8,0.43,0.7,274784767.2,99.65
56,111503.47,0.49,0.88,268907882.37,91.61
46,136985.01,0.4,0.39,274978365.95,99.92
41,154789.78,0.52,0.7,274165812.02,98.81
76,124364.47,0.39,0.74,226934129.75,34.15
40,146221.14,0.35,0.78,273729910.29,98.21
61,93877.45,0.42,0.83,262176746.45,82.39
44,94952.02,0.46,0.42,274960984.29,99.9
68,145869.85,0.37,0.39,248584424.72,63.79
44,99047.35,0.42,0.69,274938594.52,99.87
69,124334.86,0.34,0.41,246231003.26,60.56
67,129090.69,0.23,0.9,250784248.75,66.8
74,110954.83,0.5,0.47,232953623.05,42.39
58,135135.87,0.44,0.68,266532950.43,88.36
63,116353.39,0.45,0.43,258813668.21,77.79
40,79779.04,0.51,0.71,273731777.94,98.21
58,100593.77,0.4,0.59,266550451.64,88.38
63,91145.79,0.42,0.41,258814871.49,77.79
55,102877.75,0.47,0.55,269997549.31,93.1
63,130247.12,0.56,0.62,258777233.75,77.74
43,81945.87,0.39,0.91,274775570.82,99.64
35,127984.9,0.56,0.46,269997319.42,93.1
47,118520.5,0.51,0.65,274780145.15,99.65
79,114431.55,0.46,0.91,217157121.59,20.76
54,116027.63,0.54,0.78,270912950.6,94.35
67,120919.59,0.39,0.88,250767739.61,66.77
67,134074.67,0.58,0.89,250736971.02,66.73
50,119755.56,0.54,0.64,273727968.33,98.21
59,189355.05,0.33,0.74,265188094.82,86.52
60,193808.28,0.48,0.51,263750401.78,84.55
49,117805.18,0.45,0.62,274192533.32,98.84
60,108358.07,0.44,0.76,263728030.45,84.52
55,117842.83,0.39,0.6,270001091.62,93.11
70,154373.09,0.36,0.78,243728537.23,57.14
53,140422.55,0.39,0.74,271781841.12,95.54
61,135915.39,0.55,0.53,262189430.5,82.41
72,134662.25,0.33,0.81,238531431.79,50.02
38,88315.41,0.38,0.63,272549244.7,96.59
41,127801.7,0.3,0.52,274222718.48,98.89
68,166727.25,0.29,0.79,248536174.88,63.72
50,121282.36,0.42,0.6,273748085.11,98.24
60,85553.82,0.49,0.76,263728560.85,84.52
47,121507.43,0.62,0.64,274768672.41,99.63
60,109284.39,0.48,0.58,263743634.9,84.54
67,119722.46,0.45,0.78,250772202.55,66.78
56,144469.83,0.53,0.72,268913785.58,91.62
53,123427.16,0.49,0.58,271791764.25,95.56
60,104887.07,0.51,0.46,263752740.3,84.55
44,95884.1,0.46,0.86,274918839.31,99.84
64,106497.34,0.48,0.37,256965626.42,75.26
54,135943.99,0.5,0.81,270907914.41,94.35
48,116888.71,0.45,0.58,274547240.53,99.33
41,145731.89,0.44,0.73,274175702.11,98.82
64,134463.79,0.34,0.85,256924197.81,75.2
54,111559.65,0.4,0.51,270960320.69,94.42
76,119954.78,0.42,0.68,226937071.83,34.15
75,149467.15,0.36,0.79,229977954.62,38.31
56,116605.24,0.29,0.76,268943859.71,91.66
60,151027.57,0.32,0.67,263750329.89,84.55
71,96192.53,0.44,0.77,241179842.23,53.65
66,112328.77,0.51,0.8,252916008.58,69.72
46,134618.88,0.51,0.85,274901666.63,99.81
72,131631.05,0.36,0.77,238532777.34,50.02
57,138381.96,0.43,0.61,267794892.34,90.09
80,112928.39,0.55,0.93,213695617.44,16.02
63,144600.91,0.27,0.63,258814700.21,77.79
60,132144.22,0.47,0.41,263765510.92,84.57
66,108810.03,0.45,0.54,252951272.4,69.76
56,112678.27,0.3,0.46,268976993.13,91.7
50,160226.24,0.49,0.48,273755793.88,98.25
59,106158.81,0.51,0.52,265197167.78,86.53
66,146867.42,0.3,0.39,252995084.21,69.82
44,92000.24,0.36,0.74,274941047.16,99.87
48,114560.29,0.33,0.45,274575563.03,99.37
39,120889.92,0.3,0.46,273228672.74,97.52
74,143069.49,0.38,0.45,232973774.29,42.41
56,108865.39,0.42,0.44,268965099.08,91.69
71,102966.64,0.37,0.57,241206361.03,53.68
60,137451.18,0.49,0.68,263727584.23,84.52
72,163276.06,0.46,0.94,238485037.58,49.96
44,110438.86,0.35,0.84,274928476.72,99.85
74,76176.06,0.3,0.8,232942219.58,42.37
60,124486.82,0.45,0.48,263759055.13,84.56
75,144719.65,0.4,0.5,230015238.18,38.36
72,107721.3,0.43,0.43,238564408.91,50.07
48,135066.4,0.25,0.8,274542523.18,99.32
59,104085.1,0.6,0.44,265195670.43,86.53
73,135654.24,0.51,0.65,235778976.19,46.25
39,147678.85,0.4,0.48,273217520.94,97.51
78,100837.05,0.37,0.53,220559992.37,25.42
66,118991.88,0.43,0.92,252908362.29,69.71
59,165010.82,0.4,0.77,265173547.14,86.5
60,148601.98,0.46,0.74,263719814.56,84.51
41,90428.34,0.52,0.66,274184613.4,98.83
47,135990.21,0.43,0.87,274759373.55,99.62
44,111299.91,0.53,0.7,274925145.9,99.85
65,87656.65,0.51,0.86,254967732.49,72.52
48,118673.24,0.51,0.56,274542607.09,99.32
69,102735.68,0.47,0.69,246183241.27,60.5
67,116139.18,0.32,0.79,250786806.22,66.8
61,142203.98,0.42,0.59,262199039.96,82.42
44,105877.42,0.51,0.81,274916125.01,99.83
44,102224.54,0.3,0.93,274926858.67,99.85
73,144772.61,0.52,0.65,235775848.75,46.25
81,152502.62,0.55,0.57,210181469.5,11.21
76,115097.25,0.44,0.65,226939029.77,34.15
78,135498.48,0.53,0.82,220502131.38,25.34
58,125342.64,0.29,0.69,266553220.68,88.39
70,110229.59,0.49,0.42,243759016.11,57.18
45,108465.25,0.5,0.67,274981739.45,99.92
39,96353.69,0.47,0.36,273216609.37,97.51
61,132888.25,0.56,0.76,262157024.86,82.37
63,112248.46,0.28,0.62,258811716.76,77.79
47,138874.37,0.57,0.64,274770239.77,99.63
37,100266.36,0.33,0.84,271782492.33,95.54
53,157342.92,0.34,0.43,271836149.71,95.62
42,84923.8,0.44,0.52,274553105.79,99.34
63,124928.02,0.47,0.62,258789045.09,77.76
72,121938.82,0.36,0.48,238570021.13,50.08
37,94548.3,0.33,0.59,271807797.16,95.58
56,141370.61,0.4,0.87,268911389.55,91.61
51,123230.15,0.49,0.84,273159936.23,97.43
47,109611.24,0.55,0.85,274756084.36,99.62
62,127133.78,0.52,0.87,260500873.06,80.1
38,103342.47,0.47,0.56,272546953.23,96.59
46,116344.59,0.59,0.57,274930498.75,99.85
62,107613.49,0.38,0.52,260561772.73,80.18
39,87611.82,0.57,0.76,273170709.74,97.45
60,133754.22,0.32,0.69,263748961.61,84.55
62,133321.84,0.46,0.48,260557586.12,80.18
69,189947.49,0.43,0.61,246191225.95,60.51
56,143079.81,0.34,0.68,268948145.14,91.66
53,104190.88,0.49,0.67,271783357.15,95.55
35,106930.02,0.42,0.85,269971028.94,93.06
63,163690.43,0.5,0.63,258778953.1,77.74
50,124258.34,0.37,0.86,273721921.9,98.2
79,117266.83,0.45,0.64,217189777.48,20.81
74,111371.24,0.46,0.77,232924540.91,42.35
52,81986.18,0.5,0.86,272521199.79,96.56
77,117366.52,0.32,0.84,223781379.49,29.83
47,137950.64,0.48,0.49,274803891.01,99.68
44,157086.18,0.38,0.47,274973295.02,99.91
68,111590.81,0.29,0.65,248556708.41,63.75
42,185487.29,0.3,0.57,274573257.85,99.37
43,91808.99,0.54,0.7,274778171.4,99.65
38,124650.23,0.46,0.89,272505730.98,96.53
56,136898.42,0.49,0.41,268963833.17,91.69
51,106846.73,0.53,0.66,273179566.49,97.46
42,86080.12,0.59,0.56,274537217.66,99.32
50,136744.36,0.37,0.86,273718312.36,98.19
77,122647.07,0.55,0.92,223742917.77,29.78
43,110767.87,0.29,0.65,274806865.8,99.69
55,118186.26,0.49,0.47,270005073.99,93.11
36,142914.03,0.4,0.8,270920383.19,94.36
76,133713.61,0.31,0.73,226943426.27,34.16
50,106123.42,0.53,0.56,273740065.86,98.22
55,138589.57,0.52,0.88,269945589.74,93.03
43,113697.42,0.31,0.89,274777601.02,99.65
44,125921.95,0.47,0.68,274931797.47,99.86
49,146944.66,0.46,0.68,274179935.59,98.83
57,163873.89,0.39,0.56,267808138.97,90.1
80,115215.06,0.46,0.65,213736471.31,16.08
77,117888.02,0.37,0.61,223802182.65,29.86
71,116840.12,0.53,0.56,241189337.17,53.66
73,147359.62,0.39,0.39,235832263.01,46.33
45,91205.24,0.48,0.54,274998827.73,99.95
53,121235.23,0.41,0.47,271813884.59,95.59
46,104438.03,0.4,0.68,274941764.55,99.87
49,109220.01,0.41,0.76,274180760.04,98.83
68,177683.54,0.52,0.7,248512402.55,63.69
46,187502.49,0.54,0.56,274932425.7,99.86
77,127295.28,0.44,0.62,223793419.25,29.85
70,102528.24,0.41,0.83,243724697.52,57.13
40,89115.1,0.27,0.61,273759904.23,98.25
73,114362.9,0.35,0.84,235778381.09,46.25
62,145898.34,0.45,0.59,260544477.19,80.16
68,109677.65,0.31,0.72,248546144.63,63.73
44,103595.59,0.46,0.42,274962805.51,99.9
48,152947.51,0.49,0.76,274511672.61,99.28
83,134707.23,0.44,0.85,202761615.55,1.05
70,119711.38,0.45,0.87,243710903.81,57.11
50,110893.01,0.58,0.85,273702271.6,98.17
63,154424.86,0.49,0.56,258793273.73,77.76
68,119481.96,0.26,0.75,248548444.3,63.74
63,108993.95,0.53,0.66,258779593.74,77.74
70,104484.05,0.49,0.66,243734198.23,57.15
44,116342.56,0.25,0.48,274981828.66,99.92
58,100601.47,0.46,0.84,266519270.46,88.34
50,158655.92,0.59,0.89,273673671.82,98.13
60,160972.39,0.48,0.6,263737940.5,84.53
39,102825.41,0.53,0.53,273194271.68,97.48
65,91125.99,0.43,0.47,255009140.74,72.58
65,111947.32,0.62,0.74,254959869.8,72.51
56,113910.64,0.32,0.58,268960773.85,91.68
82,138680.27,0.43,0.86,206510617.59,6.19
49,103631.11,0.44,0.7,274185527.12,98.83
80,115282.49,0.4,0.7,213738455.22,16.08
76,159319.78,0.41,0.66,226938668.17,34.15
47,86273.55,0.36,0.35,274824235.41,99.71
65,115301.41,0.35,0.9,254970958.77,72.53
80,114058.64,0.47,0.71,213728472.14,16.07
70,174755.89,0.31,0.88,243715834.53,57.12
57,148382.33,0.31,0.7,267799056.65,90.09
53,124114.92,0.48,0.77,271769531.78,95.53
72,112563.59,0.45,0.39,238568439.48,50.07
58,102350.21,0.35,0.74,266540629.03,88.37
55,120485.45,0.62,0.82,269946536.07,93.03
73,131417.06,0.38,0.79,235778852.08,46.25
39,124984.35,0.37,0.79,273180373.97,97.46
53,177084.18,0.35,0.51,271824247.5,95.6
82,128672.08,0.4,0.85,206518022.59,6.2
78,89368.65,0.51,0.9,220512867.84,25.35
75,102113.77,0.51,0.41,230008161.55,38.35
45,121506.54,0.5,0.87,274955512.07,99.89
48,93919.83,0.45,0.54,274550846.62,99.33
44,104346.95,0.34,0.76,274940127.79,99.87
49,134981.2,0.39,0.59,274202553.26,98.86
50,96100.69,0.4,0.85,273725822.32,98.21
54,106134.34,0.49,0.46,270956193.98,94.41
66,132665.28,0.55,0.68,252919698.0,69.72
72,122398.74,0.28,0.58,238568194.73,50.07
65,148965.97,0.45,0.61,254990285.45,72.56
73,125015.1,0.26,0.69,235806072.58,46.29
64,116048.77,0.4,0.52,256958940.05,75.25
72,119712.06,0.41,0.73,238533232.69,50.03
66,160050.88,0.35,0.89,252912451.12,69.71
78,131399.65,0.46,0.79,220516420.07,25.36
69,153444.01,0.23,0.79,246196540.98,60.52
78,125443.7,0.41,0.6,220549104.67,25.4
66,146644.74,0.49,0.58,252939702.36,69.75
75,114801.55,0.53,0.68,229975577.86,38.31
43,110141.89,0.47,0.41,274812964.57,99.69
62,128033.56,0.37,0.85,260522249.94,80.13
40,143955.23,0.55,0.5,273742372.82,98.23
50,100015.37,0.45,0.86,273719092.21,98.2
40,79510.51,0.4,0.42,273764458.28,98.26
52,110920.41,0.48,0.82,272516748.03,96.55
75,151664.53,0.3,0.43,230041275.7,38.4
71,138284.57,0.45,0.42,241217778.63,53.7
51,92588.05,0.32,0.78,273190614.41,97.47
64,115419.1,0.46,0.53,256950223.82,75.24
77,93464.82,0.44,0.78,223779709.24,29.83
58,103343.1,0.39,0.7,266540164.26,88.37
49,86648.95,0.37,0.46,274214856.29,98.87
68,99464.21,0.52,0.92,248505712.92,63.68
42,113091.23,0.48,0.67,274533484.94,99.31
47,108139.89,0.4,0.79,274779913.47,99.65
69,161207.53,0.36,0.66,246196572.88,60.52
42,85950.97,0.51,0.69,274532701.09,99.31
51,114430.98,0.24,0.53,273226219.97,97.52
41,98091.86,0.44,0.52,274203446.56,98.86
65,102007.79,0.39,0.66,254994946.49,72.56
73,141461.96,0.46,0.59,235793482.75,46.27
77,131253.17,0.4,0.58,223803627.17,29.86
77,118303.27,0.34,0.72,223793125.97,29.85
65,112309.64,0.43,0.8,254973608.97,72.53
68,122265.11,0.49,0.45,248557778.84,63.75
47,94128.72,0.43,0.57,274799617.86,99.68
55,115303.95,0.51,0.62,269984680.06,93.08
46,107461.78,0.54,0.47,274949776.16,99.88
43,102459.82,0.56,0.49,274794448.64,99.67
77,120131.2,0.39,0.39,223825863.96,29.89
74,149677.68,0.55,0.93,232877857.94,42.28
40,111141.8,0.32,0.73,273744567.48,98.23
49,90935.45,0.41,0.44,274213395.79,98.87
58,114990.9,0.55,0.39,266557592.21,88.39
66,159963.91,0.31,0.77,252938009.35,69.75
50,139792.78,0.34,0.61,273756727.78,98.25
63,135271.15,0.37,0.81,258776138.13,77.74
46,122972.52,0.47,0.79,274917524.78,99.84
76,122346.25,0.49,0.73,226922808.38,34.13
53,116159.87,0.44,0.51,271805972.46,95.58
58,121437.14,0.56,0.82,266503221.24,88.32
70,116100.7,0.44,0.91,243709652.31,57.11
78,154612.5,0.42,0.7,220531748.35,25.38
46,101076.49,0.63,0.72,274915070.58,99.83
71,156900.91,0.28,0.58,241220949.24,53.7
42,102299.2,0.32,0.6,274557791.34,99.34
41,120453.54,0.2,0.8,274200011.67,98.85
78,97731.28,0.36,0.88,220527047.77,25.37
45,122045.55,0.25,0.71,275004676.61,99.96
64,156905.35,0.36,0.8,256924350.0,75.2
65,101467.7,0.4,0.51,255009285.64,72.58
47,162608.81,0.41,0.54,274807612.89,99.69
71,108216.34,0.48,0.72,241178338.86,53.65
48,135458.37,0.52,0.51,274545649.29,99.33
79,120474.13,0.5,0.74,217172158.45,20.78
76,103886.08,0.36,0.54,226959775.14,34.18
63,107050.11,0.41,0.79,258778454.29,77.74
48,137279.75,0.54,0.78,274506227.63,99.27
63,129364.06,0.33,0.53,258818037.85,77.8
39,84812.65,0.4,0.46,273211159.07,97.5
79,121333.63,0.29,0.71,217199365.34,20.82
61,114470.18,0.59,0.89,262145155.49,82.35
61,170799.2,0.36,0.72,262186014.99,82.41
71,127407.22,0.34,0.4,241233741.05,53.72
60,160247.59,0.51,0.39,263766101.13,84.57
43,68179.39,0.45,0.5,274803684.37,99.68
75,123317.36,0.36,0.51,230015514.25,38.36
55,102584.23,0.52,0.78,269969339.51,93.06
63,111566.53,0.55,0.8,258761623.7,77.72
49,130909.03,0.3,0.55,274219997.34,98.88
43,98223.14,0.34,0.53,274812956.38,99.69
46,93578.69,0.3,0.53,274965951.4,99.9
68,126478.47,0.38,0.81,248524879.33,63.7
74,105031.04,0.42,0.65,232943170.56,42.37
71,144764.37,0.28,0.71,241201425.11,53.68
61,125542.64,0.32,0.6,262209375.51,82.44
68,165014.21,0.26,0.77,248546239.23,63.73
52,118823.83,0.49,0.54,272545983.73,96.59
73,114161.43,0.36,0.61,235803112.46,46.29
36,132344.31,0.27,0.69,270954505.09,94.41
48,94085.28,0.35,0.73,274542738.84,99.32
59,93794.48,0.51,0.58,265191274.46,86.52
60,130701.85,0.36,0.48,263770859.24,84.58
72,136952.19,0.46,0.54,238550218.7,50.05
69,94735.19,0.31,0.62,246206364.79,60.53
57,152506.81,0.28,0.79,267789428.38,90.08
59,124750.61,0.39,0.86,265168438.87,86.49
66,131078.22,0.45,0.42,252967769.84,69.79
41,104608.55,0.58,0.51,274190538.43,98.84
44,125059.63,0.52,0.52,274945670.83,99.88
57,103474.29,0.41,0.65,267793772.59,90.08
72,137263.96,0.57,0.62,238523423.95,50.01
64,152979.88,0.41,0.75,256925133.01,75.2
61,115910.42,0.41,0.49,262212177.23,82.44
62,120346.04,0.48,0.77,260520219.89,80.13
69,80533.68,0.51,0.84,246171817.23,60.48
58,129704.07,0.51,0.96,266489889.78,88.3
42,77379.77,0.27,0.89,274537085.23,99.32
57,112365.15,0.3,0.81,267787246.35,90.08
58,142151.02,0.53,0.84,266497256.06,88.31
75,91843.3,0.5,0.5,229999913.54,38.34
55,128184.16,0.48,0.49,270003490.69,93.11
62,124177.52,0.26,0.38,260595833.14,80.23
70,124322.81,0.47,0.72,243725676.61,57.13
79,100842.21,0.27,0.92,217181183.97,20.79
49,112374.66,0.53,0.51,274195386.8,98.85
39,96524.65,0.42,0.76,273182376.33,97.46
65,125798.87,0.53,0.8,254958383.35,72.51
54,115430.93,0.51,0.84,270909956.66,94.35
65,136044.63,0.31,0.67,255002669.64,72.57
60,102023.15,0.46,0.88,263715237.39,84.5
58,102111.81,0.36,0.57,266557220.52,88.39
71,125049.7,0.26,0.6,241217297.83,53.7
65,182856.13,0.53,0.67,254963539.57,72.52
65,116077.99,0.4,0.68,254990687.41,72.56
71,136828.87,0.35,0.39,241236810.93,53.73
69,100891.84,0.42,0.79,246178635.44,60.49
56,227457.3,0.36,0.76,268921810.37,91.63
74,138279.74,0.55,0.78,232903895.63,42.32
60,121816.02,0.37,0.57,263757453.14,84.56
57,127694.04,0.62,0.65,267765688.87,90.05
41,113622.32,0.53,0.56,274189838.94,98.84
52,125658.9,0.26,0.41,272591462.03,96.65
40,99613.46,0.38,0.71,273741550.39,98.23
69,122051.13,0.6,0.43,246196386.3,60.52
66,131964.64,0.38,0.44,252974061.19,69.8
75,109008.07,0.33,0.79,229986056.32,38.32
45,98081.02,0.38,0.42,275019993.36,99.98
34,88601.04,0.43,0.94,268917294.32,91.62
44,118961.66,0.54,0.68,274924023.61,99.85
68,114741.48,0.29,0.88,248530797.64,63.71
80,76568.53,0.33,0.41,213769441.24,16.12
45,101796.3,0.54,0.67,274978115.99,99.92
70,128375.97,0.5,0.55,243743300.14,57.16
50,120769.43,0.41,0.83,273721351.93,98.2
51,63375.08,0.59,0.59,273188021.76,97.47
61,127742.97,0.47,0.55,262196400.22,82.42
70,120402.76,0.54,0.85,243703248.36,57.1
66,126948.95,0.46,0.63,252938760.63,69.75
63,105965.17,0.36,0.39,258826229.14,77.81
62,127732.41,0.46,0.65,260535853.71,80.15
65,116577.38,0.35,0.71,254993462.62,72.56
46,116330.46,0.51,0.54,274943551.26,99.87
71,147937.41,0.34,0.61,241206774.61,53.69
49,102212.62,0.5,0.43,274206830.47,98.86
42,100081.38,0.54,0.71,274524754.57,99.3
38,106525.25,0.41,0.74,272534950.85,96.57
62,111136.53,0.54,0.59,260535500.32,80.15
62,146344.34,0.35,0.63,260552305.86,80.17
50,131024.91,0.56,0.44,273749313.64,98.24
78,200250.77,0.47,0.49,220558132.83,25.42
37,165718.44,0.48,0.45,271812770.61,95.59
73,110134.27,0.48,0.63,235787864.81,46.27
67,130595.5,0.4,0.68,250788830.16,66.8
44,199642.14,0.29,0.85,274922179.8,99.84
68,134544.35,0.52,0.48,248549930.63,63.74
75,132012.4,0.45,0.73,229975332.44,38.31
69,91712.11,0.5,0.65,246186372.21,60.5
62,144442.86,0.52,0.64,260527358.3,80.14
53,152717.3,0.31,0.76,271789745.8,95.55
74,153264.04,0.43,0.47,232965782.12,42.4
49,101034.91,0.36,0.39,274226182.24,98.89
44,96369.74,0.44,0.7,274937011.68,99.86
73,109624.14,0.55,0.57,235786567.02,46.27
62,114594.13,0.45,0.42,260564906.6,80.19
47,102473.66,0.35,0.58,274806499.85,99.68
65,140258.07,0.32,0.55,255017925.69,72.59
56,159874.3,0.54,0.65,268920234.34,91.63
49,110637.67,0.52,0.47,274201842.97,98.86
43,153547.6,0.51,0.63,274778464.67,99.65
43,143724.08,0.33,0.64,274805069.3,99.68
73,99313.95,0.43,0.66,235791275.99,46.27
65,119610.37,0.49,0.87,254956462.81,72.51
58,120503.06,0.45,0.45,266561156.68,88.4
60,99031.9,0.43,0.89,263718147.78,84.5
57,137358.37,0.3,0.7,267800637.58,90.09
69,94312.69,0.45,0.8,246175787.89,60.49
67,134731.62,0.53,0.6,250783039.93,66.8
56,118752.03,0.44,0.63,268942377.2,91.66
40,107400.03,0.48,0.85,273714388.26,98.19
41,105379.79,0.43,0.81,274174841.91,98.82
43,90323.37,0.32,0.52,274813954.93,99.69
57,178884.91,0.47,0.54,267797980.58,90.09
45,114120.42,0.41,0.66,274991298.84,99.94
38,77424.44,0.43,0.89,272525149.51,96.56
45,71597.24,0.3,0.57,275009014.61,99.96
60,93650.22,0.42,0.7,263738105.86,84.53
54,87170.78,0.36,0.77,270938794.64,94.39
56,135280.57,0.34,0.76,268937651.38,91.65
39,126175.94,0.45,0.67,273184842.93,97.46
76,101087.84,0.36,0.59,226955443.47,34.17
80,130929.48,0.56,0.86,213694425.73,16.02
72,115407.85,0.4,0.78,238528807.4,50.02
43,98627.59,0.45,0.76,274779736.6,99.65
67,141809.98,0.33,0.62,250805864.93,66.83
72,152310.05,0.4,0.74,238529539.71,50.02
55,123622.66,0.26,0.51,270029077.44,93.14
57,91533.28,0.56,0.51,267793779.37,90.08
50,114476.91,0.41,0.76,273730363.92,98.21
48,127001.61,0.51,0.65,274529124.46,99.3
71,137589.7,0.38,0.73,241184526.73,53.65
65,109505.49,0.36,0.55,255010279.63,72.58
65,116788.42,0.5,0.71,254975398.34,72.54
54,121395.06,0.3,0.64,270956810.51,94.41
58,113200.36,0.43,0.75,266530718.09,88.35
55,99585.3,0.36,0.54,270010763.73,93.12
42,116516.22,0.53,0.79,274512282.62,99.28
80,116320.8,0.44,0.84,213717140.83,16.05
35,104646.44,0.39,0.57,270004479.65,93.11
65,106139.47,0.54,0.5,254995954.47,72.56
72,111227.03,0.49,0.78,238519955.9,50.01
46,144648.28,0.44,0.73,274925251.88,99.85
62,114281.42,0.52,0.69,260525339.0,80.13
42,81337.36,0.61,0.79,274517086.75,99.29
67,127218.11,0.51,0.62,250784257.43,66.8
62,130700.77,0.37,0.62,260551797.08,80.17
75,121535.83,0.51,0.52,229996937.35,38.34
56,115867.79,0.38,0.49,268965176.39,91.69
79,105035.89,0.46,0.75,217178734.64,20.79
53,149801.6,0.47,0.43,271814444.09,95.59
41,88118.38,0.49,0.87,274168417.07,98.81
51,112176.51,0.61,0.81,273152694.24,97.42
56,120416.19,0.28,0.79,268941747.5,91.66
70,94874.97,0.2,0.85,243745030.77,57.16
75,132074.75,0.49,0.55,229995648.72,38.34
79,163235.82,0.32,0.88,217167958.9,20.78
74,108344.32,0.48,0.48,232955007.8,42.39
50,113935.33,0.28,0.38,273789552.42,98.29
73,90283.09,0.4,0.81,235781438.78,46.26
58,119040.56,0.54,0.42,266555053.7,88.39
71,157415.72,0.43,0.89,241149602.05,53.61
48,111564.83,0.37,0.75,274536384.16,99.31
57,117046.09,0.3,0.75,267794790.78,90.09
57,123967.36,0.59,0.58,267779484.05,90.06
62,127785.33,0.48,0.8,260513800.69,80.12
61,116609.51,0.36,0.4,262228000.68,82.46
67,110284.21,0.29,0.79,250791875.38,66.81
39,101450.22,0.5,0.46,273203920.26,97.49
61,158848.7,0.31,0.74,262192586.17,82.42
77,117352.3,0.33,0.54,223814873.85,29.88
76,114100.46,0.37,0.41,226973861.34,34.2
45,107944.9,0.34,0.61,275005805.37,99.96
46,121800.3,0.52,0.48,274949087.07,99.88
46,120256.68,0.41,0.72,274934670.9,99.86
55,98516.5,0.46,0.55,269998374.58,93.1
66,111932.63,0.31,0.59,252961085.23,69.78
59,95019.12,0.38,0.66,265196516.23,86.53
62,122163.89,0.54,0.53,260541481.64,80.16
35,116664.54,0.39,0.6,270001039.55,93.11
41,126302.9,0.47,0.78,274168815.95,98.81
76,130025.47,0.4,0.47,226966957.49,34.19
67,118233.24,0.44,0.43,250815212.72,66.84
67,106207.01,0.51,0.52,250796656.67,66.81
54,128953.41,0.4,0.6,270950880.02,94.41
52,117079.07,0.46,0.64,272538464.98,96.58
75,142567.53,0.47,0.63,229986078.91,38.32
49,142810.36,0.32,0.78,274185760.45,98.83
78,162550.07,0.46,0.39,220574011.52,25.44
81,122320.62,0.48,0.64,210184595.85,11.22
81,151079.97,0.4,0.57,210205053.58,11.24
70,117936.49,0.35,0.69,243745380.84,57.16
71,101086.83,0.36,0.91,241172821.67,53.64
61,150567.62,0.41,0.65,262190163.67,82.41
64,130056.7,0.47,0.92,256900338.72,75.17
44,100431.26,0.32,0.55,274962953.41,99.9
69,123831.17,0.51,0.42,246207803.11,60.53
72,124063.09,0.38,0.5,238564946.42,50.07
59,217286.81,0.45,0.58,265192633.41,86.52
60,91431.56,0.58,0.54,263738979.88,84.53
71,138767.58,0.45,0.49,241209563.63,53.69
53,139382.18,0.47,0.64,271785307.54,95.55
72,99205.15,0.36,0.57,238557341.39,50.06
47,103794.91,0.3,0.48,274822685.89,99.71
65,131669.61,0.32,0.57,255015162.54,72.59
35,81451.99,0.56,0.87,269965375.62,93.06
44,106404.74,0.46,0.52,274952926.31,99.89
50,95470.7,0.55,0.76,273720498.81,98.2
78,109486.07,0.49,0.74,220524708.16,25.37
55,123003.1,0.38,0.66,269995061.58,93.1
38,92798.6,0.46,0.5,272553193.6,96.6
60,117327.59,0.48,0.58,263742409.25,84.54
77,111824.99,0.48,0.7,223779712.57,29.83
58,146311.76,0.31,0.54,266572253.31,88.41
74,106322.0,0.45,0.5,232955567.36,42.39
71,171536.01,0.34,0.41,241242638.43,53.73
40,130419.27,0.29,0.83,273733684.33,98.22
79,136977.45,0.47,0.59,217191486.98,20.81
71,104987.8,0.47,0.72,241181043.23,53.65
74,134438.92,0.41,0.64,232943115.52,42.37
69,101797.43,0.5,0.83,246166228.13,60.48
54,132434.4,0.43,0.72,270930753.09,94.38
52,115172.18,0.38,0.64,272547701.41,96.59
79,117266.66,0.29,0.92,217175518.17,20.79
55,99982.87,0.55,0.77,269967648.13,93.06
49,125379.74,0.52,0.48,274199147.77,98.85
54,105282.27,0.42,0.46,270962619.56,94.42
56,117830.0,0.31,0.77,268941159.38,91.65
57,118939.79,0.36,0.82,267778852.16,90.06
55,123617.59,0.21,0.71,270010548.23,93.12
45,113461.53,0.51,0.67,274979871.77,99.92
65,109007.16,0.44,0.68,254987163.96,72.55
54,109347.31,0.43,0.63,270942660.14,94.39
57,127385.05,0.55,0.74,267762784.62,90.04
61,143101.12,0.38,0.43,262225902.54,82.46
74,139378.39,0.45,0.87,232904988.54,42.32
57,148287.97,0.59,0.75,267749584.87,90.02
40,87251.09,0.31,0.75,273745229.98,98.23
50,97090.37,0.59,0.56,273735540.53,98.22
65,147462.09,0.31,0.49,255029705.71,72.61
60,119185.41,0.4,0.58,263752710.89,84.55
66,173637.74,0.56,0.77,252893223.66,69.68
45,125203.1,0.56,0.73,274964034.13,99.9
54,111365.47,0.38,0.53,270960101.6,94.42
66,124710.22,0.47,0.72,252925800.16,69.73
76,105747.52,0.49,0.8,226919325.58,34.13
62,139561.38,0.46,0.41,260568114.8,80.19
67,114845.99,0.26,0.66,250809020.03,66.83
49,149217.95,0.4,0.78,274172055.78,98.82
57,114109.17,0.41,0.72,267785302.45,90.07
42,89170.79,0.41,0.73,274537416.32,99.32
55,111257.18,0.44,0.65,269990941.59,93.09
63,137239.73,0.47,0.85,258756429.27,77.71
64,138600.29,0.52,0.41,256959928.86,75.25
55,124397.34,0.44,0.64,269990409.04,93.09
61,132424.91,0.5,0.49,262200333.15,82.43
41,126613.47,0.35,0.47,274222701.0,98.89
48,108979.78,0.53,0.64,274531805.88,99.31
49,126285.74,0.51,0.45,274206176.33,98.86
40,130655.97,0.53,0.86,273699834.8,98.17
42,102996.48,0.5,0.9,274508675.75,99.28
47,114850.25,0.51,0.55,274792638.31,99.67
60,165493.0,0.53,0.75,263703758.69,84.48
64,124272.22,0.48,0.65,256934100.45,75.22
51,115187.66,0.36,0.79,273182635.59,97.46
73,128768.27,0.49,0.73,235771693.49,46.24
68,133490.5,0.43,0.38,248576014.94,63.77
72,99784.43,0.33,0.77,238540290.24,50.03
76,132306.74,0.48,0.78,226915514.0,34.12
52,116541.04,0.47,0.64,272537011.42,96.58
72,107204.45,0.45,0.83,238519779.44,50.01
56,118286.44,0.42,0.81,268922106.41,91.63
52,120002.99,0.33,0.7,272546201.51,96.59
69,114703.75,0.42,0.75,246179937.75,60.49
61,123383.9,0.24,0.91,262181945.1,82.4
71,143296.24,0.56,0.54,241184776.18,53.66
70,157916.18,0.32,0.55,243769315.05,57.19
38,105535.66,0.46,0.51,272552897.89,96.6
79,143675.49,0.29,0.88,217176031.0,20.79
80,106730.67,0.33,0.75,213741002.37,16.08
65,101741.04,0.53,0.48,254998373.21,72.57
64,104811.48,0.37,0.91,256921161.64,75.2
72,115366.65,0.4,0.8,238526276.65,50.02
54,130006.37,0.6,0.78,270900098.63,94.34
46,104787.59,0.46,0.41,274963945.04,99.9
65,121425.94,0.5,0.64,254982061.58,72.54
61,147341.68,0.32,0.74,262192514.69,82.42
58,111601.98,0.3,0.73,266546346.14,88.38
50,120002.93,0.56,0.72,273717097.54,98.19
53,140346.88,0.49,0.82,271755413.09,95.51
70,107037.23,0.42,0.59,243748287.96,57.16
52,100505.05,0.52,0.81,272516964.25,96.55
36,80954.61,0.4,0.46,270961238.67,94.42
71,111010.37,0.31,0.6,241209270.34,53.69
69,111306.91,0.59,0.41,246199870.06,60.52
63,137703.05,0.39,0.61,258800640.99,77.77
55,154687.12,0.34,0.59,270011156.65,93.12
53,123477.02,0.45,0.79,271771064.49,95.53
55,117990.41,0.4,0.73,269984532.09,93.08
68,126860.82,0.35,0.63,248552339.43,63.74
74,113242.67,0.51,0.72,232924980.11,42.35
72,98480.6,0.45,0.41,238563722.58,50.07
75,119293.88,0.51,0.5,229997962.35,38.34
64,111257.4,0.43,0.71,256934154.32,75.22
66,118035.33,0.39,0.7,252938841.24,69.75
52,122079.13,0.38,0.76,272532286.41,96.57
43,103558.05,0.38,0.61,274801403.2,99.68
65,129191.61,0.55,0.7,254967292.3,72.52
67,129010.54,0.54,0.73,250765192.41,66.77
81,121433.25,0.55,0.88,210147915.65,11.16
60,122898.41,0.45,0.56,263748245.79,84.55
44,96178.07,0.6,0.68,274923550.86,99.84
35,90609.97,0.36,0.69,269995626.69,93.1
63,119982.35,0.34,0.91,258769521.88,77.73
38,129368.13,0.29,0.48,272580230.41,96.64
51,138613.06,0.3,0.65,273206503.78,97.49
72,109966.52,0.57,0.57,238535044.1,50.03
37,96527.02,0.39,0.68,271793579.4,95.56
53,140214.02,0.32,0.5,271824877.56,95.6
72,101206.18,0.46,0.42,238562119.74,50.06
62,86682.81,0.29,0.64,260556489.28,80.18
36,97035.14,0.54,0.59,270938427.05,94.39
56,111807.2,0.45,0.48,268957937.26,91.68
42,79283.7,0.27,0.62,274558580.86,99.35
51,127583.87,0.59,0.43,273197995.24,97.48
66,169794.38,0.36,0.85,252913492.89,69.71
46,136171.37,0.46,0.66,274934032.54,99.86
48,128727.12,0.31,0.83,274532622.1,99.31
70,126755.56,0.26,0.66,243760038.29,57.18
71,144904.51,0.27,0.89,241176571.17,53.64
39,111886.2,0.31,0.6,273209031.8,97.5
77,134448.5,0.41,0.7,223785669.41,29.84
59,95979.6,0.46,0.68,265186610.91,86.51
50,110961.65,0.46,0.73,273729097.53,98.21
50,103492.06,0.37,0.71,273742010.88,98.23
75,120082.0,0.42,0.52,230006875.73,38.35
64,136824.46,0.53,0.46,256951502.55,75.24
43,100269.39,0.54,0.71,274775357.76,99.64
41,72975.44,0.5,0.67,274187591.33,98.84
45,119499.64,0.51,0.5,274999784.53,99.95
57,109817.95,0.4,0.59,267801241.29,90.09
71,131238.59,0.46,0.65,241185925.18,53.66
51,124095.59,0.41,0.79,273174624.22,97.45
76,107312.91,0.52,0.46,226951690.67,34.17
61,139409.27,0.41,0.6,262199099.13,82.42
79,123526.18,0.38,0.84,217173078.74,20.78
43,133540.5,0.58,0.73,274758165.54,99.62
47,117706.77,0.49,0.55,274794731.98,99.67
44,109490.92,0.43,0.81,274923817.85,99.85
40,121485.27,0.49,0.65,273733154.11,98.22
56,114772.03,0.27,0.68,268956906.9,91.68
45,159416.01,0.35,0.9,274960528.43,99.9
73,148617.42,0.32,0.86,235774186.53,46.25
55,114397.46,0.33,0.61,270006284.78,93.11
68,92665.02,0.32,0.45,248571127.54,63.77
56,128960.12,0.53,0.56,268938160.33,91.65
50,110165.88,0.45,0.38,273768569.94,98.26
65,134196.91,0.4,0.38,255029905.74,72.61
36,90007.14,0.28,0.6,270960423.35,94.42
70,134193.83,0.36,0.85,243721512.07,57.13
68,103350.93,0.58,0.83,248507112.91,63.68
77,107256.51,0.46,0.7,223783078.07,29.83
48,100916.82,0.5,0.68,274532569.47,99.31
63,145724.07,0.63,0.43,258792250.84,77.76
48,98369.69,0.38,0.49,274563482.73,99.35
37,94976.22,0.36,0.43,271820540.1,95.6
47,113243.49,0.44,0.75,274778601.91,99.65
74,132459.84,0.59,0.46,232943571.11,42.37
72,138077.26,0.5,0.85,238501627.58,49.98
52,127416.51,0.46,0.72,272526327.89,96.56
74,112699.56,0.59,0.54,232935545.77,42.36
39,72395.37,0.36,0.5,273209963.96,97.5
70,132883.15,0.47,0.7,243727049.56,57.14
69,111080.5,0.52,0.89,246154464.09,60.46
51,103480.26,0.37,0.77,273185354.51,97.47
44,146776.25,0.34,0.56,274964843.56,99.9
60,124305.02,0.4,0.69,263737808.56,84.53
68,112977.55,0.25,0.56,248570869.3,63.77
48,149788.11,0.44,0.91,274498647.99,99.26
43,132331.6,0.55,0.77,274757808.8,99.62
48,114037.23,0.37,0.72,274539404.25,99.32
75,168828.07,0.26,0.63,230017290.78,38.37
64,132956.39,0.36,0.72,256938839.08,75.22
38,143573.22,0.51,0.58,272537110.4,96.58
45,152479.89,0.35,0.41,275036870.32,100.0
67,146665.49,0.33,0.57,250814132.72,66.84
64,133652.56,0.36,0.84,256923457.99,75.2
52,138745.17,0.27,0.69,272556476.04,96.6
78,112292.01,0.36,0.43,220573305.79,25.44
43,118850.79,0.44,0.89,274760813.35,99.62
44,106104.11,0.54,0.57,274938443.38,99.87
66,134469.52,0.48,0.5,252952629.06,69.77
56,121479.11,0.32,0.56,268964180.95,91.69
45,100687.59,0.6,0.69,274970819.0,99.91
71,117861.17,0.4,0.68,241190730.34,53.66
53,121040.66,0.52,0.63,271780944.06,95.54
65,133899.96,0.36,0.83,254975292.5,72.54
44,149882.24,0.45,0.62,274939991.73,99.87
46,93089.71,0.52,0.78,274921810.92,99.84
54,99194.58,0.57,0.47,270945829.09,94.4
73,100665.62,0.37,0.82,235781355.27,46.26
72,140610.3,0.38,0.69,238539847.25,50.03
65,132039.57,0.45,0.77,254972322.48,72.53
39,108884.98,0.56,0.64,273178470.71,97.46
74,123459.22,0.48,0.69,232929476.6,42.35
71,117847.18,0.33,0.44,241227312.26,53.71
73,146783.38,0.35,0.81,235777025.54,46.25
68,123051.18,0.37,0.43,248573808.95,63.77
50,96317.79,0.38,0.47,273764806.5,98.26
71,130011.34,0.41,0.65,241192147.29,53.67
40,111565.59,0.46,0.76,273726004.29,98.21
66,104364.6,0.46,0.46,252958564.09,69.77
61,144236.75,0.6,0.88,262130846.38,82.33
49,165826.29,0.58,0.88,274124417.25,98.75
76,100910.88,0.49,0.71,226929720.43,34.14
67,131046.15,0.4,0.65,250793622.82,66.81
71,137483.92,0.49,0.77,241165231.2,53.63
83,131109.25,0.28,0.57,202818679.7,1.13
46,132516.3,0.47,0.62,274938610.32,99.87
58,168155.6,0.34,0.86,266515596.95,88.33
76,81559.59,0.27,0.83,226941227.57,34.16
63,128279.64,0.29,0.86,258780482.42,77.74
75,130224.58,0.21,0.57,230028297.55,38.38
46,114109.35,0.5,0.51,274948296.31,99.88
45,101867.69,0.34,0.59,275007512.76,99.96
73,124130.22,0.32,0.61,235809083.06,46.3
62,108701.66,0.3,0.53,260568909.5,80.19
44,109380.02,0.49,0.61,274938695.44,99.87
68,128138.54,0.37,0.72,248537853.63,63.72
72,109959.4,0.52,0.85,238509423.64,49.99
72,129706.65,0.51,0.74,238517642.64,50.0
73,135319.96,0.48,0.82,235759331.86,46.23
59,113782.1,0.36,0.43,265224050.51,86.57
71,101264.4,0.5,0.45,241204471.82,53.68
37,97564.71,0.3,0.81,271789863.92,95.55
56,124526.74,0.29,0.66,268956575.85,91.68
54,132367.71,0.48,0.66,270931562.84,94.38
71,117345.78,0.38,0.44,241220896.81,53.7
47,105717.07,0.44,0.54,274801947.28,99.68
79,108324.19,0.39,0.74,217185586.99,20.8
36,108453.64,0.35,0.82,270931553.46,94.38
67,106595.13,0.52,0.87,250759040.88,66.76
47,116097.09,0.37,0.6,274803033.85,99.68
60,107333.02,0.46,0.64,263739546.09,84.53
75,107541.92,0.48,0.85,229964161.02,38.29
57,141115.55,0.35,0.68,267796161.24,90.09
81,114061.49,0.3,0.67,210202531.18,11.24
65,169003.49,0.39,0.83,254962207.15,72.52
73,115943.45,0.46,0.77,235772933.51,46.25
61,169184.77,0.58,0.84,262129571.62,82.33
70,125202.01,0.56,0.52,243740427.38,57.15
47,79163.09,0.28,0.68,274803048.8,99.68
57,108911.66,0.31,0.81,267786178.77,90.07
63,134246.55,0.31,0.41,258836999.84,77.82
44,107388.7,0.37,0.81,274931123.15,99.86
49,102285.73,0.36,0.5,274214732.93,98.87
77,137925.13,0.44,0.81,223765330.97,29.81
72,117339.38,0.45,0.74,238528213.49,50.02
76,123287.37,0.51,0.52,226945898.47,34.16
65,170796.9,0.39,0.68,254987433.83,72.55
56,139755.86,0.47,0.74,268921286.0,91.63
71,177619.29,0.5,0.71,241163508.04,53.63
78,128991.14,0.52,0.64,220528744.14,25.38
62,153062.84,0.45,0.88,260499454.61,80.1
56,132670.73,0.45,0.65,268935811.11,91.65
39,154356.69,0.42,0.68,273184395.86,97.46
56,98222.83,0.52,0.43,268955163.23,91.67
74,98425.09,0.37,0.9,232923060.38,42.34
77,165819.08,0.45,0.54,223800783.81,29.86
46,91180.62,0.36,0.74,274941370.34,99.87
65,108577.26,0.51,0.8,254966683.22,72.52
50,116416.53,0.49,0.55,273745146.47,98.23
53,149583.05,0.36,0.69,271793783.42,95.56
60,108550.39,0.28,0.55,263768805.49,84.57
53,137057.82,0.25,0.79,271794064.2,95.56
46,94266.33,0.25,0.71,274953448.73,99.89
36,115678.4,0.25,0.79,270945540.7,94.4
61,105664.58,0.34,0.85,262179659.49,82.4
61,107450.68,0.36,0.7,262193544.84,82.42
52,105059.79,0.34,0.74,272541669.4,96.58
56,180101.92,0.59,0.63,268911389.22,91.61
69,137312.89,0.47,0.57,246193885.65,60.51
48,121934.07,0.29,0.71,274549470.34,99.33
76,147056.21,0.41,0.86,226911433.84,34.11
68,134767.81,0.4,0.61,248548783.94,63.74
49,168972.19,0.47,0.59,274189843.27,98.84
48,108836.62,0.36,0.56,274558069.84,99.34
62,132202.24,0.48,0.56,260543819.22,80.16
47,93869.55,0.48,0.46,274806240.79,99.68
71,101782.24,0.45,0.65,241190068.3,53.66
48,126178.72,0.48,0.65,274533781.13,99.31
55,151534.72,0.55,0.67,269967167.72,93.06
67,125502.71,0.44,0.61,250794184.84,66.81
48,102801.66,0.49,0.7,274530684.4,99.31
62,134076.46,0.48,0.81,260511108.22,80.11
59,135209.87,0.49,0.93,265143639.72,86.46
73,94174.8,0.45,0.71,235784215.31,46.26
74,116842.5,0.28,0.42,232984878.93,42.43
69,171635.45,0.61,0.81,246128754.47,60.42
45,81224.87,0.3,0.74,274996532.36,99.94
55,98945.18,0.45,0.57,269997907.05,93.1
73,110521.08,0.52,0.51,235796548.28,46.28
47,137572.78,0.37,0.42,274829427.63,99.72
76,101182.77,0.38,0.53,226959618.67,34.18
75,85709.89,0.35,0.43,230018962.43,38.37
51,209139.04,0.41,0.81,273152451.27,97.42
69,135988.11,0.26,0.7,246205126.07,60.53
62,185591.17,0.39,0.74,260525359.03,80.13
53,102100.43,0.42,0.76,271781677.05,95.54
68,111210.01,0.53,0.79,248514588.66,63.69
38,189034.38,0.43,0.85,272498041.41,96.52
47,101993.55,0.32,0.88,274778971.03,99.65
55,109233.49,0.55,0.64,269978943.69,93.08
59,135685.09,0.29,0.91,265172168.38,86.49
49,125225.91,0.38,0.73,274186369.98,98.84
68,127783.16,0.29,0.44,248584672.94,63.79
44,96455.03,0.48,0.72,274930490.0,99.85
58,170886.94,0.54,0.7,266508504.79,88.32
61,122704.6,0.31,0.85,262180729.13,82.4
70,107106.01,0.36,0.6,243754449.67,57.17
61,127799.34,0.34,0.7,262194165.53,82.42
50,118995.59,0.5,0.4,273761834.41,98.25
70,105754.08,0.42,0.54,243754461.07,57.17
53,127568.38,0.36,0.41,271828764.58,95.61
44,160289.08,0.52,0.6,274930334.73,99.85
60,111090.76,0.43,0.77,263727341.49,84.52
44,108053.94,0.6,0.47,274942289.79,99.87
40,67199.15,0.45,0.69,273741066.61,98.23
35,94157.2,0.39,0.53,270008079.31,93.12
71,130222.72,0.4,0.52,241209380.7,53.69
49,120763.05,0.6,0.67,274167646.67,98.81
67,131645.25,0.39,0.43,250824483.58,66.85
70,104043.18,0.42,0.69,243738620.4,57.15
63,89690.93,0.56,0.41,258802543.06,77.77
64,135001.75,0.34,0.43,256980560.94,75.28
47,112370.12,0.33,0.68,274799099.92,99.67
60,107939.47,0.38,0.71,263740726.03,84.54
56,106451.99,0.48,0.41,268961541.98,91.68
58,115504.47,0.44,0.68,266535794.74,88.36
64,146640.57,0.61,0.84,256884669.36,75.15
47,122241.23,0.46,0.74,274775326.61,99.64
65,124058.34,0.43,0.46,255014223.7,72.59
52,169472.88,0.56,0.71,272502755.15,96.53
63,100138.82,0.42,0.77,258780889.19,77.75
42,89301.59,0.37,0.45,274566353.36,99.36
52,137157.06,0.27,0.82,272537086.53,96.58
60,159958.23,0.31,0.81,263730788.11,84.52
41,86573.89,0.47,0.82,274174986.81,98.82
44,92063.69,0.46,0.81,274925131.21,99.85
68,119204.4,0.43,0.74,248529676.82,63.71
62,113761.73,0.57,0.71,260518277.98,80.12
44,88518.59,0.33,0.78,274940788.8,99.87
59,102223.84,0.48,0.8,265170964.01,86.49
52,103165.12,0.47,0.71,272531595.8,96.57
66,128128.05,0.31,0.56,252967323.97,69.79
68,117025.9,0.48,0.59,248541327.36,63.73
52,74386.61,0.35,0.84,272535833.22,96.58
43,106197.48,0.57,0.43,274800020.16,99.68
50,131791.3,0.58,0.7,273714217.78,98.19
57,76342.74,0.58,0.89,267763576.21,90.04
77,126544.09,0.46,0.73,223775510.6,29.82
49,145662.21,0.34,0.93,274160493.24,98.8
78,134599.84,0.45,0.7,220529061.79,25.38
59,116517.05,0.41,0.45,265216325.67,86.56
43,116837.51,0.42,0.79,274775999.29,99.64
59,118405.92,0.58,0.55,265184449.91,86.51
43,136089.61,0.43,0.61,274794569.69,99.67
44,103910.31,0.36,0.59,274955045.05,99.89
54,142002.1,0.5,0.52,270946038.42,94.4
55,121738.19,0.48,0.6,269990957.65,93.09
42,107320.88,0.53,0.63,274532956.52,99.31
61,132964.14,0.32,0.71,262195304.37,82.42
59,131734.02,0.29,0.83,265185158.63,86.51
71,119948.07,0.24,0.58,241221636.81,53.71
52,131119.03,0.39,0.48,272566941.85,96.62
65,120679.92,0.43,0.74,254979336.66,72.54
77,85718.7,0.53,0.76,223775381.35,29.82
68,180197.98,0.34,0.8,248524236.96,63.7
44,131541.47,0.38,0.42,274976105.74,99.92
65,121047.47,0.41,0.82,254972436.84,72.53
67,155793.32,0.53,0.71,250763329.6,66.77
73,124983.08,0.59,0.74,235758950.48,46.23
78,115404.65,0.51,0.46,220552687.14,25.41
43,84291.6,0.41,0.56,274803001.71,99.68
50,184586.28,0.43,0.52,273757936.8,98.25
61,113141.21,0.58,0.51,262190001.85,82.41
58,105149.67,0.41,0.68,266540758.15,88.37
80,126903.61,0.47,0.81,213714370.24,16.05
55,163747.19,0.28,0.75,269994242.61,93.1
54,135381.18,0.31,0.69,270949833.37,94.4
73,172140.32,0.55,0.66,235764029.85,46.23
56,118884.84,0.3,0.57,268966126.36,91.69
50,121795.85,0.35,0.85,273725423.84,98.2
61,124790.21,0.4,0.67,262191122.13,82.41
65,131203.85,0.46,0.58,254995252.85,72.56
58,113848.57,0.43,0.54,266553651.76,88.39
66,117287.52,0.53,0.73,252919137.22,69.72
49,104416.36,0.29,0.7,274201196.32,98.86
78,138595.33,0.4,0.41,220576385.99,25.44
68,120938.89,0.33,0.81,248533165.6,63.72
66,108010.98,0.43,0.74,252931391.41,69.74
43,101990.06,0.43,0.71,274786360.87,99.66
69,118236.88,0.28,0.45,246231112.06,60.56
67,121903.65,0.45,0.55,250800034.32,66.82
81,104567.0,0.46,0.93,210159134.15,11.18
47,108169.99,0.35,0.8,274783382.2,99.65
67,145868.81,0.3,0.58,250817598.05,66.84
71,173326.12,0.57,0.52,241185788.73,53.66
53,174845.75,0.57,0.64,271764121.74,95.52
59,107553.2,0.33,0.63,265204278.75,86.54
55,116545.11,0.38,0.73,269986231.02,93.09
75,125519.06,0.49,0.88,229953371.88,38.28
39,105651.3,0.46,0.59,273195624.97,97.48
79,139094.38,0.4,0.45,217221629.71,20.85
78,139716.66,0.47,0.8,220512549.66,25.35
65,133810.55,0.29,0.42,255038715.16,72.62
55,110940.95,0.53,0.91,269951700.5,93.04
71,148128.92,0.43,0.72,241178314.61,53.65
77,104252.17,0.35,0.93,223771080.75,29.82
44,129176.75,0.54,0.5,274943912.52,99.87
44,82910.73,0.67,0.44,274941296.96,99.87
44,122757.37,0.56,0.69,274918923.21,99.84
50,114476.88,0.58,0.63,273725809.72,98.21
41,98237.4,0.56,0.62,274182865.18,98.83
46,144715.77,0.26,0.9,274927349.87,99.85
73,130182.52,0.48,0.83,235759824.8,46.23
73,108367.62,0.52,0.7,235775266.61,46.25
69,105051.96,0.4,0.51,246209419.27,60.53
81,97465.76,0.33,0.75,210192005.4,11.23
46,124157.12,0.59,0.75,274907650.14,99.82
48,113157.23,0.3,0.65,274556233.41,99.34
44,127081.14,0.52,0.85,274902684.63,99.82
70,117096.68,0.37,0.49,243766610.37,57.19
62,131359.53,0.26,0.53,260577635.93,80.2
40,127872.08,0.48,0.43,273762115.12,98.25
48,110969.21,0.41,0.8,274526814.0,99.3
53,128035.71,0.41,0.68,271788817.89,95.55
55,135492.27,0.46,0.58,269995410.69,93.1
44,86951.67,0.33,0.5,274964916.0,99.9
41,100596.79,0.33,0.4,274226652.24,98.89
57,107625.24,0.32,0.47,267822487.2,90.12
65,162910.68,0.34,0.66,255001061.45,72.57
39,118629.32,0.49,0.51,273199520.99,97.48
76,122507.74,0.32,0.53,226968681.21,34.19
54,135572.02,0.25,0.81,270940590.49,94.39
46,116374.32,0.37,0.66,274946327.86,99.88
57,99432.32,0.27,0.73,267799911.13,90.09
46,87096.96,0.35,0.4,274972124.43,99.91
56,133235.37,0.41,0.56,268954974.07,91.67
50,99067.65,0.49,0.67,273734065.13,98.22
53,162521.48,0.57,0.45,271796913.27,95.56
58,107600.41,0.56,0.47,266547249.92,88.38
61,118346.63,0.38,0.83,262175237.24,82.39
77,112094.38,0.39,0.91,223766249.68,29.81
43,98895.62,0.43,0.46,274810767.52,99.69
64,110830.85,0.42,0.53,256954684.05,75.24
68,110730.09,0.51,0.86,248508379.84,63.68
51,129369.07,0.35,0.44,273227992.91,97.52
47,87838.8,0.3,0.7,274799199.42,99.67
53,180635.1,0.51,0.92,271723369.0,95.46
61,189844.5,0.42,0.9,262141096.33,82.35
58,100186.39,0.43,0.63,266543772.85,88.37
70,91133.68,0.39,0.51,243758799.9,57.18
68,126506.89,0.55,0.46,248548297.55,63.74
74,123865.44,0.36,0.83,232925950.27,42.35
40,94328.74,0.55,0.87,273710979.83,98.18
65,118346.71,0.58,0.7,254967765.82,72.52
49,156560.37,0.59,0.69,274157157.39,98.8
75,129943.33,0.45,0.78,229970084.47,38.3
65,139634.81,0.32,0.75,254991707.99,72.56
54,102957.42,0.36,0.78,270935980.73,94.39
69,128618.64,0.38,0.67,246193143.77,60.51
42,125609.72,0.57,0.65,274522633.97,99.3
50,103811.83,0.31,0.51,273768120.18,98.26
66,134822.02,0.36,0.77,252933134.77,69.74
56,119279.09,0.46,0.58,268944835.66,91.66
72,125712.65,0.4,0.56,238555644.89,50.06
61,91356.05,0.33,0.83,262185571.13,82.41
59,138185.41,0.4,0.78,265174983.13,86.5
75,107720.84,0.52,0.91,229954712.35,38.28
46,118305.1,0.43,0.44,274964608.56,99.9
65,115180.43,0.49,0.75,254973197.94,72.53
59,147343.99,0.46,0.49,265207419.43,86.54
62,130511.42,0.5,0.87,260501480.29,80.1
74,101657.65,0.49,0.43,232958227.1,42.39
75,133964.11,0.46,0.74,229973645.03,38.31
71,113672.73,0.3,0.85,241184152.36,53.65
68,112098.81,0.33,0.61,248556879.45,63.75
71,132655.84,0.49,0.85,241155078.89,53.61
35,107947.52,0.32,0.8,269988090.18,93.09
55,158010.11,0.43,0.57,269999786.51,93.1
72,109178.51,0.48,0.44,238558768.09,50.06
70,131719.54,0.47,0.56,243745505.24,57.16
46,111215.39,0.24,0.52,274975871.36,99.92
77,173433.74,0.49,0.84,223743139.87,29.78
51,101286.58,0.48,0.89,273162511.69,97.43
36,90312.72,0.33,0.44,270971005.55,94.43
57,108960.65,0.3,0.61,267809531.71,90.11
75,96844.66,0.53,0.7,229977830.14,38.31
61,135073.38,0.27,0.51,262230585.6,82.47
53,135698.55,0.55,0.63,271775522.84,95.54
69,105858.45,0.35,0.49,246216005.09,60.54
75,96553.19,0.5,0.7,229980082.95,38.32
67,137162.07,0.45,0.75,250772608.37,66.78
50,140136.49,0.58,0.73,273706029.49,98.18
70,116132.54,0.48,0.41,243762376.93,57.18
68,151742.1,0.48,0.81,248506491.37,63.68
60,112732.78,0.32,0.75,263742345.21,84.54
51,126183.53,0.28,0.81,273189168.82,97.47
56,110141.38,0.45,0.66,268938109.71,91.65
37,108573.53,0.42,0.89,271766816.67,95.52
77,131418.06,0.53,0.84,223751434.86,29.79
45,95853.89,0.53,0.58,274989687.85,99.94
75,188787.37,0.51,0.58,229982668.84,38.32
81,123916.47,0.32,0.89,210173441.27,11.2
56,85664.22,0.57,0.78,268919755.67,91.63
79,136566.29,0.57,0.84,217143884.84,20.74
60,106384.95,0.36,0.78,263735046.52,84.53
54,99839.67,0.63,0.68,270919602.71,94.36
43,96315.62,0.42,0.45,274812866.99,99.69
73,140903.47,0.41,0.54,235807172.85,46.29
47,100400.48,0.45,0.86,274769397.66,99.63
53,134842.93,0.27,0.56,271823224.79,95.6
59,129428.66,0.63,0.45,265189372.87,86.52
70,128072.08,0.38,0.78,243729697.61,57.14
35,103471.91,0.31,0.72,269997783.52,93.1
71,120045.05,0.38,0.58,241204717.78,53.68
78,97593.47,0.45,0.53,220551888.12,25.41
46,80778.39,0.49,0.69,274936242.77,99.86
37,86916.5,0.6,0.43,271796925.7,95.56
81,108652.13,0.41,0.81,210175949.85,11.2
50,140975.0,0.37,0.56,273760434.02,98.25
69,144534.15,0.5,0.89,246143280.38,60.44
65,205534.39,0.48,0.8,254941965.41,72.49
69,152382.99,0.48,0.78,246161483.23,60.47
52,107331.0,0.46,0.54,272549076.17,96.59
44,125404.59,0.45,0.68,274932902.41,99.86
41,110168.38,0.34,0.68,274198633.06,98.85
48,101169.24,0.48,0.54,274547279.33,99.33
52,104781.63,0.44,0.83,272521507.66,96.56
50,92499.25,0.49,0.62,273739903.0,98.22
68,125732.99,0.4,0.83,248520221.32,63.7
51,122415.89,0.37,0.51,273215090.78,97.51
51,99504.75,0.46,0.44,273209520.81,97.5
63,108366.3,0.38,0.89,258770062.43,77.73
75,106131.78,0.27,0.66,230007272.57,38.35
39,85949.43,0.48,0.65,273188961.06,97.47
44,111819.17,0.41,0.68,274940275.16,99.87
55,141004.31,0.49,0.5,270000623.23,93.11
49,112807.07,0.46,0.81,274170070.79,98.81
51,103386.88,0.43,0.45,273211903.39,97.5
39,86966.22,0.34,0.65,273200977.52,97.49
58,103612.42,0.4,0.7,266539455.98,88.37
61,120680.28,0.51,0.9,262149525.98,82.36
74,143811.52,0.48,0.68,232928287.99,42.35
79,99733.9,0.31,0.48,217221082.74,20.85
47,109742.23,0.38,0.68,274793086.43,99.67
76,131060.94,0.41,0.45,226968691.64,34.19
70,128233.17,0.44,0.5,243757855.94,57.18
50,110844.09,0.45,0.35,273772035.38,98.27
43,101172.55,0.5,0.67,274782733.73,99.65
59,104850.73,0.35,0.47,265219061.56,86.56
49,89255.92,0.5,0.61,274190223.29,98.84
44,111860.39,0.49,0.88,274909281.11,99.83
43,102094.78,0.29,0.77,274793090.84,99.67
75,138119.04,0.43,0.46,230014394.2,38.36
60,108386.04,0.59,0.51,263739064.8,84.53
62,139810.95,0.54,0.76,260508775.84,80.11
70,95791.15,0.44,0.82,243725310.54,57.13
41,69468.18,0.46,0.39,274210709.52,98.87
74,107743.12,0.47,0.82,232918611.51,42.34
45,93901.9,0.43,0.67,274989925.75,99.94
72,109199.48,0.31,0.62,238557248.64,50.06
43,91873.19,0.44,0.89,274769861.56,99.63
70,126009.87,0.57,0.73,243711757.99,57.11
47,99386.27,0.4,0.91,274769096.82,99.63
47,126835.17,0.46,0.51,274802581.87,99.68
53,129989.12,0.36,0.68,271794228.56,95.56
60,129250.67,0.36,0.68,263744796.8,84.54
76,106574.03,0.52,0.59,226938827.6,34.15
60,116979.51,0.38,0.68,263742834.7,84.54
65,125955.66,0.57,0.55,254984919.9,72.55
80,90025.85,0.34,0.49,213764695.79,16.12
66,121423.25,0.41,0.56,252954307.5,69.77
61,126791.04,0.24,0.75,262201406.23,82.43
76,110754.86,0.51,0.85,226910446.05,34.11
59,108538.26,0.5,0.63,265185737.85,86.51
64,126688.77,0.42,0.71,256932976.11,75.22
55,130401.92,0.34,0.47,270023823.32,93.14
41,128357.79,0.3,0.86,274179373.22,98.83
61,132898.15,0.36,0.66,262197346.59,82.42
38,85548.92,0.37,0.76,272538546.36,96.58
49,114841.46,0.47,0.78,274171341.68,98.82
71,138115.2,0.41,0.54,241207417.8,53.69
69,137432.15,0.47,0.65,246183232.5,60.5
75,113316.94,0.41,0.94,229960121.7,38.29
39,113340.45,0.35,0.44,273223863.5,97.52
57,145154.86,0.28,0.75,267795813.98,90.09
76,141435.54,0.29,0.83,226933497.28,34.14
42,88605.93,0.48,0.51,274550702.79,99.33
65,116341.75,0.47,0.8,254969612.7,72.53
43,91234.52,0.38,0.85,274778698.42,99.65
65,111556.04,0.31,0.73,254995931.07,72.56
52,118526.87,0.51,0.49,272550298.65,96.6
50,112906.1,0.57,0.59,273731391.72,98.21
67,180413.05,0.47,0.39,250825014.17,66.85
48,103851.71,0.37,0.82,274529999.28,99.31
77,128983.74,0.29,0.84,223783858.43,29.83
46,123527.82,0.5,0.75,274919754.98,99.84
60,119531.64,0.46,0.59,263744597.73,84.54
47,92766.7,0.48,0.45,274806639.88,99.68
59,135111.85,0.47,0.81,265162747.35,86.48
37,95320.48,0.49,0.77,271774650.03,95.53
67,139660.93,0.39,0.89,250760884.17,66.77
40,102225.75,0.47,0.71,273732576.72,98.21
58,108428.5,0.35,0.81,266532827.76,88.36
73,135561.39,0.3,0.77,235789580.36,46.27
54,88411.02,0.45,0.72,270935231.99,94.38
51,155094.39,0.39,0.61,273199676.15,97.48
40,178369.79,0.48,0.84,273694331.71,98.16
76,132583.49,0.49,0.75,226917125.68,34.12
67,125065.15,0.29,0.58,250815287.27,66.84
64,134590.96,0.35,0.43,256978624.33,75.28
43,123076.6,0.59,0.59,274777349.53,99.64
42,103517.98,0.53,0.71,274525174.14,99.3
43,117383.46,0.57,0.54,274786501.65,99.66
69,124859.53,0.41,0.49,246211680.45,60.54
79,160202.55,0.49,0.61,217184703.31,20.8
63,107818.71,0.47,0.48,258806089.58,77.78
50,119655.89,0.58,0.82,273703035.42,98.17
42,102767.62,0.27,0.62,274561194.96,99.35
48,149214.5,0.48,0.69,274524095.36,99.3
68,138899.86,0.37,0.46,248573312.17,63.77
79,110582.22,0.55,0.51,217193155.73,20.81
44,107065.58,0.47,0.61,274941348.09,99.87
45,76076.53,0.44,0.81,274980604.5,99.92
69,116089.06,0.47,0.79,246168736.7,60.48
80,123690.4,0.41,0.56,213753512.78,16.1
39,110121.67,0.4,0.7,273188473.41,97.47
72,149069.39,0.39,0.51,238565155.67,50.07
59,131612.55,0.39,0.95,265154428.1,86.47
41,94634.06,0.4,0.84,274177225.71,98.82
72,134274.32,0.59,0.66,238515568.2,50.0
52,103113.46,0.52,0.76,272521156.5,96.56
52,99931.04,0.29,0.83,272537765.29,96.58
77,147753.27,0.53,0.79,223753009.66,29.79
64,132587.32,0.36,0.72,256940045.49,75.22
61,96150.83,0.46,0.93,262162993.97,82.38
52,82628.26,0.45,0.71,272536648.89,96.58
40,89320.96,0.3,0.7,273750587.21,98.24
64,154253.27,0.4,0.8,256920115.58,75.2
42,77993.63,0.48,0.73,274533821.91,99.31
62,116054.15,0.37,0.83,260526189.02,80.13
55,123286.51,0.36,0.53,270014124.71,93.12
57,96361.57,0.35,0.65,267799670.46,90.09
40,96703.82,0.31,0.5,273769188.1,98.26
52,137989.51,0.38,0.61,272550753.54,96.6
48,157078.73,0.45,0.67,274530649.74,99.31
54,120802.08,0.29,0.87,270930530.13,94.38
63,108933.93,0.41,0.69,258789369.21,77.76
61,104166.57,0.47,0.8,262171653.01,82.39
69,121836.96,0.37,0.57,246207782.98,60.53
66,146457.09,0.29,0.85,252930025.6,69.73
71,175319.73,0.38,0.73,241182477.56,53.65
74,137526.94,0.45,0.75,232922591.48,42.34
69,130034.17,0.43,0.6,246196077.26,60.52
72,109423.64,0.36,0.66,238548564.45,50.05
62,245062.27,0.48,0.69,260508086.28,80.11
52,128817.48,0.44,0.7,272531308.98,96.57
74,110307.59,0.38,0.86,232923891.4,42.35
42,111161.29,0.33,0.86,274528668.75,99.3
54,86569.78,0.38,0.91,270924512.89,94.37
49,76733.76,0.52,0.72,274181260.76,98.83
43,89910.65,0.45,0.95,274764711.76,99.63
49,156470.71,0.49,0.83,274150610.31,98.79
38,104510.77,0.31,0.53,272566628.11,96.62
54,149050.59,0.32,0.63,270958111.11,94.42
60,121229.66,0.5,0.52,263748006.33,84.55
42,124244.83,0.23,0.4,274595057.71,99.4
38,74871.64,0.63,0.46,272543199.54,96.59
44,84312.93,0.46,0.37,274964288.54,99.9
64,101348.86,0.44,0.79,256926562.89,75.21
70,104714.85,0.33,0.57,243759818.76,57.18
62,150241.78,0.49,0.56,260542485.41,80.16
63,144960.12,0.43,0.79,258768210.83,77.73
50,86037.83,0.33,0.86,273733682.46,98.22
47,139464.34,0.32,0.88,274772779.44,99.64
76,105490.66,0.55,0.74,226918992.34,34.12
70,117210.06,0.51,0.63,243733649.46,57.14
55,143088.74,0.39,0.48,270018062.38,93.13
71,113382.76,0.28,0.51,241223909.4,53.71
53,79476.21,0.49,0.51,271800362.68,95.57
58,119078.78,0.48,0.61,266538869.48,88.37
40,134087.49,0.39,0.88,273713827.3,98.19
58,146973.04,0.4,0.38,266580872.64,88.42
56,108083.57,0.5,0.54,268946068.12,91.66
57,132774.13,0.38,0.48,267818347.05,90.12
54,123908.1,0.33,0.7,270946375.82,94.4
60,120407.75,0.49,0.59,263739607.01,84.53
72,144933.54,0.41,0.66,238541025.99,50.04
49,98070.92,0.36,0.5,274214532.13,98.87
50,103435.6,0.43,0.58,273748741.57,98.24
43,105213.56,0.57,0.45,274798469.05,99.67
59,112594.92,0.35,0.69,265195985.88,86.53
54,99033.81,0.34,0.48,270968425.49,94.43
59,107088.49,0.55,0.82,265161236.29,86.48
55,136842.98,0.28,0.7,270002713.85,93.11
69,124363.67,0.53,0.74,246166301.62,60.48
56,97827.83,0.28,0.54,268967666.89,91.69
37,118704.92,0.49,0.62,271787159.12,95.55
62,138036.11,0.35,0.42,260581754.41,80.21
64,136068.65,0.22,0.65,256967050.1,75.26
67,119618.31,0.53,0.68,250774747.88,66.78
74,137656.86,0.46,0.63,232937358.3,42.36
41,125981.7,0.46,0.79,274168316.85,98.81
51,90464.83,0.5,0.89,273165004.84,97.44
76,135308.33,0.37,0.8,226927147.35,34.14
71,107853.31,0.5,0.45,241205484.96,53.68
57,94805.54,0.55,0.67,267779699.76,90.06
41,109782.58,0.51,0.46,274203256.02,98.86
53,187173.23,0.48,0.75,271756728.55,95.51
42,66146.51,0.34,0.55,274557048.65,99.34
61,179434.96,0.36,0.51,262224494.69,82.46
58,124719.17,0.38,0.85,266520717.22,88.34
69,127231.3,0.36,0.71,246191525.4,60.51
44,147053.44,0.4,0.65,274943448.53,99.87
40,103948.75,0.28,0.45,273777837.5,98.28
72,128200.45,0.4,0.64,238545223.99,50.04
52,101254.41,0.32,0.9,272528564.47,96.57
78,115272.19,0.48,0.71,220527798.64,25.38
49,97482.79,0.51,0.95,274156126.94,98.79
69,127175.42,0.39,0.5,246214799.79,60.54
40,121641.76,0.37,0.69,273741868.46,98.23
75,114132.55,0.26,0.81,229992103.42,38.33
58,139255.66,0.45,0.62,266539340.4,88.37
40,105169.51,0.37,0.43,273770245.47,98.27
46,86094.19,0.48,0.7,274935076.8,99.86
36,107018.73,0.58,0.67,270922801.6,94.37
46,98282.58,0.34,0.77,274939338.67,99.87
58,140082.91,0.28,0.76,266545234.19,88.37
56,111299.7,0.47,0.78,268922775.91,91.63
55,120840.22,0.54,0.75,269964873.29,93.06
62,128044.17,0.4,0.49,260564492.97,80.19
46,82293.53,0.54,0.61,274937659.17,99.86
66,113315.66,0.4,0.79,252927897.74,69.73
42,101088.38,0.53,0.85,274511411.75,99.28
51,104448.64,0.32,0.47,273222432.49,97.52
46,109375.4,0.28,0.7,274952414.14,99.88
61,132836.52,0.53,0.59,262183897.09,82.4
47,111480.84,0.54,0.57,274788465.31,99.66
64,127768.11,0.27,0.64,256961081.93,75.25
54,120835.67,0.41,0.64,270943454.42,94.4
59,111800.62,0.28,0.38,265238106.72,86.59
66,105216.36,0.19,0.82,252948410.39,69.76
72,141412.93,0.33,0.81,238531185.98,50.02
42,149622.49,0.59,0.84,274485727.24,99.25
64,143343.77,0.46,0.44,256964449.19,75.26
58,170454.66,0.41,0.74,266524305.66,88.35
78,129544.87,0.44,0.63,220541218.29,25.39
77,164324.15,0.38,0.56,223811272.47,29.87
51,179867.43,0.47,0.74,273162593.52,97.43
66,104458.12,0.44,0.87,252917884.21,69.72
51,112726.04,0.4,0.44,273217331.04,97.51
52,119751.26,0.45,0.9,272508182.37,96.54
69,104878.6,0.44,0.82,246173261.05,60.48
50,112282.02,0.6,0.81,273704618.37,98.18
75,120317.77,0.59,0.84,229947989.41,38.27
44,85400.77,0.44,0.56,274950231.61,99.88
70,116245.52,0.4,0.77,243730210.86,57.14
68,123642.06,0.28,0.59,248565889.15,63.76
69,126914.72,0.41,0.87,246164843.92,60.47
56,132765.09,0.35,0.54,268964876.08,91.69
56,105190.94,0.35,0.56,268959098.58,91.68
64,137551.64,0.37,0.7,256940480.71,75.23
77,116258.0,0.5,0.58,223790339.15,29.84
53,91208.06,0.36,0.61,271802056.03,95.57
70,109654.3,0.53,0.64,243731343.99,57.14
66,98984.77,0.37,0.83,252929327.5,69.73
41,85836.76,0.6,0.64,274179422.49,98.83
71,137003.19,0.5,0.56,241191295.98,53.66
53,112790.5,0.39,0.53,271808710.74,95.58
49,123915.42,0.43,0.59,274197716.7,98.85
45,78432.49,0.42,0.72,274989552.55,99.94
54,124882.3,0.44,0.77,270922670.97,94.37
49,91673.05,0.47,0.5,274202854.86,98.86
64,136387.43,0.38,0.47,256970064.14,75.27
38,127414.55,0.38,0.55,272558316.65,96.61
72,145094.55,0.6,0.58,238524454.5,50.01
46,113428.08,0.36,0.63,274951569.09,99.88
63,85682.56,0.41,0.79,258782838.31,77.75
53,137183.21,0.44,0.56,271800389.37,95.57
45,123678.68,0.48,0.68,274980194.91,99.92
76,119826.12,0.47,0.7,226929695.01,34.14
76,121890.5,0.44,0.5,226957687.19,34.18
48,95077.84,0.25,0.78,274547307.1,99.33
74,195379.14,0.3,0.63,232962991.71,42.4
66,106018.14,0.37,0.61,252951757.54,69.76
58,137785.44,0.41,0.8,266520030.13,88.34
37,108550.44,0.58,0.54,271787528.88,95.55
67,121288.25,0.45,0.86,250761478.39,66.77
79,132420.26,0.41,0.71,217183941.09,20.8
69,140529.23,0.51,0.69,246172005.59,60.48
80,147227.97,0.41,0.87,213708744.95,16.04
78,109926.11,0.48,0.83,220516589.86,25.36
78,77783.1,0.36,0.72,220543321.72,25.4
74,106022.16,0.33,0.76,232939710.45,42.37
68,104979.99,0.56,0.64,248529684.88,63.71
76,104864.2,0.43,0.67,226940088.29,34.15
39,113707.9,0.39,0.43,273220004.41,97.51
51,99830.17,0.44,0.44,273211354.71,97.5
43,112057.4,0.49,0.87,274758775.84,99.62
71,131950.71,0.32,0.4,241236770.25,53.73
46,118096.1,0.42,0.52,274957270.48,99.89
82,106620.22,0.56,0.84,206507304.14,6.18
77,121368.45,0.31,0.42,223832316.04,29.9
41,121730.92,0.54,0.52,274192350.66,98.84
47,112238.25,0.57,0.74,274764778.65,99.63
36,91761.17,0.49,0.69,270933427.04,94.38
46,132979.51,0.39,0.81,274923623.03,99.84
61,117045.89,0.33,0.65,262201535.58,82.43
66,105785.84,0.49,0.64,252936461.12,69.74
56,109558.2,0.42,0.78,268928028.9,91.64
43,112054.29,0.5,0.71,274777101.73,99.64
74,132779.85,0.42,0.71,232933087.29,42.36
47,103143.52,0.34,0.91,274774133.89,99.64
44,105205.47,0.56,0.59,274933727.93,99.86
37,120713.49,0.36,0.59,271806042.15,95.58
58,129612.6,0.54,0.36,266563318.09,88.4
47,130058.32,0.33,0.69,274796982.16,99.67
36,117313.02,0.45,0.4,270967559.08,94.43
65,101482.52,0.31,0.64,255004690.74,72.58
35,68227.8,0.54,0.77,269978906.92,93.08
80,136294.08,0.49,0.65,213731791.31,16.07
57,121971.46,0.31,0.52,267820131.52,90.12
76,138653.54,0.49,0.83,226905683.15,34.11
73,131904.59,0.36,0.49,235820430.11,46.31
63,119016.63,0.52,0.71,258772183.92,77.73
66,125401.0,0.55,0.66,252924065.18,69.73
44,100892.02,0.53,0.45,274951152.67,99.88
56,100799.05,0.64,0.87,268898955.3,91.6
76,116050.12,0.45,0.49,226957042.75,34.18
39,92706.38,0.36,0.88,273177855.49,97.45
54,120964.11,0.38,0.39,270978382.99,94.44
65,200434.38,0.4,0.47,255025322.0,72.6
64,128601.52,0.46,0.53,256951118.69,75.24
52,107211.52,0.35,0.45,272571820.5,96.63
65,161002.03,0.47,0.76,254963305.08,72.52
54,88812.46,0.34,0.75,270941813.27,94.39
51,79227.44,0.43,0.8,273181961.86,97.46
57,98916.22,0.46,0.5,267804453.12,90.1
50,107739.88,0.48,0.61,273741118.72,98.23
50,138386.17,0.5,0.78,273711060.47,98.18
46,95178.81,0.33,0.62,274954589.05,99.89
62,95674.84,0.45,0.76,260529918.12,80.14
40,140659.68,0.28,0.7,273753011.43,98.24
58,158279.77,0.42,0.45,266571633.34,88.41
72,106604.91,0.47,0.81,238519991.43,50.01
62,137603.78,0.53,0.73,260513640.69,80.12
63,112769.32,0.44,0.78,258775290.07,77.74
76,118803.49,0.31,0.43,226980356.6,34.21
47,88016.31,0.46,0.51,274802341.06,99.68
61,148733.13,0.27,0.56,262225747.63,82.46
76,106379.7,0.48,0.58,226943821.58,34.16
36,82621.2,0.43,0.51,270954608.83,94.41
64,124024.17,0.38,0.79,256928482.53,75.21
58,115756.45,0.33,0.73,266543351.23,88.37
56,88321.32,0.48,0.72,268932374.98,91.64
46,92265.44,0.32,0.52,274964665.0,99.9
61,167771.07,0.42,0.89,262147699.05,82.35
56,94365.16,0.27,0.49,268972086.9,91.7
42,112361.07,0.52,0.77,274517485.26,99.29
74,113995.29,0.32,0.89,232926116.39,42.35
74,140684.8,0.6,0.74,232902769.1,42.32
74,109648.24,0.49,0.92,232905108.68,42.32
57,120491.78,0.48,0.72,267776634.63,90.06
49,112043.65,0.51,0.51,274198427.33,98.85
73,113923.78,0.32,0.43,235827994.75,46.32
68,141390.68,0.42,0.56,248553507.21,63.74
54,177704.17,0.37,0.39,270991824.36,94.46
74,110898.1,0.39,0.77,232931339.71,42.36
75,141412.99,0.48,0.56,229994511.19,38.34
62,121093.31,0.4,0.81,260525036.33,80.13
35,117949.72,0.36,0.53,270013490.51,93.12
74,98024.45,0.46,0.63,232941247.07,42.37
63,120076.09,0.38,0.91,258764505.29,77.72
36,142215.39,0.49,0.51,270949587.99,94.4
69,126686.99,0.46,0.73,246176749.66,60.49
44,100349.42,0.46,0.81,274922088.76,99.84
34,109330.45,0.35,0.46,268970197.3,91.69
48,102715.05,0.36,0.65,274549119.94,99.33
38,119119.02,0.4,0.6,272551069.98,96.6
56,108479.66,0.37,0.79,268931620.47,91.64
66,114926.64,0.45,0.67,252935893.69,69.74
42,103572.18,0.4,0.61,274548494.07,99.33
59,133932.78,0.55,0.77,265158093.77,86.48
41,105623.59,0.38,0.54,274208501.91,98.87
76,98406.58,0.35,0.79,226936676.37,34.15
63,158715.14,0.55,0.82,258741238.42,77.69
48,127131.02,0.38,0.85,274520151.64,99.29
57,125231.84,0.51,0.77,267765398.1,90.05
75,105607.09,0.48,0.62,229988737.63,38.33
52,124825.86,0.34,0.9,272520155.46,96.55
74,183050.72,0.49,0.58,232936247.9,42.36
55,95360.85,0.28,0.72,270000202.27,93.1
76,142815.32,0.4,0.47,226967984.28,34.19
68,131206.87,0.4,0.92,248507579.17,63.68
63,112191.67,0.46,0.76,258775359.98,77.74
69,186814.43,0.39,0.77,246168967.64,60.48
50,125946.36,0.39,0.4,273776641.87,98.27
42,115736.23,0.4,0.8,274527434.78,99.3
39,114887.06,0.62,0.81,273150892.98,97.42
53,88855.85,0.27,0.72,271800434.64,95.57
44,100331.65,0.27,0.54,274969568.22,99.91
54,152228.28,0.34,0.64,270954082.58,94.41
50,86330.85,0.55,0.43,273752153.92,98.24
49,114788.13,0.5,0.64,274183557.09,98.83
60,174341.2,0.49,0.47,263756094.09,84.56
68,116304.64,0.47,0.53,248549198.32,63.74
35,110745.86,0.25,0.46,270031217.25,93.15
63,124616.48,0.57,0.5,258791569.73,77.76
44,88744.68,0.37,0.45,274965448.59,99.9
74,121006.0,0.38,0.87,232919726.08,42.34
52,127953.37,0.23,0.71,272557461.83,96.61
48,126143.18,0.41,0.6,274548978.01,99.33
53,143120.39,0.49,0.68,271776702.48,95.54
60,98995.39,0.48,0.68,263734790.67,84.53
44,105932.26,0.53,0.83,274912170.3,99.83
64,112162.47,0.34,0.49,256968480.64,75.26
43,105854.97,0.35,0.55,274810040.71,99.69
63,131282.51,0.49,0.9,258749479.7,77.7
75,103637.6,0.52,0.63,229984137.35,38.32
70,120996.03,0.54,0.38,243760378.46,57.18
73,89279.93,0.42,0.52,235805075.63,46.29
56,94226.55,0.34,0.37,268978168.75,91.71
42,93064.2,0.37,0.9,274524738.77,99.3
55,138017.5,0.47,0.5,270004014.38,93.11
36,104762.92,0.54,0.88,270905557.0,94.34
76,106720.69,0.35,0.86,226928500.66,34.14
75,141618.85,0.51,0.62,229981703.77,38.32
42,87359.62,0.42,0.42,274563391.72,99.35
66,155714.35,0.41,0.44,252973558.44,69.79
49,90930.44,0.52,0.67,274182445.01,98.83
69,112284.23,0.42,0.6,246197381.3,60.52
41,125304.0,0.42,0.68,274187337.72,98.84
60,135148.84,0.3,0.6,263763043.94,84.57
72,124730.12,0.3,0.97,238516009.87,50.0
46,117560.9,0.58,0.64,274923870.64,99.85
61,126555.43,0.42,0.77,262176553.53,82.39
53,116746.01,0.56,0.86,271749998.06,95.5
42,133978.51,0.27,0.49,274582539.5,99.38
48,138984.58,0.2,0.52,274587752.68,99.39
70,113780.85,0.32,0.44,243777288.67,57.2
74,113341.68,0.42,0.42,232968043.73,42.41
68,140525.86,0.57,0.66,248517099.67,63.69
48,109426.83,0.56,0.56,274536585.73,99.32
67,113973.99,0.32,0.61,250807804.42,66.83
56,101994.23,0.52,0.91,268906200.43,91.61
53,157620.39,0.57,0.47,271793370.1,95.56
54,90498.03,0.25,0.65,270959201.46,94.42
71,129479.53,0.47,0.48,241206804.85,53.69
48,127987.19,0.29,0.55,274570227.1,99.36
73,142612.13,0.45,0.65,235786132.35,46.26
69,148864.68,0.25,0.85,246184574.02,60.5
38,114469.82,0.46,0.62,272540966.68,96.58
62,120925.19,0.34,0.42,260577944.39,80.21
61,152739.89,0.32,0.66,262204087.98,82.43
66,102084.93,0.39,0.47,252963810.12,69.78
46,104070.39,0.45,0.47,274957596.86,99.89
61,135821.3,0.58,0.7,262162172.9,82.37
70,104047.78,0.56,0.45,243749214.52,57.17
44,98771.54,0.38,0.61,274950919.89,99.88
67,193929.96,0.4,0.7,250779812.37,66.79
39,113291.26,0.35,0.64,273200579.43,97.49
45,123631.85,0.34,0.44,275027377.04,99.99
73,110229.66,0.41,0.87,235768920.71,46.24
53,107002.48,0.55,0.57,271787360.1,95.55
51,121953.62,0.52,0.79,273162269.75,97.43
56,122386.77,0.5,0.6,268938538.42,91.65
57,112415.96,0.41,0.61,267798243.18,90.09
45,88573.42,0.35,0.6,275004873.22,99.96
70,118636.99,0.52,0.57,243739432.5,57.15
55,135490.15,0.47,0.38,270020301.65,93.13
48,100075.96,0.28,0.62,274560413.23,99.35
69,197064.24,0.42,0.87,246143478.64,60.44
42,88836.93,0.37,0.8,274534730.72,99.31
54,110125.02,0.29,0.51,270972153.96,94.44
57,101794.62,0.46,0.7,267784130.33,90.07
67,127689.33,0.56,0.87,250745044.39,66.74
43,130842.33,0.36,0.76,274784196.57,99.65
41,82911.18,0.31,0.44,274220812.75,98.88
76,126942.62,0.51,0.79,226912185.53,34.12
79,145315.54,0.34,0.56,217213944.04,20.84
58,113243.14,0.36,0.63,266550141.56,88.38
73,99400.36,0.33,0.65,235802209.29,46.29
80,117607.42,0.36,0.83,213727989.55,16.07
71,113330.04,0.41,0.92,241161950.5,53.62
77,152620.45,0.47,0.79,223759921.88,29.8
74,77516.05,0.29,0.42,232972719.13,42.41
74,118953.41,0.3,0.89,232928114.15,42.35
71,86073.33,0.35,0.46,241216062.32,53.7
76,138602.01,0.29,0.49,226981240.64,34.21
41,133786.85,0.6,0.65,274166196.64,98.81
65,108634.56,0.37,0.63,255000306.92,72.57
65,105689.03,0.43,0.71,254985817.43,72.55
59,118171.8,0.46,0.61,265192520.5,86.52
50,113377.49,0.43,0.88,273714704.35,98.19
45,110289.81,0.5,0.49,275000552.67,99.95
74,160485.63,0.23,0.53,232989169.39,42.44
58,94305.17,0.36,0.9,266525342.68,88.35
46,131276.11,0.5,0.47,274955060.24,99.89
40,95916.98,0.4,0.7,273739729.19,98.22
69,102420.18,0.57,0.7,246172479.01,60.48
63,100759.19,0.52,0.66,258781829.95,77.75
80,121555.84,0.54,0.76,213713384.9,16.05
50,146231.29,0.31,0.43,273788579.34,98.29
63,116236.12,0.49,0.84,258761724.25,77.72
48,116002.37,0.35,0.44,274574812.44,99.37
56,124729.21,0.5,0.56,268943274.12,91.66
76,106020.73,0.38,0.41,226972586.44,34.2
47,93646.74,0.46,0.61,274794377.43,99.67
39,101072.07,0.42,0.72,273186426.96,97.47
53,123626.51,0.37,0.84,271774281.02,95.53
62,109707.6,0.37,0.8,260531395.71,80.14
61,102687.11,0.57,0.66,262176956.83,82.39
55,98139.66,0.46,0.85,269969401.46,93.06
54,148506.6,0.47,0.59,270940340.78,94.39
77,112549.19,0.27,0.67,223806600.78,29.86
72,143627.98,0.49,0.74,238516357.05,50.0
71,112831.27,0.39,0.65,241195805.86,53.67
53,154604.27,0.33,0.81,271777832.23,95.54
70,137858.71,0.34,0.49,243773311.73,57.2
53,81256.64,0.52,0.7,271781911.41,95.54
55,108256.47,0.26,0.73,270000760.91,93.11
62,111763.55,0.3,0.86,260531724.49,80.14
42,82469.48,0.49,0.91,274517120.66,99.29
71,116785.73,0.27,0.67,241206792.32,53.69
53,109663.34,0.3,0.74,271795633.71,95.56
74,99264.08,0.56,0.64,232930175.96,42.35
76,121407.85,0.26,0.66,226959883.75,34.18
74,98855.13,0.36,0.84,232929937.49,42.35
70,104944.36,0.31,0.83,243734796.95,57.15
62,109148.83,0.35,0.85,260528389.01,80.14
77,89719.52,0.47,0.44,223807560.42,29.87
59,141078.47,0.48,0.82,265157898.8,86.48
52,136126.65,0.37,0.84,272521215.25,96.56
76,76105.66,0.32,0.57,226958873.91,34.18
52,100544.73,0.3,0.62,272558751.18,96.61
42,146634.37,0.38,0.77,274527504.58,99.3
77,94267.88,0.51,0.69,223780677.55,29.83
35,89845.87,0.3,0.92,269980231.83,93.08
44,137101.38,0.32,0.64,274955227.52,99.89
69,126935.7,0.28,0.75,246196335.23,60.52
68,111525.05,0.48,0.8,248518269.91,63.7
49,102301.02,0.49,0.71,274180071.51,98.83
79,180426.44,0.46,0.81,217151236.22,20.75
62,149976.43,0.62,0.72,260499838.97,80.1
66,134783.91,0.37,0.57,252957965.9,69.77
44,106972.25,0.39,0.4,274972821.17,99.91
74,120740.84,0.36,0.6,232955642.46,42.39
41,111128.95,0.48,0.77,274172524.11,98.82
57,115311.89,0.48,0.83,267764286.97,90.04
45,126695.64,0.41,0.52,275009359.22,99.96
55,131885.04,0.42,0.59,269998897.02,93.1
58,127169.44,0.42,0.45,266566982.26,88.4
62,93130.46,0.41,0.78,260531754.43,80.14
65,129479.5,0.48,0.91,254948978.42,72.5
54,95974.46,0.52,0.76,270923493.28,94.37
42,86944.1,0.44,0.68,274539325.4,99.32
74,131222.63,0.49,0.66,232930452.05,42.35
41,116026.32,0.56,0.43,274200222.57,98.85
56,144774.97,0.4,0.75,268928705.61,91.64
77,186926.09,0.51,0.69,223761956.09,29.8
47,93615.85,0.53,0.75,274773267.25,99.64
46,144116.52,0.32,0.87,274923049.45,99.84
50,103635.19,0.42,0.76,273730484.17,98.21
65,126220.5,0.32,0.76,254990740.82,72.56
39,115004.76,0.58,0.82,273153845.39,97.42
57,116888.27,0.48,0.86,267760166.25,90.04
69,129504.43,0.37,0.72,246188407.91,60.51
61,131403.19,0.43,0.45,262215709.83,82.45
51,113757.64,0.5,0.66,273182605.5,97.46
47,103712.51,0.43,0.74,274782618.14,99.65
53,96734.06,0.33,0.42,271824611.3,95.6
59,119796.15,0.4,0.44,265219348.44,86.56
80,88811.97,0.36,0.47,213765828.45,16.12
71,127507.57,0.29,0.76,241194272.7,53.67
76,139667.49,0.53,0.64,226927023.96,34.14
49,121920.42,0.51,0.63,274183500.43,98.83
50,128057.38,0.49,0.44,273758480.51,98.25
52,137996.1,0.53,0.78,272507671.75,96.54
41,109920.26,0.31,0.57,274212927.03,98.87
65,94650.44,0.34,0.48,255016555.58,72.59
47,95667.26,0.37,0.73,274790729.06,99.66
42,123232.92,0.48,0.64,274535504.3,99.31
72,123812.44,0.53,0.58,238536808.41,50.03
65,135280.58,0.43,0.71,254981093.27,72.54
41,98356.75,0.51,0.52,274196616.68,98.85
51,85213.43,0.54,0.82,273169273.63,97.44
72,101354.48,0.38,0.51,238561192.51,50.06
71,145066.09,0.35,0.45,241228761.11,53.72
70,128835.82,0.37,0.76,243733875.23,57.15
53,113060.35,0.34,0.78,271787635.64,95.55
70,117234.96,0.48,0.49,243753411.41,57.17
48,84980.14,0.34,0.42,274570495.93,99.36
77,123076.75,0.38,0.81,223776988.24,29.82
58,128494.22,0.36,0.79,266531017.93,88.36
45,93968.64,0.39,0.52,275007867.17,99.96
44,89000.35,0.47,0.71,274933786.11,99.86
50,105141.93,0.44,0.49,273757371.03,98.25
45,60216.19,0.5,0.72,274986461.83,99.93
73,147861.65,0.49,0.42,235813834.55,46.3
46,104098.63,0.39,0.56,274954887.86,99.89
56,112069.13,0.46,0.43,268962393.99,91.68
79,101231.41,0.51,0.64,217184459.69,20.8
75,103511.61,0.54,0.63,229981695.59,38.32
64,126278.95,0.49,0.64,256933384.14,75.22
45,107517.44,0.3,0.46,275025656.3,99.98
54,123841.98,0.22,0.58,270974712.33,94.44
78,90050.46,0.39,0.78,220534249.01,25.38
47,132271.32,0.34,0.52,274817366.38,99.7
68,140299.84,0.47,0.73,248521934.77,63.7
82,124405.31,0.43,0.54,206553984.9,6.24
40,98695.44,0.42,0.58,273749876.93,98.24
51,146901.47,0.27,0.65,273211712.42,97.5
68,150393.23,0.38,0.85,248516347.97,63.69
71,108295.06,0.48,0.48,241203965.93,53.68
53,95351.06,0.55,0.36,271808765.99,95.58
71,132889.64,0.5,0.69,241173916.99,53.64
73,155353.58,0.46,0.9,235744355.94,46.21
71,97784.07,0.4,0.88,241172521.79,53.64
48,153660.1,0.37,0.68,274542698.99,99.32
46,103079.46,0.42,0.61,274946244.79,99.88
53,86047.08,0.43,0.77,271782822.42,95.55
51,86232.91,0.58,0.63,273181453.45,97.46
75,127312.65,0.56,0.76,229959799.6,38.29
51,117643.43,0.49,0.81,273163928.02,97.44
43,141196.39,0.49,0.81,274756856.05,99.62
59,143452.65,0.29,0.64,265210555.78,86.55
80,114593.0,0.35,0.66,213748829.35,16.09
54,136384.7,0.4,0.76,270927687.94,94.37
59,155763.73,0.5,0.61,265181999.94,86.51
60,118865.47,0.37,0.66,263746581.41,84.54
67,98690.91,0.38,0.41,250821307.27,66.85
55,108761.66,0.47,0.45,270009151.65,93.12
58,131081.73,0.41,0.66,266541265.28,88.37
69,117328.46,0.38,0.78,246181610.78,60.5
58,105730.22,0.4,0.52,266558876.94,88.39
70,101990.1,0.52,0.63,243734206.76,57.15
67,106603.52,0.56,0.58,250785549.99,66.8
66,134017.54,0.51,0.42,252959246.53,69.77
78,88021.17,0.46,0.84,220523462.14,25.37
46,136340.47,0.46,0.8,274914733.9,99.83
83,125145.01,0.23,0.42,202843587.1,1.16
54,131023.66,0.36,0.77,270932878.39,94.38
57,144566.57,0.48,0.6,267788741.43,90.08
46,102497.0,0.61,0.93,274895511.26,99.81
63,108509.99,0.41,0.55,258804168.24,77.78
48,75799.58,0.41,0.52,274555334.29,99.34
73,127711.3,0.33,0.67,235799188.56,46.28
47,138021.33,0.33,0.83,274777306.03,99.64
62,90809.15,0.34,0.53,260561618.81,80.18
73,95178.76,0.44,0.75,235782416.76,46.26
51,98967.43,0.53,0.45,273202796.32,97.49
59,116038.4,0.42,0.82,265172416.99,86.5
62,124977.2,0.36,0.47,260572021.99,80.2
67,139510.53,0.55,0.87,250741677.0,66.74
57,103175.51,0.41,0.62,267797391.78,90.09
70,153285.63,0.44,0.65,243736484.94,57.15
68,113702.14,0.51,0.85,248508856.12,63.68
49,144393.22,0.47,0.83,274156870.35,98.8
55,146952.89,0.43,0.76,269972110.23,93.07
43,97116.69,0.42,0.47,274810201.45,99.69
68,133553.33,0.56,0.61,248526794.11,63.71
57,136053.51,0.49,0.67,267777645.78,90.06
53,108316.45,0.47,0.7,271782188.38,95.54
69,124281.02,0.32,0.69,246199062.69,60.52
70,122617.34,0.41,0.48,243762469.92,57.18
57,89780.7,0.26,0.73,267800237.53,90.09
64,109598.3,0.4,0.69,256939797.27,75.22
60,124633.96,0.26,0.42,263789660.56,84.6
55,108596.9,0.43,0.62,269994893.21,93.1
57,173370.08,0.45,0.74,267766388.72,90.05
77,139586.31,0.44,0.74,223774264.46,29.82
66,122453.67,0.46,0.5,252954678.8,69.77
44,97270.36,0.51,0.7,274929556.98,99.85
52,127079.16,0.39,0.51,272561972.1,96.61
57,137960.39,0.43,0.6,267796187.4,90.09
69,127485.21,0.42,0.78,246174762.78,60.49
71,116113.2,0.41,0.78,241177777.83,53.65
78,90000.37,0.34,0.45,220568774.17,25.43
60,154793.2,0.45,0.65,263733364.65,84.53
76,136913.27,0.46,0.9,226900179.55,34.1
46,87492.75,0.44,0.51,274954438.58,99.89
50,122927.92,0.33,0.81,273732271.05,98.21
43,95092.64,0.35,0.73,274792485.03,99.67
43,95642.06,0.46,0.74,274780914.26,99.65
47,108752.12,0.41,0.56,274803173.87,99.68
40,100903.61,0.55,0.53,273741831.71,98.23
43,79572.41,0.4,0.77,274787010.7,99.66
40,100009.11,0.47,0.54,273748848.26,98.24
74,121503.94,0.42,0.45,232966319.69,42.4
71,115567.32,0.51,0.69,241177153.13,53.64
72,123256.97,0.36,0.43,238576097.99,50.08
71,121223.74,0.58,0.8,241154085.55,53.61
62,141717.94,0.52,0.69,260519681.63,80.13
52,140783.3,0.33,0.82,272529043.33,96.57
56,166212.74,0.34,0.78,268930272.31,91.64
79,94075.35,0.33,0.51,217214951.41,20.84
65,130928.38,0.5,0.64,254981916.17,72.54
61,116308.16,0.5,0.73,262173127.62,82.39
36,104071.4,0.43,0.61,270945871.81,94.4
82,126450.19,0.43,0.85,206515565.88,6.19
52,101173.27,0.36,0.74,272539719.86,96.58
51,112831.28,0.48,0.35,273218602.07,97.51
77,94265.16,0.41,0.81,223778423.31,29.83
60,95831.81,0.39,0.41,263769426.01,84.57
63,171551.12,0.33,0.5,258828844.0,77.81
45,106489.76,0.28,0.74,274997089.32,99.95
55,123946.27,0.4,0.77,269978007.35,93.07
52,165736.74,0.43,0.67,272534164.67,96.57
49,113089.03,0.26,0.53,274223445.01,98.89
69,137244.1,0.32,0.57,246214145.12,60.54
55,135595.2,0.31,0.59,270014199.03,93.12
46,158187.81,0.37,0.6,274955737.66,99.89
55,110107.62,0.58,0.51,269990291.9,93.09
73,155913.51,0.31,0.71,235796549.25,46.28
40,105414.01,0.32,0.84,273733064.11,98.22
61,147523.15,0.33,0.57,262215126.74,82.45
79,103578.17,0.52,0.45,217203555.38,20.82
38,127585.04,0.46,0.84,272511440.82,96.54
39,114084.6,0.49,0.78,273169764.16,97.44
62,93238.92,0.48,0.84,260519702.85,80.13
49,87925.27,0.51,0.55,274195037.98,98.85
59,134046.33,0.47,0.43,265212905.99,86.55
74,114031.58,0.39,0.68,232941308.25,42.37
67,142403.08,0.38,0.68,250791402.08,66.81
79,143698.37,0.27,0.66,217210693.54,20.83
74,162426.8,0.38,0.76,232927938.12,42.35
60,108602.18,0.49,0.51,263749343.37,84.55
81,113835.83,0.4,0.64,210195404.67,11.23
79,131624.93,0.41,0.76,217177330.26,20.79
61,112700.42,0.49,0.6,262189809.32,82.41
51,130700.58,0.34,0.75,273187964.26,97.47
75,88076.38,0.4,0.63,229997181.34,38.34
41,110858.46,0.57,0.53,274188419.22,98.84
55,107102.71,0.46,0.6,269992955.91,93.09
54,126383.08,0.47,0.65,270934992.09,94.38
47,183395.64,0.49,0.38,274823356.5,99.71
41,80592.14,0.52,0.76,274177296.63,98.82
65,116141.1,0.38,0.78,254981360.31,72.54
54,116490.56,0.53,0.59,270935725.04,94.39
42,101174.49,0.3,0.42,274577917.26,99.37
62,107381.38,0.38,0.94,260515873.22,80.12
74,135367.36,0.51,0.54,232943206.46,42.37
53,149589.6,0.32,0.41,271839462.87,95.62
46,91952.25,0.37,0.61,274951923.0,99.88
58,139958.01,0.29,0.76,266543392.16,88.37
70,109647.68,0.33,0.54,243764543.91,57.19
70,174350.52,0.27,0.69,243757235.5,57.18
58,165814.39,0.37,0.59,266556014.73,88.39
52,126710.14,0.51,0.51,272546459.26,96.59
65,102428.88,0.5,0.59,254990245.29,72.56
56,135668.12,0.37,0.73,268936926.14,91.65
60,133489.43,0.52,0.69,263722194.41,84.51
64,134693.25,0.36,0.42,256979983.27,75.28
63,124473.15,0.36,0.51,258815795.83,77.79
54,114840.42,0.39,0.72,270937593.13,94.39
67,142679.34,0.39,0.78,250775730.44,66.79
71,116174.56,0.36,0.62,241202228.7,53.68
69,93317.68,0.49,0.72,246180879.45,60.5
76,122416.9,0.51,0.5,226949763.23,34.17
58,164211.58,0.41,0.56,266555059.62,88.39
70,130015.2,0.48,0.37,243769640.43,57.19
67,144650.02,0.49,0.8,250758460.72,66.76
69,97354.45,0.35,0.59,246205620.46,60.53
59,122989.12,0.44,0.84,265165776.71,86.49
70,143741.4,0.53,0.77,243707508.74,57.11
44,120842.51,0.46,0.81,274916925.74,99.84
71,102968.94,0.29,0.54,241218320.24,53.7
52,120438.66,0.37,0.54,272560677.89,96.61
47,104191.21,0.42,0.85,274771352.3,99.64
41,120180.6,0.47,0.74,274174190.41,98.82
58,96705.28,0.25,0.85,266539831.14,88.37
68,121512.96,0.49,0.45,248557281.3,63.75
56,94528.0,0.55,0.58,268938434.18,91.65
46,104776.52,0.49,0.75,274925176.87,99.85
55,171405.38,0.47,0.42,270019541.6,93.13
47,107551.36,0.6,0.64,274774889.98,99.64
77,113048.04,0.29,0.67,223804206.51,29.86
46,110013.81,0.28,0.41,274984219.93,99.93
63,114776.76,0.48,0.53,258798574.48,77.77
52,121943.48,0.56,0.55,272535395.23,96.58
39,114463.77,0.37,0.5,273214091.41,97.5
48,189135.61,0.51,0.71,274509273.61,99.28
44,81046.4,0.42,0.51,274955637.52,99.89
46,120251.93,0.43,0.56,274950354.03,99.88
69,97008.9,0.39,0.8,246182281.89,60.5
44,123715.58,0.41,0.67,274939266.96,99.87
52,114738.16,0.48,0.65,272534955.77,96.57
52,149361.95,0.54,0.77,272504531.94,96.53
71,139699.56,0.41,0.82,241167411.01,53.63
67,140367.68,0.58,0.44,250797683.09,66.82
39,108956.53,0.5,0.61,273187287.21,97.47
64,110998.18,0.47,0.71,256929970.41,75.21
71,117976.19,0.55,0.57,241186266.89,53.66
54,131211.97,0.38,0.77,270929637.84,94.38
63,122063.08,0.43,0.9,258759309.09,77.72
50,104950.39,0.36,0.83,273730555.2,98.21
40,84713.71,0.57,0.46,273747393.44,98.23
75,178010.91,0.34,0.52,230024345.58,38.38
46,121614.7,0.46,0.91,274904826.34,99.82
61,101664.23,0.52,0.61,262186377.04,82.41
38,105501.84,0.41,0.48,272561553.4,96.61
79,130738.73,0.34,0.77,217185926.96,20.8
74,171115.92,0.37,0.54,232966254.78,42.4
74,82254.04,0.43,0.51,232954494.81,42.39
34,68982.42,0.4,0.85,268932459.8,91.64
62,182599.74,0.38,0.48,260575386.92,80.2
77,134393.73,0.34,0.39,223836724.93,29.91
41,139520.42,0.32,0.53,274220830.22,98.88
80,107668.56,0.35,0.71,213743441.26,16.09
69,112387.95,0.34,0.44,246223860.93,60.55
60,141248.17,0.52,0.67,263723437.81,84.51
59,108859.45,0.59,0.72,265165784.73,86.49
60,129489.59,0.49,0.81,263711131.94,84.49
72,105937.74,0.5,0.51,238548017.18,50.05
56,105347.11,0.24,0.8,268946169.31,91.66
71,107382.3,0.44,0.51,241204503.51,53.68
60,142361.62,0.39,0.73,263733041.74,84.52
68,106226.43,0.53,0.57,248539189.83,63.72
62,120896.53,0.56,0.46,260547193.81,80.16
68,114882.1,0.31,0.77,248541018.77,63.73
44,115205.3,0.45,0.58,274945691.78,99.88
72,121498.74,0.28,0.5,238576934.59,50.09
66,131941.94,0.41,0.56,252954269.79,69.77
56,99947.61,0.31,0.68,268951200.06,91.67
49,94546.15,0.24,0.49,274225826.57,98.89
58,145357.07,0.28,0.48,266585379.91,88.43
55,111406.58,0.37,0.39,270027475.74,93.14
67,144232.83,0.33,0.63,250805070.59,66.83
63,122751.65,0.32,0.6,258810149.64,77.79
52,135523.62,0.56,0.51,272540022.65,96.58
43,131892.37,0.53,0.42,274806950.56,99.69
46,114432.72,0.38,0.61,274950897.34,99.88
70,119339.15,0.38,0.76,243732732.88,57.14
59,150140.9,0.43,0.72,265177723.55,86.5
56,180271.66,0.62,0.82,268869669.27,91.56
54,148501.22,0.53,0.41,270959309.99,94.42
40,91810.44,0.43,0.85,273724239.56,98.2
68,142361.42,0.26,0.55,248576521.63,63.77
62,108862.25,0.36,0.9,260522400.56,80.13
46,78859.24,0.35,0.52,274959937.15,99.89
48,105533.13,0.57,0.66,274526050.59,99.3
51,105496.9,0.52,0.61,273186031.58,97.47
58,127858.13,0.25,0.59,266571272.04,88.41
73,137563.18,0.35,0.86,235772122.55,46.25
46,94350.95,0.37,0.76,274937719.76,99.86
57,112690.84,0.41,0.93,267762588.62,90.04
60,113632.07,0.51,0.69,263727142.96,84.52
57,109747.15,0.45,0.64,267789642.6,90.08
45,65330.44,0.44,0.47,275005765.29,99.96
63,111047.33,0.37,0.9,258770297.39,77.73
62,157238.65,0.45,0.65,260533802.57,80.14
54,123523.6,0.56,0.7,270918621.41,94.36
72,103368.13,0.41,0.62,238546989.23,50.04
58,85157.47,0.35,0.66,266548873.76,88.38
51,127612.28,0.35,0.86,273173150.04,97.45
43,121500.61,0.49,0.53,274798419.41,99.67
40,139642.29,0.38,0.52,273763805.85,98.26
63,119403.81,0.34,0.5,258818739.67,77.8
67,122760.97,0.28,0.78,250792895.66,66.81
77,104395.03,0.48,0.42,223809614.42,29.87
64,90686.27,0.45,0.41,256963184.03,75.26
54,142498.05,0.29,0.53,270976003.88,94.44
61,133440.76,0.58,0.67,262166477.15,82.38
57,126830.28,0.54,0.64,267777359.06,90.06
49,100189.03,0.48,0.43,274208836.46,98.87
82,105036.37,0.46,0.89,206512946.09,6.19
74,120200.75,0.31,0.96,232917836.17,42.34
46,90284.46,0.31,0.56,274961693.21,99.9
40,125322.58,0.54,0.74,273714205.54,98.19
62,182035.22,0.4,0.64,260542728.28,80.16
66,114967.93,0.51,0.53,252944967.22,69.76
51,130796.72,0.54,0.49,273195977.79,97.48
63,156254.81,0.46,0.62,258786963.13,77.75
74,156986.83,0.38,0.62,232950645.56,42.38
61,128398.47,0.47,0.58,262192795.88,82.42
76,98040.93,0.5,0.79,226921548.89,34.13
78,138635.53,0.46,0.6,220541073.83,25.39
63,128793.12,0.4,0.73,258783159.09,77.75
57,103758.7,0.36,0.48,267815891.9,90.11
74,135769.82,0.27,0.67,232958093.91,42.39
47,116688.52,0.34,0.52,274815330.98,99.7
48,106809.4,0.33,0.63,274553952.79,99.34
69,120504.25,0.51,0.82,246160757.34,60.47
41,97471.43,0.49,0.8,274171782.36,98.82
43,123878.83,0.51,0.61,274784470.99,99.65
61,119689.14,0.43,0.69,262184729.98,82.4
44,119778.45,0.28,0.84,274935827.29,99.86
42,111133.52,0.47,0.74,274526772.18,99.3
55,135834.53,0.37,0.49,270019486.98,93.13
40,84192.48,0.37,0.75,273739492.21,98.22
49,117892.23,0.49,0.44,274208414.09,98.87
71,118631.9,0.44,0.82,241168980.4,53.63
53,110526.96,0.54,0.66,271778167.08,95.54
78,134464.49,0.28,0.58,220569228.33,25.43
57,97669.53,0.5,0.45,267805073.71,90.1
50,88800.22,0.32,0.59,273758070.26,98.25
63,101527.43,0.3,0.82,258787802.05,77.75
73,104889.14,0.45,0.43,235812133.6,46.3
72,114351.17,0.51,0.68,238528861.53,50.02
46,106499.46,0.51,0.91,274905566.16,99.82
75,98119.19,0.47,0.62,229991169.15,38.33
74,116700.07,0.6,0.63,232923645.57,42.35
45,131663.21,0.53,0.66,274976253.66,99.92
54,113976.86,0.53,0.61,270934206.17,94.38
62,134413.73,0.47,0.47,260557870.03,80.18
63,156869.92,0.5,0.43,258811166.99,77.79
43,165891.26,0.45,0.68,274778722.91,99.65
60,99659.1,0.37,0.85,263728141.95,84.52
56,136756.39,0.42,0.47,268965628.54,91.69
80,216822.39,0.48,0.51,213752202.9,16.1
57,136726.68,0.44,0.6,267794964.7,90.09
52,121199.54,0.41,0.78,272527830.62,96.57
61,127622.9,0.29,0.52,262224396.98,82.46
68,117188.54,0.43,0.83,248519991.29,63.7
51,119738.56,0.47,0.43,273211554.79,97.5
68,115678.05,0.38,0.86,248523134.79,63.7
83,103545.97,0.44,0.66,202789229.18,1.09
76,101020.64,0.46,0.73,226930719.73,34.14
64,103276.56,0.37,0.64,256948795.84,75.24
66,121734.35,0.39,0.81,252926215.99,69.73
35,89928.23,0.47,0.43,270009502.97,93.12
65,111912.65,0.46,0.43,255012023.31,72.59
40,101437.26,0.34,0.58,273757408.1,98.25
41,119835.03,0.49,0.8,274165406.9,98.81
69,119560.3,0.43,0.8,246171753.17,60.48
69,104557.82,0.46,0.66,246187000.29,60.5
42,103785.93,0.39,0.76,274534534.38,99.31
79,97377.23,0.34,0.46,217219440.03,20.85
60,95887.47,0.44,0.81,263725321.04,84.51
58,117407.92,0.43,0.83,266520045.09,88.34
58,153422.4,0.47,0.73,266518794.56,88.34
38,88864.22,0.27,0.6,272562036.37,96.61
52,206087.78,0.29,0.85,272520681.93,96.56
47,116914.69,0.35,0.83,274778970.52,99.65
45,111130.52,0.44,0.74,274979468.69,99.92
46,97414.41,0.5,0.63,274937650.54,99.86
66,123049.97,0.33,0.73,252942192.4,69.75
66,116767.31,0.5,0.71,252925359.32,69.73
79,129925.67,0.32,0.63,217205710.85,20.83
69,109747.43,0.35,0.57,246209059.84,60.53
74,106702.34,0.39,0.57,232953986.04,42.39
59,110028.28,0.4,0.68,265190235.23,86.52
48,120923.4,0.53,0.59,274534452.52,99.31
42,114555.6,0.24,0.57,274572448.9,99.36
52,99865.47,0.48,0.75,272526827.4,96.56
75,128329.45,0.49,0.64,229982588.32,38.32
52,118889.46,0.48,0.44,272559785.04,96.61
60,162612.74,0.42,0.64,263740184.79,84.53
45,112481.28,0.28,0.86,274983764.32,99.93
54,222301.57,0.5,0.81,270879963.7,94.31
41,61802.33,0.53,0.53,274196705.61,98.85
44,110365.09,0.4,0.89,274918388.04,99.84
57,116504.77,0.33,0.41,267830406.74,90.13
40,152439.75,0.53,0.9,273684808.2,98.15
37,110203.64,0.34,0.47,271820477.95,95.6
62,144394.29,0.3,0.39,260594597.51,80.23
76,136282.38,0.52,0.56,226939740.28,34.15
75,121099.49,0.33,0.55,230013975.85,38.36
68,126042.66,0.37,0.63,248549599.07,63.74
67,110114.07,0.39,0.82,250777415.35,66.79
38,100082.6,0.42,0.82,272525870.84,96.56
45,111265.76,0.42,0.59,274999196.23,99.95
75,150545.64,0.47,0.61,229988075.45,38.33
71,161351.55,0.5,0.45,241208713.76,53.69
79,116958.41,0.47,0.43,217211816.56,20.84
46,107648.45,0.49,0.72,274927070.92,99.85
70,130733.61,0.59,0.5,243738249.62,57.15
47,108572.7,0.34,0.82,274782554.06,99.65
55,73918.24,0.59,0.7,269978876.56,93.08
69,114689.28,0.48,0.51,246201460.4,60.52
46,126588.0,0.33,0.68,274948409.51,99.88
52,111965.41,0.32,0.53,272566981.23,96.62
52,126842.88,0.33,0.63,272555444.1,96.6
55,131675.59,0.46,0.81,269964276.79,93.06
38,95292.91,0.28,0.61,272559643.06,96.61
56,97100.37,0.37,0.45,268967143.99,91.69
63,144492.97,0.34,0.76,258786663.33,77.75
54,139712.68,0.5,0.41,270962880.49,94.42
71,110595.32,0.34,0.77,241187508.23,53.66
45,151136.98,0.67,0.63,274953888.26,99.89
70,121169.51,0.66,0.66,243711193.76,57.11
74,107166.59,0.33,0.87,232929155.41,42.35
68,105757.54,0.46,0.83,248520218.53,63.7
63,183807.85,0.27,0.44,258853922.92,77.84
39,135346.87,0.47,0.55,273196656.47,97.48
58,120845.46,0.41,0.82,266521326.96,88.34
43,86311.83,0.32,0.38,274825972.99,99.71
69,192563.31,0.37,0.7,246187757.04,60.5
41,84694.83,0.31,0.76,274194308.99,98.85
63,100555.77,0.65,0.72,258762719.93,77.72
60,129849.54,0.48,0.78,263715937.4,84.5
74,144796.81,0.44,0.76,232920785.89,42.34
65,145159.94,0.4,0.76,254977654.59,72.54
41,121675.68,0.26,0.82,274189517.92,98.84
73,169756.57,0.49,0.75,235759185.1,46.23
64,105512.19,0.25,0.56,256970046.54,75.27
68,115407.4,0.53,0.66,248528703.57,63.71
42,92199.42,0.5,0.72,274530047.41,99.31
75,101544.08,0.3,0.86,229983397.79,38.32
48,92985.73,0.5,0.55,274544861.48,99.33
61,154021.59,0.6,0.57,262174682.58,82.39
47,100590.84,0.53,0.87,274759307.61,99.62
41,91612.57,0.28,0.69,274202244.49,98.86
50,130631.52,0.27,0.52,273777128.55,98.28
58,168753.87,0.42,0.76,266519499.75,88.34
60,98149.75,0.52,0.93,263706492.62,84.49
75,126218.63,0.53,0.77,229962523.89,38.29
59,109877.84,0.36,0.79,265183360.17,86.51
44,106821.44,0.56,0.43,274951215.47,99.88
52,105342.93,0.45,0.78,272525749.11,96.56
64,150442.71,0.49,0.69,256922818.79,75.2
69,97701.7,0.4,0.8,246180330.82,60.49
63,108411.18,0.33,0.55,258812795.49,77.79
63,118929.01,0.63,0.47,258787828.11,77.75
64,109318.8,0.46,0.66,256937327.29,75.22
63,155599.3,0.5,0.54,258793788.38,77.76
70,99451.78,0.63,0.76,243711158.86,57.11
62,110231.74,0.57,0.88,260499839.64,80.1
76,149179.39,0.58,0.73,226904030.22,34.1
72,105202.03,0.29,0.83,238537948.12,50.03
77,118151.85,0.32,0.63,223806098.9,29.86
52,111156.2,0.38,0.8,272530161.93,96.57
46,114232.68,0.43,0.82,274921532.22,99.84
57,110073.24,0.36,0.69,267793684.99,90.08
59,101448.31,0.33,0.7,265197171.45,86.53
55,122472.17,0.35,0.74,269988822.69,93.09
42,74681.8,0.47,0.74,274533780.01,99.31
45,91962.91,0.35,0.56,275008290.93,99.96
67,145123.54,0.3,0.79,250786956.42,66.8
56,122745.68,0.46,0.89,268907331.88,91.61
63,163612.05,0.42,0.57,258801162.43,77.77
77,134386.45,0.47,0.76,223769214.9,29.81
67,112704.35,0.42,0.76,250779372.57,66.79
55,132932.55,0.45,0.74,269975537.62,93.07
51,98121.69,0.5,0.72,273178242.07,97.46
75,89168.51,0.46,0.84,229973237.46,38.31
38,80351.76,0.54,0.61,272538446.08,96.58
68,134013.17,0.54,0.42,248555153.93,63.75
73,116672.25,0.36,0.78,235783761.03,46.26
67,98068.87,0.5,0.75,250775627.3,66.79
78,95154.73,0.32,0.84,220535275.81,25.39
40,98423.25,0.5,0.47,273753159.97,98.24
50,95081.95,0.47,0.45,273757531.09,98.25
61,141253.0,0.45,0.9,262150618.82,82.36
38,87071.26,0.52,0.47,272550990.01,96.6
43,88673.08,0.36,0.82,274783657.75,99.65
58,95192.08,0.59,0.88,266506050.25,88.32
38,123111.06,0.43,0.73,272530512.36,96.57
42,87154.83,0.33,0.49,274565251.83,99.35
61,154554.13,0.51,0.73,262161868.52,82.37
78,133545.91,0.41,0.87,220512604.67,25.35
52,133543.37,0.26,0.59,272570904.2,96.62
54,117815.75,0.48,0.62,270938480.1,94.39
76,100590.47,0.39,0.6,226950823.93,34.17
47,153890.99,0.54,0.39,274811093.99,99.69
74,180738.56,0.35,0.89,232906308.8,42.32
45,101640.28,0.36,0.82,274981906.91,99.92
52,98425.06,0.55,0.87,272508374.92,96.54
81,87172.37,0.41,0.67,210193109.96,11.23
46,106796.23,0.39,0.83,274925737.37,99.85
77,97340.82,0.38,0.54,223807805.44,29.87
52,104065.2,0.33,0.72,272545213.85,96.59
57,109242.62,0.54,0.75,267769566.68,90.05
58,108304.48,0.4,0.82,266526198.76,88.35
74,157708.74,0.51,0.84,232896029.0,42.31
44,128481.77,0.55,0.86,274897493.97,99.81
68,127075.5,0.29,0.84,248532818.18,63.72
63,142382.79,0.5,0.79,258759426.35,77.72
68,134027.89,0.6,0.41,248548909.43,63.74
76,109387.07,0.52,0.83,226912152.45,34.12
74,110117.67,0.46,0.71,232932026.52,42.36
55,143361.52,0.5,0.55,269994008.86,93.1
75,99970.14,0.57,0.4,230002869.02,38.35
45,100150.11,0.62,0.75,274962848.09,99.9
72,138964.4,0.29,0.57,238568854.99,50.07
52,128624.27,0.33,0.65,272552841.73,96.6
64,158112.65,0.38,0.75,256930628.44,75.21
56,118344.69,0.57,0.83,268902453.4,91.6
55,128675.19,0.38,0.8,269976171.11,93.07
65,135860.1,0.34,0.65,255001395.78,72.57
78,126545.3,0.41,0.56,220553357.58,25.41
66,153723.9,0.56,0.49,252943120.62,69.75
51,94897.05,0.43,0.58,273199287.58,97.48
59,106461.15,0.38,0.47,265216535.32,86.56
79,95955.33,0.35,0.83,217181967.05,20.79
58,133328.94,0.36,0.68,266544570.39,88.37
57,134753.9,0.3,0.48,267830274.27,90.13
53,131355.52,0.32,0.6,271810298.46,95.58
39,88434.85,0.5,0.64,273187761.01,97.47
53,140860.61,0.55,0.68,271767047.88,95.52
50,122737.09,0.32,0.45,273778624.78,98.28
70,249316.31,0.28,0.9,243706459.67,57.11
59,123608.38,0.33,0.53,265217027.79,86.56
47,100569.11,0.42,0.34,274824134.06,99.71
49,127010.52,0.39,0.45,274220249.66,98.88
47,158104.53,0.41,0.74,274776515.09,99.64
61,150970.35,0.27,0.49,262235237.62,82.47
52,175640.92,0.53,0.44,272554408.15,96.6
71,118088.73,0.51,0.6,241187100.65,53.66
74,107693.3,0.5,0.74,232923926.9,42.35
75,103343.17,0.45,0.47,230007564.02,38.35
52,107500.86,0.49,0.51,272549887.73,96.6
65,110339.13,0.53,0.64,254982346.83,72.54
51,130337.36,0.43,0.45,273215257.5,97.51
75,131423.29,0.45,0.65,229986833.88,38.32
65,128627.91,0.43,0.46,255014528.41,72.59
51,131399.54,0.35,0.4,273233299.2,97.53
47,114649.97,0.44,0.63,274791590.29,99.66
76,96443.55,0.54,0.53,226943170.13,34.16
82,92514.26,0.45,0.42,206562531.96,6.26
47,107674.23,0.32,0.6,274808003.53,99.69
64,138734.49,0.42,0.89,256907125.76,75.18
81,109134.32,0.7,0.81,210144928.89,11.16
41,109273.57,0.29,0.76,274194996.85,98.85
43,101340.02,0.46,0.83,274769892.43,99.63
61,113736.97,0.43,0.93,262159650.0,82.37
50,119101.45,0.28,0.77,273744362.17,98.23
39,146437.59,0.3,0.72,273195984.05,97.48
76,99752.81,0.2,0.61,226969034.21,34.19
64,173878.53,0.27,0.47,256994817.29,75.3
75,96773.78,0.25,0.75,229999408.94,38.34
50,109561.45,0.49,0.91,273705574.5,98.18
70,134210.79,0.49,0.66,243729685.49,57.14
66,239621.95,0.24,0.71,252961029.43,69.78
48,137116.04,0.39,0.69,274538998.27,99.32
74,106139.74,0.41,0.64,232944356.65,42.37
53,121071.49,0.46,0.58,271795907.91,95.56
63,111202.77,0.47,0.65,258786923.18,77.75
55,115948.87,0.52,0.61,269985901.39,93.09
40,93186.08,0.49,0.74,273728476.85,98.21
55,158199.4,0.57,0.81,269938773.46,93.02
75,120857.19,0.33,0.84,229979665.74,38.32
38,93334.05,0.42,0.5,272557684.05,96.61
70,80958.55,0.25,0.86,243741171.1,57.16
45,87251.35,0.66,0.59,274977606.62,99.92
44,108042.18,0.32,0.56,274962844.37,99.9
44,94259.21,0.42,0.76,274932839.62,99.86
77,95209.64,0.31,0.57,223810966.51,29.87
52,116791.28,0.34,0.43,272577376.74,96.63
72,134923.9,0.47,0.57,238544445.83,50.04
63,164764.75,0.59,0.79,258736842.01,77.68
71,118696.47,0.5,0.49,241201759.89,53.68
35,89230.39,0.49,0.71,269982192.6,93.08
43,100288.8,0.44,0.72,274783741.78,99.65
65,140135.12,0.34,0.74,254988240.13,72.55
82,128232.54,0.23,0.86,206538387.51,6.22
48,159752.2,0.28,0.63,274563185.72,99.35
51,129047.69,0.3,0.46,273231268.57,97.53
49,178518.27,0.37,0.52,274219739.97,98.88
76,108768.11,0.33,0.58,226959323.09,34.18
58,126955.0,0.39,0.81,266524087.23,88.35
65,124401.48,0.27,0.47,255032853.5,72.61
71,111871.56,0.47,0.56,241196392.39,53.67
57,117195.12,0.42,0.75,267780916.49,90.07
73,122884.34,0.36,0.74,235788058.61,46.27
56,102221.64,0.55,0.7,268923724.64,91.63
75,132073.52,0.39,0.82,229971888.38,38.3
59,86474.7,0.27,0.76,265197108.93,86.53
65,155385.62,0.42,0.7,254980443.04,72.54
37,88975.82,0.34,0.65,271801067.33,95.57
45,81648.28,0.48,0.89,274970020.7,99.91
62,101570.91,0.26,0.71,260553985.45,80.17
63,130083.05,0.47,0.54,258799665.87,77.77
40,77319.93,0.47,0.55,273748618.22,98.24
60,118746.11,0.38,0.75,263734846.13,84.53
50,128025.46,0.5,0.89,273699410.74,98.17
42,107211.2,0.41,0.47,274562219.84,99.35
59,116352.42,0.51,0.47,265202419.87,86.54
41,124898.88,0.37,0.78,274181175.93,98.83
58,122529.82,0.39,0.85,266520080.67,88.34
67,180062.21,0.43,0.55,250804951.19,66.83
69,138890.96,0.38,0.55,246208911.8,60.53
81,135965.92,0.39,0.74,210182691.64,11.21
34,106086.98,0.48,0.57,268944802.22,91.66
42,115999.13,0.28,0.82,274539054.89,99.32
65,118696.32,0.25,0.43,255037703.06,72.62
76,157203.55,0.36,0.39,226989661.47,34.22
39,89918.22,0.34,0.45,273218013.71,97.51
64,144028.09,0.33,0.59,256961118.83,75.25
60,119574.02,0.46,0.45,263759781.93,84.56
57,118101.83,0.35,0.39,267830687.13,90.13
57,130479.08,0.52,0.78,267760887.51,90.04
48,128514.08,0.54,0.49,274546090.04,99.33
41,115786.68,0.47,0.84,274163834.66,98.8
59,111508.8,0.5,0.57,265191696.05,86.52
68,102986.14,0.44,0.78,248527713.2,63.71
50,101606.07,0.18,0.47,273785348.36,98.29
57,121509.28,0.43,0.5,267808721.12,90.1
39,107801.43,0.36,0.63,273201340.76,97.49
70,117799.58,0.51,0.73,243721461.36,57.13
68,168979.36,0.47,0.8,248503502.9,63.67
78,88520.46,0.44,0.78,220531122.26,25.38
51,99310.01,0.47,0.72,273181227.51,97.46
73,123055.61,0.3,0.6,235812462.33,46.3
60,117774.28,0.26,0.84,263738273.28,84.53
50,133555.86,0.41,0.72,273732469.36,98.21
72,129425.2,0.46,0.87,238508157.05,49.99
42,128736.33,0.46,0.8,274517224.32,99.29
62,126348.89,0.41,0.45,260568147.99,80.19
70,118426.35,0.5,0.61,243737596.74,57.15
61,142019.68,0.44,0.71,262179802.65,82.4
81,110059.1,0.53,0.74,210170792.8,11.2
56,103577.02,0.37,0.68,268945572.64,91.66
81,157875.57,0.44,0.8,210162414.9,11.18
48,129877.75,0.49,0.53,274547829.06,99.33
57,107285.99,0.5,0.51,267799265.54,90.09
74,137318.79,0.43,0.41,232972786.9,42.41
82,120536.37,0.5,0.74,206521640.17,6.2
53,124883.25,0.32,0.74,271793210.38,95.56
57,147652.24,0.42,0.54,267805838.96,90.1
61,125207.2,0.4,0.73,262183699.92,82.4
76,155803.94,0.45,0.4,226973512.38,34.2
75,93048.94,0.5,0.45,230004513.62,38.35
72,127287.5,0.35,0.79,238531319.44,50.02
48,110586.59,0.46,0.54,274549283.51,99.33
52,150378.73,0.57,0.78,272498728.33,96.53
52,200890.36,0.52,0.78,272490151.12,96.51
47,163389.01,0.58,0.85,274728823.42,99.58
53,120588.66,0.47,0.46,271807886.89,95.58
41,168809.89,0.41,0.68,274185229.99,98.83
82,120359.93,0.46,0.75,206524600.34,6.2
59,87263.18,0.56,0.78,265170531.77,86.49
54,116870.95,0.28,0.76,270944903.17,94.4
48,100387.61,0.36,0.44,274570776.55,99.36
44,123983.21,0.35,0.47,274973383.94,99.91
52,84557.86,0.37,0.65,272548622.69,96.59
74,132288.63,0.49,0.71,232923631.3,42.35
65,128847.16,0.32,0.57,255014384.83,72.59
73,128012.48,0.46,0.5,235805865.55,46.29
69,150002.18,0.53,0.81,246147888.89,60.45
45,96484.37,0.3,0.52,275017421.64,99.97
45,105076.79,0.47,0.48,275005911.3,99.96
60,167625.64,0.55,0.5,263741513.76,84.54
66,113170.19,0.62,0.52,252933774.11,69.74
57,165704.95,0.35,0.74,267786385.2,90.07
65,144990.62,0.3,0.62,255012559.9,72.59
64,153255.04,0.38,0.35,256991952.3,75.3
56,94923.03,0.32,0.38,268978566.5,91.71
54,106061.26,0.46,0.54,270950090.91,94.41
53,119088.74,0.44,0.76,271775937.73,95.54
39,93619.85,0.39,0.4,273219081.42,97.51
39,92784.36,0.4,0.62,273198037.98,97.48
71,188407.81,0.53,0.46,241201882.87,53.68
68,124915.13,0.43,0.53,248554915.44,63.75
70,118302.1,0.4,0.47,243765260.7,57.19
55,110770.03,0.38,0.41,270022600.77,93.14
75,115013.22,0.36,0.76,229986163.29,38.32
52,106907.28,0.39,0.6,272550653.25,96.6
66,138186.98,0.35,0.8,252929506.87,69.73
82,119974.12,0.34,0.46,206574682.33,6.27
55,111052.5,0.26,0.48,270029017.72,93.14
69,132211.53,0.35,0.54,246214620.58,60.54
50,116386.37,0.26,0.82,273739596.79,98.22
55,107392.08,0.43,0.57,269999585.66,93.1
82,103179.53,0.45,0.59,206545755.15,6.23
77,151694.08,0.38,0.51,223816107.24,29.88
41,200632.87,0.52,0.47,274202432.14,98.86
66,142349.13,0.49,0.9,252894311.21,69.69
82,103024.06,0.4,0.67,206543535.62,6.23
46,128917.65,0.59,0.8,274899909.3,99.81
44,67421.56,0.33,0.75,274944752.5,99.87
49,128945.21,0.37,0.71,274189780.84,98.84
50,100245.97,0.6,0.47,273743179.04,98.23
43,119617.8,0.56,0.73,274764442.33,99.63
51,122888.29,0.36,0.51,273216749.63,97.51
55,99379.42,0.46,0.64,269989598.73,93.09
50,74983.05,0.38,0.72,273742506.64,98.23
72,96637.02,0.51,0.82,238518652.98,50.01
65,141182.13,0.53,0.72,254964375.87,72.52
42,71805.46,0.42,0.77,274536550.61,99.32
58,108555.64,0.34,0.45,266572743.59,88.41
44,88924.17,0.39,0.54,274956570.45,99.89
66,137234.71,0.45,0.42,252967975.5,69.79
40,103674.27,0.57,0.72,273719630.66,98.2
66,123616.54,0.45,0.86,252910961.5,69.71
80,96744.53,0.26,0.54,213768790.58,16.12
40,108491.81,0.47,0.45,273758296.37,98.25
57,85120.31,0.29,0.66,267804530.22,90.1
70,134874.81,0.43,0.85,243711909.94,57.12
82,126650.32,0.52,0.69,206523034.68,6.2
38,90249.39,0.51,0.39,272558788.0,96.61
53,109887.19,0.49,0.92,271754916.3,95.51
83,105879.32,0.34,0.81,202784469.05,1.08
49,103100.17,0.36,0.48,274216681.01,98.88
70,139810.41,0.36,0.86,243718253.3,57.12
41,86712.11,0.38,0.68,274195131.25,98.85
54,121283.96,0.43,0.55,270952017.34,94.41
63,113058.18,0.36,0.62,258802402.06,77.77
79,120684.01,0.26,0.84,217188623.15,20.8
56,117802.27,0.35,0.73,268940965.54,91.65
68,169799.9,0.55,0.42,248556310.62,63.75
60,98922.23,0.53,0.82,263715710.34,84.5
65,135644.6,0.36,0.46,255024489.01,72.6
61,116108.49,0.36,0.78,262183678.06,82.4
71,105830.82,0.4,0.74,241185034.51,53.66
66,116145.42,0.35,0.48,252968499.2,69.79
63,124439.2,0.48,0.5,258803573.63,77.78
54,104953.43,0.46,0.81,270921549.1,94.37
72,119298.65,0.49,0.62,238537113.59,50.03
75,114028.63,0.48,0.73,229976329.87,38.31
43,104264.32,0.42,0.65,274791791.4,99.66
74,152303.1,0.5,0.75,232911993.24,42.33
64,198952.15,0.42,0.65,256935781.62,75.22
67,99345.75,0.43,0.56,250801635.37,66.82
74,97563.73,0.36,0.59,232954528.37,42.39
38,125343.7,0.44,0.78,272522862.62,96.56
43,108151.84,0.38,0.64,274798360.62,99.67
66,136881.86,0.51,0.5,252948296.29,69.76
54,98865.61,0.49,0.85,270917083.8,94.36
75,99382.26,0.49,0.84,229967447.99,38.3
61,119750.89,0.38,0.4,262226647.12,82.46
80,107204.15,0.38,0.88,213722912.8,16.06
51,100711.88,0.56,0.68,273175334.8,97.45
68,119563.17,0.52,0.52,248544668.26,63.73
74,127348.9,0.49,0.55,232945008.93,42.37
70,104170.82,0.27,0.74,243748659.71,57.17
65,110809.12,0.47,0.81,254969468.08,72.53
79,81659.68,0.38,0.45,217213688.89,20.84
68,126492.65,0.39,0.54,248558066.08,63.75
67,124683.06,0.32,0.52,250819414.32,66.85
76,136461.94,0.34,0.75,226937137.88,34.15
40,95444.77,0.42,0.5,273757644.72,98.25
37,92885.37,0.42,0.45,271812024.77,95.59
73,98628.33,0.54,0.72,235775448.38,46.25
38,159176.22,0.32,0.77,272536027.96,96.58
37,112667.47,0.37,0.67,271795592.46,95.56
59,121482.09,0.38,0.56,265207927.24,86.54
54,96489.41,0.52,0.59,270939293.75,94.39
68,138918.2,0.26,0.63,248565365.65,63.76
50,184610.93,0.49,0.89,273679429.32,98.14
56,114799.9,0.52,0.75,268919883.76,91.63
66,114090.02,0.42,0.52,252957015.22,69.77
75,152665.53,0.41,0.58,230000391.49,38.34
71,139731.0,0.44,0.62,241192321.35,53.67
66,145806.48,0.54,0.7,252916218.09,69.72
49,80059.47,0.36,0.6,274203206.23,98.86
76,103249.54,0.51,0.82,226916021.11,34.12
47,130813.68,0.49,0.76,274767127.42,99.63
46,110628.86,0.45,0.65,274938614.6,99.87
74,143439.4,0.47,0.85,232904017.11,42.32
45,135436.44,0.41,0.85,274965100.35,99.9
75,82284.57,0.34,0.85,229983979.86,38.32
36,98561.33,0.43,0.89,270918621.5,94.36
71,119864.39,0.43,0.53,241204491.18,53.68
42,124034.45,0.53,0.51,274544341.75,99.33
39,102638.48,0.41,0.79,273178870.43,97.46
69,108636.95,0.44,0.72,246182620.22,60.5
63,93821.35,0.56,0.83,258762851.73,77.72
40,99399.98,0.33,0.48,273768561.99,98.26
51,118614.59,0.46,0.76,273174247.89,97.45
41,104385.57,0.39,0.47,274214217.55,98.87
59,105118.93,0.56,0.66,265177095.09,86.5
68,150291.71,0.53,0.46,248551732.02,63.74
63,99872.32,0.36,0.46,258818181.59,77.8
40,101009.96,0.43,0.39,273768061.69,98.26
51,138490.42,0.4,0.7,273186814.47,97.47
71,154605.75,0.36,0.6,241206269.83,53.68
71,165469.24,0.44,0.43,241221442.49,53.71
73,133729.98,0.44,0.57,235798074.36,46.28
71,140516.58,0.54,0.48,241197827.29,53.67
72,113220.15,0.37,0.91,238517648.23,50.0
58,187456.79,0.57,0.58,266522801.58,88.34
48,64927.49,0.49,0.58,274545888.42,99.33
38,81875.81,0.47,0.78,272529650.12,96.57
59,126268.77,0.55,0.71,265167974.18,86.49
46,89861.49,0.39,0.76,274936990.28,99.86
71,96691.11,0.22,0.72,241205547.95,53.68
50,107096.1,0.43,0.89,273715684.54,98.19
50,117572.69,0.41,0.51,273760271.03,98.25
70,151391.79,0.47,0.86,243700630.12,57.1
61,113020.91,0.64,0.84,262146128.51,82.35
37,108894.76,0.58,0.68,271771736.68,95.53
46,100734.88,0.42,0.71,274937044.69,99.86
77,121272.15,0.47,0.69,223781304.16,29.83
81,122902.89,0.39,0.42,210223507.88,11.27
52,103592.08,0.31,0.49,272570013.18,96.62
71,115607.58,0.53,0.91,241148524.31,53.61
57,123277.58,0.42,0.66,267790362.42,90.08
64,150135.64,0.4,0.61,256948903.95,75.24
42,68615.17,0.35,0.73,274544455.11,99.33
76,125821.41,0.3,0.68,226952451.76,34.17
74,116417.68,0.38,0.43,232972728.05,42.41
61,144212.34,0.41,0.73,262180725.05,82.4
59,141445.04,0.27,0.74,265197989.97,86.53
48,112273.14,0.33,0.46,274573216.04,99.37
79,117015.97,0.43,0.87,217164437.93,20.77
39,99240.27,0.28,0.49,273223310.45,97.52
40,112539.52,0.57,0.62,273728364.93,98.21
62,114864.06,0.26,0.48,260579270.55,80.21
59,177568.76,0.37,0.68,265189936.56,86.52
69,95386.16,0.47,0.6,246193584.29,60.51
50,110322.5,0.41,0.59,273750519.47,98.24
73,127707.05,0.31,0.72,235796005.93,46.28
53,135230.17,0.28,0.38,271846660.3,95.63
78,88015.36,0.56,0.83,220515584.08,25.36
50,124075.1,0.47,0.66,273733266.96,98.22
77,121769.88,0.34,0.86,223775524.1,29.82
59,131578.21,0.35,0.72,265190206.53,86.52
73,116358.15,0.42,0.43,235816841.41,46.31
55,122188.85,0.4,0.47,270015486.28,93.13
66,145310.0,0.5,0.83,252902078.56,69.7
59,104911.05,0.49,0.86,265164059.77,86.48
75,97657.78,0.31,0.54,230014529.29,38.36
77,127833.92,0.46,0.63,223788320.68,29.84
62,104346.47,0.32,0.66,260551855.14,80.17
44,55879.66,0.36,0.9,274935617.67,99.86
68,140642.83,0.28,0.89,248525737.26,63.71
41,71231.43,0.42,0.88,274178366.23,98.82
51,93792.05,0.5,0.87,273165069.85,97.44
77,118343.62,0.42,0.88,223764703.63,29.81
75,125407.92,0.28,0.53,230023919.63,38.38
55,130870.53,0.51,0.82,269956763.79,93.05
68,113532.95,0.52,0.71,248524474.19,63.7
75,119417.44,0.45,0.88,229960685.02,38.29
51,106513.04,0.53,0.7,273175164.89,97.45
45,113099.61,0.38,0.5,275013260.25,99.97
60,115325.13,0.56,0.71,263718302.24,84.5
48,101614.26,0.42,0.71,274537447.4,99.32
78,87848.43,0.53,0.52,220545421.12,25.4
69,172458.41,0.5,0.64,246176680.84,60.49
39,112322.78,0.3,0.75,273194598.6,97.48
53,113814.33,0.43,0.59,271797907.31,95.57
56,120276.88,0.39,0.58,268952700.07,91.67
75,94094.65,0.31,0.43,230024267.49,38.38
47,116118.86,0.33,0.85,274779477.58,99.65
46,161253.21,0.42,0.79,274915032.97,99.83
58,118478.64,0.36,0.35,266583361.83,88.43
57,107146.85,0.33,0.84,267781926.29,90.07
68,107433.24,0.37,0.76,248536188.22,63.72
66,91744.88,0.52,0.4,252957261.32,69.77
40,107220.08,0.39,0.59,273752625.56,98.24
75,131972.43,0.48,0.73,229972138.85,38.3
78,142138.22,0.45,0.64,220537655.52,25.39
51,140182.04,0.35,0.76,273185010.29,97.46
71,145196.94,0.31,0.62,241209975.46,53.69
66,97856.64,0.5,0.51,252948526.3,69.76
63,129837.37,0.54,0.86,258747766.48,77.7
48,120098.63,0.52,0.54,274542056.74,99.32
68,126434.17,0.33,0.77,248537228.27,63.72
44,94154.18,0.43,0.47,274958842.17,99.89
52,113777.74,0.38,0.54,272558605.43,96.61
55,139319.86,0.44,0.61,269992537.84,93.09
64,156883.94,0.45,0.51,256955241.94,75.25
59,146954.26,0.3,0.61,265214164.35,86.55
69,127961.22,0.52,0.45,246203609.42,60.53
42,137854.14,0.46,0.65,274535463.36,99.31
40,119834.23,0.58,0.74,273712091.8,98.19
77,92256.04,0.43,0.44,223811833.39,29.87
48,76688.19,0.33,0.84,274536689.17,99.32
46,108271.41,0.49,0.54,274946451.85,99.88
58,91446.98,0.31,0.46,266571633.75,88.41
56,103643.49,0.35,0.74,268940872.33,91.65
69,117785.4,0.6,0.57,246179398.65,60.49
71,141095.62,0.41,0.65,241192286.27,53.67
42,112717.26,0.6,0.47,274542547.01,99.32
57,128119.44,0.35,0.79,267781155.57,90.07
76,126115.39,0.36,0.65,226948547.07,34.17
37,81293.5,0.59,0.47,271795624.42,95.56
41,100988.1,0.47,0.59,274194200.84,98.85
53,108062.96,0.44,0.84,271770245.22,95.53
71,146778.11,0.38,0.64,241197701.44,53.67
56,157228.81,0.52,0.49,268948262.89,91.66
72,118243.79,0.41,0.51,238558966.36,50.06
55,152605.79,0.38,0.48,270020367.67,93.13
63,95643.77,0.33,0.67,258800001.42,77.77
58,197899.57,0.46,0.83,266492292.55,88.3
44,109156.84,0.38,0.67,274944480.6,99.87
45,133325.69,0.37,0.63,275001033.18,99.95
59,129879.08,0.4,0.85,265168011.06,86.49
55,96047.12,0.28,0.7,270000937.04,93.11
52,143843.25,0.26,0.61,272567998.7,96.62
41,79868.28,0.43,0.5,274205484.2,98.86
76,185903.9,0.37,0.66,226943512.12,34.16
62,109755.52,0.44,0.72,260532174.57,80.14
72,148803.36,0.52,0.64,238526232.37,50.02
72,145758.59,0.32,0.96,238510017.52,49.99
66,138687.39,0.46,0.86,252906502.0,69.7
68,108051.3,0.39,0.8,248530404.45,63.71
58,102009.18,0.54,0.67,266528779.54,88.35
48,124103.6,0.51,0.62,274534570.16,99.31
60,132867.18,0.49,0.46,263757011.77,84.56
79,127923.31,0.52,0.51,217195664.51,20.81
45,90519.79,0.3,0.75,274995183.17,99.94
67,110164.87,0.46,0.65,250787858.49,66.8
43,106468.38,0.49,0.83,274766559.68,99.63
37,73459.83,0.39,0.45,271811885.83,95.58
43,133306.09,0.35,0.59,274807557.03,99.69
74,107199.26,0.38,0.69,232941964.04,42.37
62,121474.98,0.46,0.65,260536750.14,80.15
71,127046.86,0.34,0.79,241182858.63,53.65
43,75325.12,0.46,0.97,274767722.86,99.63
54,113916.82,0.2,0.42,270993759.47,94.46
75,148460.32,0.34,0.49,230025000.98,38.38
54,109498.06,0.61,0.47,270941403.97,94.39
82,196016.76,0.38,0.72,206529014.38,6.21
45,94012.67,0.55,0.58,274987107.69,99.93
46,109380.89,0.32,0.77,274939685.24,99.87
50,127699.48,0.29,0.61,273763795.97,98.26
34,117625.59,0.42,0.68,268938703.37,91.65
73,107669.13,0.55,0.8,235762909.57,46.23
76,99113.54,0.39,0.66,226944767.36,34.16
41,100047.8,0.53,0.63,274183778.49,98.83
78,77217.81,0.44,0.43,220560038.5,25.42
61,186204.46,0.38,0.65,262194367.45,82.42
48,129704.4,0.44,0.68,274534547.26,99.31
67,128377.41,0.47,0.63,250787014.29,66.8
50,124205.14,0.55,0.84,273701840.0,98.17
37,99108.77,0.49,0.84,271767052.65,95.52
68,104953.97,0.34,0.82,248533375.8,63.72
67,93751.35,0.43,0.58,250799118.69,66.82
71,158513.78,0.33,0.77,241183428.36,53.65
52,164135.17,0.51,0.61,272530843.13,96.57
71,129880.17,0.41,0.48,241214364.15,53.7
46,123898.5,0.47,0.59,274943231.92,99.87
42,110315.21,0.41,0.41,274569349.02,99.36
54,116784.34,0.33,0.54,270965874.85,94.43
54,113709.68,0.36,0.63,270951487.38,94.41
73,111488.65,0.55,0.89,235750924.4,46.22
74,169044.76,0.45,0.58,232945608.31,42.38
61,90459.0,0.52,0.79,262171880.17,82.39
73,111446.18,0.52,0.53,235793936.71,46.28
50,115787.09,0.37,0.51,273763398.99,98.26
39,100455.2,0.45,0.64,273190707.66,97.47
73,119012.78,0.41,0.73,235782744.16,46.26
52,99654.26,0.43,0.43,272564472.27,96.62
67,138233.28,0.39,0.41,250828662.84,66.86
51,129087.39,0.35,0.59,273206814.62,97.49
74,164339.56,0.44,0.6,232942790.56,42.37
41,99900.74,0.41,0.74,274184683.64,98.83
39,113523.18,0.39,0.66,273194813.31,97.48
63,131766.51,0.46,0.48,258808136.66,77.78
46,112580.9,0.45,0.87,274914417.19,99.83
71,113806.44,0.48,0.54,241197392.06,53.67
70,137521.18,0.45,0.76,243721499.98,57.13
81,123318.75,0.36,0.8,210180218.54,11.21
40,60609.54,0.5,0.91,273725796.43,98.21
42,127130.5,0.23,0.68,274560629.52,99.35
56,144747.08,0.59,0.7,268908374.17,91.61
55,133844.3,0.32,0.56,270016565.28,93.13
61,118784.89,0.49,0.74,262173616.24,82.39
67,156742.86,0.48,0.67,250776033.96,66.79
72,97935.98,0.4,0.64,238545676.18,50.04
72,156106.82,0.41,0.82,238514034.08,50.0
42,133406.07,0.32,0.38,274589913.69,99.39
53,77730.02,0.38,0.87,271780449.45,95.54
82,121907.36,0.43,0.87,206514145.46,6.19
67,119386.76,0.5,0.62,250786532.76,66.8
52,82363.13,0.33,0.64,272553131.75,96.6
54,112792.11,0.47,0.61,270941002.09,94.39
57,129512.8,0.41,0.91,267757854.19,90.03
59,113924.2,0.31,0.4,265233254.82,86.58
58,94141.87,0.49,0.67,266535782.11,88.36
63,153538.93,0.29,0.76,258792383.33,77.76
66,139970.63,0.44,0.88,252905069.31,69.7
50,98566.47,0.38,0.81,273731598.05,98.21
56,130838.91,0.45,0.74,268925153.38,91.63
70,110824.88,0.51,0.47,243752101.52,57.17
48,158831.68,0.42,0.6,274545733.22,99.33
43,112114.86,0.39,0.45,274817901.28,99.7
71,123827.94,0.35,0.84,241176316.71,53.64
47,104958.98,0.34,0.78,274787124.23,99.66
62,142750.27,0.39,0.83,260517795.35,80.12
67,131236.81,0.51,0.71,250771740.45,66.78
49,93609.68,0.48,0.67,274185618.24,98.83
63,123010.23,0.26,0.47,258834224.76,77.82
63,166594.3,0.24,0.58,258829138.92,77.81
51,135041.09,0.53,0.47,273200141.64,97.49
58,126111.65,0.43,0.8,266521064.89,88.34
65,125382.92,0.45,0.46,255011027.63,72.58
46,98640.49,0.49,0.75,274926073.78,99.85
54,113253.65,0.38,0.76,270933951.87,94.38
57,139349.29,0.48,0.61,267787205.94,90.07
44,119607.39,0.54,0.48,274947976.06,99.88
58,132259.84,0.44,0.59,266546117.84,88.38
50,92611.52,0.28,0.56,273764914.7,98.26
70,87952.46,0.37,0.77,243737432.78,57.15
53,102029.58,0.26,0.44,271830143.72,95.61
68,131010.49,0.45,0.78,248520635.86,63.7
54,113132.81,0.39,0.8,270928205.34,94.38
76,99716.46,0.21,0.47,226981143.16,34.21
53,100926.45,0.51,0.71,271777995.01,95.54
79,95526.51,0.35,0.71,217194794.06,20.81
47,122022.29,0.28,0.81,274788782.64,99.66
56,119963.68,0.31,0.52,268969892.0,91.69
67,149693.02,0.33,0.45,250833625.93,66.86
71,150797.66,0.45,0.48,241211069.38,53.69
60,122823.74,0.62,0.57,263726682.03,84.52
56,135532.74,0.53,0.83,268901380.13,91.6
65,137400.33,0.31,0.76,254989610.54,72.55
60,124329.24,0.43,0.85,263714860.66,84.5
80,100919.71,0.42,0.41,213766937.99,16.12
50,113137.46,0.31,0.4,273783029.77,98.28
63,133763.9,0.27,0.78,258793833.36,77.76
61,124833.29,0.49,0.54,262195759.34,82.42
46,98218.54,0.28,0.56,274965335.08,99.9
75,103542.99,0.35,0.69,229996087.06,38.34
40,134473.19,0.51,0.45,273754908.62,98.24
46,110375.38,0.37,0.75,274937384.81,99.86
64,137527.51,0.39,0.54,256959777.76,75.25
66,102133.12,0.35,0.73,252942156.44,69.75
53,119646.85,0.39,0.85,271772011.56,95.53
38,98187.58,0.45,0.54,272550847.64,96.6
55,104432.78,0.32,0.84,269983632.87,93.08
51,127917.0,0.42,0.66,273188557.48,97.47
61,104968.31,0.47,0.82,262170064.1,82.38
74,137188.47,0.4,0.47,232967880.36,42.41
46,86087.48,0.51,0.7,274932143.52,99.86
75,124556.68,0.24,0.54,230027623.37,38.38
52,115642.82,0.39,0.8,272527198.68,96.56
53,153059.79,0.36,0.72,271788000.6,95.55
53,76479.84,0.32,0.65,271802778.07,95.57
58,118277.23,0.39,0.83,266523788.56,88.35
39,89056.29,0.27,0.58,273212496.2,97.5
49,98128.17,0.33,0.57,274209847.54,98.87
71,93839.55,0.41,0.68,241191370.45,53.66
55,92812.18,0.4,0.69,269992258.72,93.09
62,101052.61,0.45,0.55,260550214.23,80.17
65,94370.99,0.45,0.67,254988276.94,72.55
64,165876.8,0.38,0.84,256913347.79,75.19
72,213067.18,0.38,0.77,238517250.9,50.0
64,129866.38,0.43,0.52,256955680.91,75.25
65,114090.94,0.28,0.52,255022085.98,72.6
50,100932.28,0.51,0.9,273708063.21,98.18
62,132292.09,0.49,0.75,260517785.45,80.12
59,113614.76,0.4,0.87,265169027.18,86.49
55,134742.65,0.37,0.55,270010805.05,93.12
51,151106.04,0.34,0.79,273179923.43,97.46
78,78964.72,0.46,0.69,220538775.24,25.39
67,123227.03,0.46,0.56,250796764.43,66.81
57,122968.21,0.56,0.69,267768540.79,90.05
48,89396.92,0.52,0.79,274522437.45,99.3
55,109295.36,0.46,0.64,269988713.51,93.09
39,95862.13,0.43,0.82,273176148.09,97.45
65,180053.79,0.49,0.83,254941363.37,72.49
69,133405.57,0.49,0.84,246155406.02,60.46
43,102327.77,0.37,0.76,274785897.79,99.66
60,136826.97,0.41,0.66,263739408.99,84.53
53,179934.02,0.45,0.56,271796979.73,95.56
60,120992.35,0.4,0.83,263722053.05,84.51
58,120087.13,0.36,0.62,266551975.23,88.38
50,141128.42,0.54,0.51,273742539.3,98.23
71,137527.51,0.53,0.64,241177495.05,53.65
52,110692.95,0.37,0.46,272568364.98,96.62
70,82132.25,0.4,0.75,243738057.55,57.15
81,96302.48,0.38,0.58,210204086.69,11.24
65,108784.36,0.42,0.53,255005491.55,72.58
82,126448.85,0.28,0.91,206526594.26,6.21
73,159127.01,0.44,0.77,235765217.39,46.24
55,105895.77,0.47,0.8,269971641.92,93.07
49,107958.88,0.55,0.69,274174991.79,98.82
72,182661.94,0.46,0.87,238487933.44,49.96
81,136802.69,0.36,0.79,210178654.63,11.21
41,113572.12,0.34,0.68,274197122.41,98.85
78,121997.37,0.33,0.93,220517856.83,25.36
51,125555.02,0.49,0.52,273199641.5,97.48
60,132166.01,0.3,0.85,263730481.07,84.52
77,108742.36,0.38,0.6,223802991.29,29.86
53,148917.86,0.4,0.63,271796844.29,95.56
73,72498.83,0.46,0.43,235808584.13,46.3
72,117883.05,0.48,0.71,238528122.72,50.02
38,128513.38,0.43,0.68,272534799.04,96.57
57,126079.14,0.37,0.86,267770470.79,90.05
48,213915.29,0.47,0.91,274468551.87,99.22
47,103437.98,0.47,0.93,274758287.11,99.62
74,154616.51,0.35,0.6,232957399.6,42.39
45,118319.33,0.31,0.97,274966324.27,99.9
62,96239.16,0.34,0.7,260545404.81,80.16
71,132204.82,0.35,0.8,241180154.4,53.65
71,100041.05,0.5,0.5,241200259.98,53.68
62,129367.14,0.45,0.6,260543670.97,80.16
76,147817.49,0.46,0.85,226904941.05,34.11
48,103725.14,0.43,0.9,274516013.06,99.29
62,116223.64,0.37,0.75,260536110.04,80.15
42,95578.07,0.41,0.84,274525739.5,99.3
47,109928.22,0.55,0.46,274798608.92,99.67
69,135116.2,0.54,0.74,246161746.53,60.47
51,116054.36,0.49,0.73,273174831.36,97.45
41,85867.51,0.35,0.48,274214609.84,98.87
65,157518.64,0.58,0.41,255000710.87,72.57
47,105808.59,0.39,0.44,274817182.87,99.7
60,139093.6,0.44,0.77,263720403.47,84.51
62,136500.29,0.51,0.49,260549880.45,80.17
79,139348.35,0.35,0.66,217199178.35,20.82
36,119671.46,0.51,0.58,270939313.55,94.39
69,123605.43,0.41,0.64,246193590.38,60.51
61,120522.71,0.31,0.69,262199841.93,82.43
70,112458.5,0.57,0.73,243715686.86,57.12
53,131402.37,0.39,0.65,271794893.07,95.56
49,104199.61,0.4,0.61,274199152.82,98.85
44,93935.88,0.32,0.63,274954652.77,99.89
46,125206.45,0.51,0.8,274911295.24,99.83
76,86884.17,0.38,0.55,226955834.21,34.18
71,158298.34,0.36,0.57,241212519.15,53.69
62,137960.03,0.48,0.75,260518856.81,80.12
44,86003.28,0.56,0.59,274936915.05,99.86
64,134639.16,0.47,0.82,256910378.64,75.18
57,145337.41,0.58,0.57,267778158.69,90.06
75,115002.58,0.43,0.78,229976329.45,38.31
50,102435.55,0.34,0.43,273772977.92,98.27
43,98530.44,0.32,0.55,274812575.43,99.69
68,122603.24,0.47,0.53,248549453.38,63.74
61,108716.89,0.38,0.82,262177831.79,82.4
40,94473.14,0.59,0.85,273708022.81,98.18
77,110370.8,0.51,0.66,223781413.12,29.83
53,105848.36,0.4,0.82,271776195.11,95.54
54,152617.05,0.27,0.7,270954812.26,94.41
57,112215.49,0.58,0.94,267742494.67,90.01
71,113298.51,0.31,0.8,241187307.7,53.66
64,155617.45,0.3,0.43,256991318.5,75.3
70,164560.33,0.48,0.77,243708261.0,57.11
60,113432.54,0.52,0.67,263728481.41,84.52
78,131228.94,0.48,0.44,220561003.24,25.42
43,82129.42,0.29,0.5,274817740.79,99.7
62,117378.54,0.28,0.89,260529003.73,80.14
70,132571.89,0.5,0.88,243699790.54,57.1
53,130471.7,0.5,0.78,271764066.71,95.52
59,140332.03,0.29,0.9,265173296.95,86.5
74,103782.03,0.39,0.84,232926776.12,42.35
65,110288.93,0.53,0.43,255004801.67,72.58
52,118098.68,0.51,0.54,272543757.24,96.59
65,123834.34,0.52,0.44,255005090.79,72.58
65,130523.8,0.57,0.47,254995349.96,72.56
81,123327.35,0.38,0.49,210215767.85,11.26
75,119284.89,0.28,0.65,230008343.01,38.35
74,111067.68,0.41,0.85,232921870.95,42.34
40,127716.8,0.39,0.83,273722026.76,98.2
41,102876.1,0.52,0.69,274178686.8,98.83
71,97865.34,0.48,0.87,241165644.36,53.63
65,110011.61,0.44,0.64,254991894.04,72.56
67,120886.17,0.32,0.86,250778900.18,66.79
67,84360.86,0.54,0.67,250781550.09,66.79
49,112854.78,0.5,0.56,274193647.0,98.85
48,131564.06,0.37,0.84,274523389.73,99.3
49,120897.11,0.48,0.6,274190399.66,98.84
52,81249.13,0.41,0.57,272551905.64,96.6
78,110226.54,0.39,0.56,220556266.77,25.41
50,107710.05,0.46,0.76,273726525.75,98.21
48,116649.86,0.49,0.91,274503460.72,99.27
69,90118.82,0.35,0.41,246221540.83,60.55
46,124424.42,0.35,0.91,274916452.98,99.84
66,165691.95,0.58,0.35,252962020.83,69.78
52,111045.24,0.36,0.54,272562093.77,96.61
46,117114.65,0.35,0.49,274968621.86,99.91
67,97828.59,0.33,0.81,250786429.08,66.8
58,105362.56,0.35,0.46,266570177.08,88.41
65,137608.44,0.37,0.66,254996095.23,72.56
41,138707.58,0.4,0.52,274210865.8,98.87
57,114577.23,0.3,0.44,267829741.86,90.13
46,120469.52,0.39,0.8,274926777.12,99.85
73,132989.37,0.52,0.48,235799784.99,46.28
43,84412.47,0.35,0.54,274809511.17,99.69
62,129608.71,0.55,0.54,260538530.62,80.15
78,88336.12,0.35,0.67,220548067.38,25.4
65,145389.87,0.44,0.71,254978091.52,72.54
73,101318.88,0.38,0.36,235825881.81,46.32
71,115285.37,0.44,0.5,241207786.18,53.69
68,135223.67,0.35,0.6,248556609.05,63.75
46,117027.52,0.48,0.58,274942982.58,99.87
52,100715.32,0.54,0.84,272512474.79,96.54
59,145246.32,0.5,0.76,265161692.65,86.48
61,104375.63,0.27,0.67,262205647.31,82.43
41,111992.33,0.43,0.56,274200380.05,98.85
68,106287.95,0.52,0.69,248527533.2,63.71
75,148946.64,0.37,0.81,229972627.47,38.31
49,112569.31,0.37,0.73,274188194.98,98.84
40,138349.02,0.51,0.78,273709655.54,98.18
65,140173.8,0.47,0.77,254965276.64,72.52
61,149424.72,0.45,0.69,262178562.75,82.4
52,116425.03,0.59,0.52,272537653.95,96.58
53,107741.36,0.53,0.82,271761936.82,95.52
74,137716.86,0.45,0.49,232958451.54,42.39
61,140266.48,0.38,0.79,262175841.0,82.39
62,108247.36,0.53,0.78,260516606.64,80.12
75,100664.81,0.52,0.84,229962985.47,38.29
58,137134.01,0.54,0.6,266531732.65,88.36
66,112108.62,0.28,0.54,252970965.91,69.79
42,110014.85,0.32,0.44,274575846.71,99.37
63,104466.3,0.33,0.75,258791507.18,77.76
66,88365.37,0.35,0.82,252935220.58,69.74
43,96480.03,0.31,0.78,274790815.27,99.66
60,143048.61,0.44,0.42,263769537.31,84.57
47,125951.71,0.33,0.85,274776985.05,99.64
49,109735.24,0.5,0.85,274160965.64,98.8
44,130832.21,0.52,0.57,274938095.71,99.86
82,125312.29,0.32,0.74,206542462.28,6.23
45,91030.04,0.36,0.79,274986498.18,99.93
69,97705.85,0.44,0.74,246183081.71,60.5
68,138731.57,0.47,0.9,248498630.15,63.67
47,127220.23,0.5,0.45,274806047.8,99.68
36,101266.02,0.5,0.67,270932761.52,94.38
71,103630.28,0.55,0.77,241166810.93,53.63
66,113068.85,0.43,0.84,252919375.33,69.72
70,122399.37,0.59,0.81,243700637.73,57.1
77,114821.43,0.41,0.91,223762687.39,29.8
66,123226.43,0.57,0.66,252921932.22,69.72
40,115472.6,0.28,0.84,273735794.27,98.22
53,106243.12,0.53,0.6,271786417.49,95.55
78,115032.23,0.42,0.64,220543146.28,25.4
45,108926.09,0.54,0.53,274992717.97,99.94
68,140370.55,0.29,0.84,248531935.09,63.71
76,122430.88,0.37,0.92,226914784.95,34.12
62,95193.75,0.4,0.57,260553738.47,80.17
69,115870.76,0.29,0.43,246232743.17,60.57
53,122183.89,0.33,0.82,271781700.79,95.54
69,148358.57,0.46,0.7,246175791.03,60.49
63,137590.3,0.25,0.85,258785654.14,77.75
46,156702.42,0.3,0.59,274967551.99,99.91
39,89768.09,0.38,0.42,273218242.04,97.51
73,108861.89,0.46,0.68,235785367.47,46.26
57,141380.0,0.33,0.46,267829946.13,90.13
56,119888.47,0.35,0.54,268963501.46,91.69
54,121388.82,0.37,0.46,270971745.36,94.43
45,84599.61,0.43,0.51,275005134.92,99.96
48,126213.77,0.32,0.43,274581343.32,99.38
69,111290.32,0.34,0.88,246174959.36,60.49
70,99934.27,0.38,0.5,243761500.16,57.18
41,113941.69,0.45,0.64,274189447.0,98.84
72,129953.14,0.42,0.84,238515844.46,50.0
41,115085.2,0.36,0.71,274191250.33,98.84
65,119718.15,0.38,0.67,254993561.12,72.56
41,105071.95,0.41,0.75,274183904.17,98.83
73,105374.13,0.37,0.81,235780898.2,46.26
53,132802.74,0.28,0.82,271786519.26,95.55
49,103310.39,0.46,0.74,274179696.23,98.83
48,113251.39,0.34,0.86,274527233.92,99.3
49,118585.27,0.34,0.67,274199048.74,98.85
72,123088.82,0.37,0.51,238564665.99,50.07
69,100694.15,0.59,0.82,246158468.82,60.46
48,113508.19,0.49,0.63,274536899.87,99.32
76,133990.03,0.43,0.84,226913900.93,34.12
51,138264.87,0.55,0.44,273202290.72,97.49
40,95186.06,0.53,0.56,273740948.82,98.23
74,106276.05,0.34,0.85,232929223.7,42.35
61,150766.82,0.44,0.52,262206058.14,82.43
54,135350.57,0.29,0.89,270926321.88,94.37
51,132229.14,0.55,0.84,273148838.86,97.42
77,107113.48,0.42,0.91,223764732.52,29.81
63,106708.39,0.33,0.7,258796873.3,77.77
54,105458.28,0.45,0.7,270933938.85,94.38
56,120290.85,0.34,0.8,268933441.2,91.64
57,104464.77,0.5,0.8,267768918.36,90.05
76,131621.13,0.36,0.73,226937857.06,34.15
53,101816.83,0.5,0.86,271763355.66,95.52
64,121248.08,0.3,0.71,256949228.46,75.24
43,116692.73,0.29,0.86,274781851.79,99.65
38,120906.06,0.48,0.43,272560758.21,96.61
66,86745.46,0.57,0.47,252946398.22,69.76
71,122896.16,0.32,0.69,241198173.7,53.67
58,120936.33,0.41,0.53,266557448.27,88.39
56,121067.33,0.46,0.77,268922022.87,91.63
41,113997.7,0.41,0.46,274213902.33,98.87
69,114072.91,0.49,0.9,246154421.8,60.46
50,98488.72,0.43,0.58,273749970.33,98.24
49,133996.89,0.49,0.6,274186662.79,98.84
46,118812.72,0.34,0.59,274958270.82,99.89
65,133847.95,0.42,0.66,254989622.7,72.55
73,146142.62,0.37,0.41,235832343.0,46.33
76,127870.64,0.48,0.43,226961626.91,34.18
68,128085.04,0.46,0.77,248520983.62,63.7
37,85315.55,0.5,0.48,271801970.5,95.57
78,155213.47,0.55,0.54,220535527.58,25.39
52,89234.64,0.37,0.86,272529838.58,96.57
62,112242.9,0.37,0.49,260565359.47,80.19
64,148628.66,0.45,0.58,256944720.23,75.23
55,101680.38,0.49,0.41,270009782.68,93.12
64,119778.09,0.32,0.59,256959686.69,75.25
59,121079.14,0.48,0.77,265170399.99,86.49
46,131352.67,0.58,0.52,274937385.81,99.86
79,149580.03,0.4,0.83,217165133.46,20.77
44,113539.61,0.37,0.85,274924979.03,99.85
78,120235.87,0.45,0.52,220553659.36,25.41
77,133947.96,0.41,0.91,223756298.02,29.8
65,128628.4,0.45,0.53,255001751.95,72.57
67,109677.09,0.58,0.41,250800912.93,66.82
60,158727.49,0.47,0.41,263770305.73,84.58
61,88234.14,0.46,0.63,262191877.99,82.41
80,111311.97,0.44,0.74,213729293.73,16.07
43,120658.96,0.38,0.54,274809456.13,99.69
44,117687.55,0.38,0.82,274926134.3,99.85
63,116406.26,0.48,0.75,258773746.91,77.74
62,150559.24,0.45,0.58,260546019.46,80.16
70,121317.84,0.27,0.8,243741597.3,57.16
63,125796.52,0.25,0.87,258785153.94,77.75
67,117080.02,0.52,0.47,250801013.06,66.82
39,133145.81,0.65,0.57,273171140.57,97.45
51,144104.62,0.57,0.61,273173678.85,97.45
47,121721.07,0.38,0.69,274791901.55,99.66
77,109397.16,0.5,0.64,223784486.93,29.83
51,96985.7,0.39,0.51,273209135.19,97.5
68,122886.79,0.48,0.72,248526335.25,63.71
70,116245.31,0.5,0.69,243728032.38,57.14
37,77857.53,0.3,0.71,271799655.72,95.57
72,110508.75,0.67,0.54,238527455.52,50.02
67,110215.74,0.26,0.67,250807310.23,66.83
65,123590.24,0.37,0.56,255009286.22,72.58
41,127095.91,0.5,0.62,274184316.58,98.83
37,108905.19,0.45,0.89,271762720.45,95.52
53,105839.19,0.48,0.6,271790944.31,95.56
57,113992.73,0.43,0.38,267821408.9,90.12
68,130357.82,0.37,0.63,248550307.77,63.74
76,136679.36,0.59,0.79,226897100.21,34.1
72,129133.56,0.39,0.79,238526170.91,50.02
77,133039.64,0.49,0.65,223781396.64,29.83
65,143388.57,0.28,0.52,255029276.99,72.61
61,130652.08,0.53,0.66,262176166.21,82.39
50,119912.52,0.34,0.7,273744816.61,98.23
50,127053.2,0.46,0.93,273701422.33,98.17
54,112254.03,0.55,0.74,270918031.22,94.36
62,110700.83,0.49,0.77,260520850.69,80.13
57,104665.87,0.53,0.65,267780971.05,90.07
67,87627.17,0.53,0.54,250794250.56,66.81
58,133660.76,0.52,0.81,266506615.74,88.32
41,123357.49,0.54,0.66,274175278.18,98.82
43,96083.86,0.36,0.9,274774467.26,99.64
35,81595.92,0.41,0.64,269995468.11,93.1
64,120562.52,0.32,0.49,256973353.01,75.27
53,112312.91,0.31,0.72,271795889.83,95.56
62,135102.11,0.28,0.41,260591799.77,80.22
46,94119.84,0.39,0.57,274953734.39,99.89
48,128884.83,0.29,0.58,274566552.59,99.36
79,127180.81,0.34,0.78,217183900.59,20.8
74,110734.61,0.3,0.63,232957280.52,42.39
46,92156.44,0.55,0.39,274955611.72,99.89
43,131244.07,0.51,0.67,274775971.61,99.64
53,128165.52,0.44,0.62,271793673.27,95.56
62,109365.11,0.55,0.83,260508450.56,80.11
71,168519.19,0.33,0.62,241208190.02,53.69
81,132255.92,0.54,0.77,210159127.26,11.18
62,131205.07,0.44,0.49,260558522.09,80.18
44,103518.22,0.38,0.74,274937287.3,99.86
41,102403.89,0.42,0.72,274185299.61,98.83
45,131279.84,0.49,0.88,274952249.57,99.88
59,127356.08,0.37,0.42,265226711.08,86.57
69,148581.67,0.58,0.61,246172157.27,60.48
49,184773.01,0.38,0.75,274177648.68,98.82
60,129696.82,0.48,0.45,263759285.61,84.56
54,114795.76,0.28,0.59,270964227.35,94.42
45,103153.96,0.32,0.86,274981637.41,99.92
40,142758.83,0.36,0.64,273749207.23,98.24
64,165879.91,0.49,0.91,256882040.56,75.15
75,126846.19,0.35,0.4,230031436.68,38.39
44,117225.53,0.41,0.8,274925851.65,99.85
55,105789.67,0.41,0.75,269983579.66,93.08
52,163218.26,0.57,0.64,272514663.61,96.55
44,102357.84,0.46,0.88,274915476.99,99.83
56,150341.61,0.52,0.43,268957421.9,91.68
61,118881.63,0.51,0.83,262159234.97,82.37
52,124630.22,0.54,0.76,272512693.23,96.54
66,138647.1,0.59,0.6,252923037.91,69.73
45,98584.85,0.37,0.87,274976386.37,99.92
79,114141.02,0.31,0.6,217210340.41,20.83
53,131709.77,0.4,0.8,271773635.35,95.53
77,99628.83,0.34,0.57,223808543.92,29.87
64,119100.67,0.4,0.86,256918595.25,75.2
67,153429.74,0.34,0.71,250791476.81,66.81
45,85818.61,0.38,0.48,275011588.28,99.97
56,120312.2,0.5,0.71,268924819.24,91.63
75,141732.55,0.27,0.56,230023671.9,38.38
72,147951.37,0.46,0.59,238541574.09,50.04
43,73690.44,0.49,0.47,274803181.83,99.68
39,108044.54,0.59,0.4,273201692.81,97.49
57,137024.24,0.53,0.52,267793133.4,90.08
68,133062.64,0.55,0.71,248515580.92,63.69
77,163162.97,0.38,0.65,223795232.62,29.85
74,92677.78,0.36,0.67,232947406.01,42.38
69,148722.45,0.55,0.54,246187885.36,60.5
71,103337.77,0.41,0.69,241189475.76,53.66
64,117355.71,0.44,0.75,256928075.01,75.21
63,113161.75,0.56,0.57,258784610.47,77.75
37,145912.24,0.36,0.84,271771118.95,95.53
45,110921.83,0.42,0.7,274987317.65,99.93
71,98862.68,0.32,0.79,241189008.33,53.66
65,102865.76,0.3,0.54,255016676.14,72.59
64,138379.5,0.36,0.4,256983344.2,75.28
43,118196.12,0.34,0.83,274780675.37,99.65
71,94307.58,0.45,0.79,241177113.31,53.64
83,86077.5,0.34,0.41,202821471.46,1.13
39,82868.74,0.34,0.6,273205088.56,97.49
79,119689.09,0.57,0.73,217163273.88,20.77
49,99356.65,0.34,0.75,274191819.09,98.84
75,154167.27,0.3,0.83,229979126.66,38.31
48,134162.18,0.5,0.44,274558037.78,99.34
77,68342.47,0.27,0.59,223809778.18,29.87
75,122038.8,0.29,0.49,230026461.1,38.38
61,105840.86,0.32,0.6,262209024.12,82.44
60,94123.37,0.3,0.43,263774635.65,84.58
38,122646.97,0.28,0.88,272530746.9,96.57
56,124944.87,0.41,0.63,268945397.84,91.66
38,99881.29,0.51,0.81,272517864.89,96.55
65,223033.72,0.46,0.45,255019552.51,72.6
54,110649.84,0.52,0.49,270949733.09,94.4
77,157417.3,0.4,0.52,223812420.06,29.87
76,112311.62,0.36,0.57,226956741.04,34.18
83,99307.44,0.47,0.78,202775001.16,1.07
45,101322.61,0.26,0.59,275015536.35,99.97
53,119079.62,0.31,0.49,271824011.46,95.6
65,110926.97,0.41,0.42,255018948.79,72.59
65,99694.82,0.36,0.45,255019263.41,72.6
71,110930.28,0.47,0.81,241169166.46,53.63
61,101368.6,0.55,0.64,262180250.8,82.4
60,170863.62,0.41,0.77,263720654.56,84.51
49,126872.68,0.48,0.79,274165374.76,98.81
77,110005.71,0.38,0.49,223814035.6,29.87
78,93126.08,0.55,0.49,220545833.28,25.4
55,143663.1,0.6,0.78,269946886.55,93.03
55,119088.88,0.6,0.75,269958527.88,93.05
60,131142.85,0.3,0.6,263763456.74,84.57
63,111883.96,0.44,0.47,258810387.22,77.79
47,83630.33,0.45,0.42,274811012.69,99.69
52,115129.75,0.37,0.52,272562179.28,96.61
70,131947.88,0.53,0.36,243764422.73,57.19
50,100827.03,0.28,0.47,273774624.53,98.27
67,137555.93,0.55,0.61,250777680.74,66.79
76,124967.45,0.35,0.48,226970397.32,34.2
43,105943.77,0.47,0.38,274815340.76,99.7
56,116867.17,0.36,0.83,268927133.35,91.64
48,124530.46,0.36,0.67,274546519.39,99.33
69,114459.52,0.36,0.88,246172417.51,60.48
47,186625.67,0.41,0.55,274806766.67,99.68
61,123931.32,0.33,0.7,262196385.48,82.42
58,136642.03,0.53,0.48,266547830.57,88.38
44,103676.97,0.3,0.69,274951731.57,99.88
63,134786.32,0.4,0.46,258818218.75,77.8
60,123409.85,0.22,0.39,263797465.68,84.61
78,102128.31,0.33,0.88,220528495.1,25.38
76,149813.86,0.52,0.68,226919499.03,34.13
34,88448.05,0.52,0.89,268913991.54,91.62
61,91604.38,0.3,0.56,262212876.44,82.44
76,125448.11,0.5,0.58,226940763.28,34.15
56,113319.93,0.45,0.61,268943694.12,91.66
76,111808.45,0.43,0.74,226930943.58,34.14
66,116860.31,0.4,0.7,252938813.09,69.75
37,83685.36,0.38,0.84,271782120.43,95.54
75,133257.14,0.3,0.45,230033974.88,38.39
48,110749.85,0.38,0.73,274538333.49,99.32
74,110722.32,0.33,0.53,232965895.72,42.4
72,128826.05,0.51,0.45,238555611.94,50.06
44,124557.65,0.39,0.66,274943167.53,99.87
34,96390.89,0.35,0.63,268951856.81,91.67
60,106592.59,0.37,0.48,263766745.61,84.57
75,105991.84,0.3,0.47,230024779.51,38.38
54,111158.4,0.37,0.61,270952192.73,94.41
73,149705.23,0.61,0.61,235768435.63,46.24
79,142114.48,0.24,0.55,217230557.13,20.86
70,113362.8,0.47,0.49,243754594.01,57.17
47,104818.97,0.41,0.42,274818664.35,99.7
54,148704.2,0.38,0.89,270909596.55,94.35
42,98096.68,0.41,0.9,274520249.88,99.29
39,88263.78,0.33,0.67,273200120.56,97.49
53,108458.66,0.55,0.88,271753972.75,95.51
45,95971.49,0.47,0.77,274976964.94,99.92
56,96282.81,0.42,0.4,268967627.03,91.69
47,118239.59,0.43,0.48,274810108.33,99.69
35,59891.54,0.58,0.89,269972171.06,93.07
55,88788.8,0.52,0.71,269979475.58,93.08
41,85558.93,0.55,0.82,274168525.36,98.81
65,128069.63,0.48,0.84,254959170.73,72.51
52,147556.81,0.48,0.6,272539212.03,96.58
76,161756.3,0.41,0.4,226980772.57,34.21
71,105283.03,0.52,0.5,241197628.88,53.67
66,79274.21,0.53,0.46,252951267.75,69.76
37,110921.98,0.35,0.49,271817639.81,95.59
59,120629.89,0.48,0.58,265193043.61,86.52
56,94594.22,0.36,0.43,268970351.79,91.69
72,125639.55,0.38,0.48,238568556.85,50.07
82,109844.74,0.37,0.6,206552608.45,6.24
50,106978.18,0.37,0.61,273752492.82,98.24
67,97983.25,0.57,0.61,250782190.59,66.79
51,85082.73,0.31,0.63,273205383.93,97.49
68,110597.41,0.43,0.7,248535827.25,63.72
43,110765.52,0.4,0.86,274770773.5,99.64
65,104835.14,0.3,0.46,255025766.96,72.6
70,99978.72,0.34,0.47,243769153.69,57.19
57,109975.85,0.46,0.84,267766525.82,90.05
39,109147.59,0.4,0.63,273196199.46,97.48
71,125430.3,0.52,0.78,241161983.46,53.62
77,173251.86,0.54,0.5,223794060.16,29.85
55,122505.66,0.37,0.77,269982719.61,93.08
39,121839.01,0.35,0.87,273173751.29,97.45
43,86428.04,0.41,0.76,274785431.91,99.66
65,116702.67,0.47,0.5,255003340.9,72.57
50,125216.28,0.41,0.86,273716055.64,98.19
45,102584.39,0.17,0.81,275002096.29,99.95
76,120599.69,0.33,0.7,226945871.71,34.16
54,91682.73,0.59,0.5,270941618.53,94.39
77,143400.55,0.39,0.84,223766520.61,29.81
53,101518.94,0.46,0.49,271805322.71,95.58
49,116228.17,0.51,0.51,274197435.47,98.85
52,104058.58,0.55,0.62,272531568.88,96.57
51,115475.39,0.47,0.54,273198954.49,97.48
61,121519.21,0.46,0.73,262176292.87,82.39
60,103335.67,0.52,0.66,263731938.59,84.52
71,133741.09,0.43,0.46,241214934.41,53.7
42,110376.55,0.43,0.77,274527938.51,99.3
61,162689.18,0.51,0.87,262138445.66,82.34
42,104015.45,0.5,0.49,274551251.39,99.34
64,80348.43,0.37,0.71,256943188.38,75.23
78,132584.24,0.32,0.56,220565432.93,25.43
45,122763.7,0.57,0.65,274972525.11,99.91
40,133892.86,0.38,0.59,273755098.64,98.25
47,115850.59,0.48,0.58,274793475.5,99.67
37,92322.34,0.36,0.39,271823341.05,95.6
58,142752.24,0.45,0.85,266508100.73,88.32
61,101622.21,0.38,0.73,262189236.95,82.41
55,121674.27,0.53,0.67,269975502.82,93.07
52,120885.42,0.44,0.6,272544737.81,96.59
41,96077.36,0.37,0.66,274196588.37,98.85
69,154392.59,0.48,0.6,246187880.61,60.5
48,110318.19,0.4,0.56,274553514.73,99.34
53,94294.18,0.29,0.61,271809345.43,95.58
41,93874.86,0.32,0.51,274216492.75,98.88
60,109975.78,0.36,0.46,263770178.48,84.58
53,135830.55,0.52,0.7,271771485.21,95.53
52,109934.54,0.26,0.81,272542345.98,96.58
42,92023.37,0.49,0.46,274554681.66,99.34
70,144061.91,0.34,0.38,243791017.98,57.22
44,97329.45,0.44,0.54,274952112.63,99.88
66,146241.51,0.43,0.92,252898270.18,69.69
51,93020.57,0.39,0.78,273183812.67,97.46
45,120644.42,0.41,0.7,274986898.23,99.93
66,180604.01,0.39,0.83,252909924.29,69.71
80,137188.03,0.29,0.62,213763352.0,16.11
57,113611.78,0.46,0.91,267757708.4,90.03
59,96732.95,0.34,0.6,265206017.57,86.54
44,102769.67,0.39,0.51,274961106.08,99.9
37,106090.01,0.42,0.74,271782692.37,95.54
63,89743.81,0.41,0.61,258798002.48,77.77
80,96141.65,0.48,0.71,213731871.97,16.07
38,99983.87,0.41,0.58,272550135.56,96.6
75,122394.83,0.42,0.7,229984644.83,38.32
48,103921.82,0.37,0.55,274558053.94,99.34
60,140196.18,0.3,0.41,263790558.32,84.6
49,96706.77,0.5,0.88,274163790.44,98.8
56,133635.88,0.42,0.85,268913663.8,91.62
58,124556.67,0.4,0.93,266509586.97,88.33
52,94292.95,0.48,0.82,272522589.85,96.56
62,103604.44,0.45,0.77,260527891.77,80.14
52,134042.02,0.39,0.7,272537155.46,96.58
68,131534.58,0.48,0.45,248559876.21,63.75
56,96090.87,0.36,0.42,268971322.26,91.7
66,112776.19,0.5,0.58,252940707.66,69.75
64,118199.89,0.28,0.91,256928520.85,75.21
54,140441.79,0.3,0.5,270977958.36,94.44
46,123865.24,0.37,0.83,274925841.32,99.85
81,124283.29,0.36,0.7,210192375.46,11.23
45,89787.93,0.53,0.79,274971274.92,99.91
64,150456.12,0.33,0.4,256990523.88,75.29
66,111344.2,0.29,0.53,252969262.83,69.79
43,123353.98,0.44,0.89,274759900.98,99.62
56,132951.85,0.44,0.48,268960022.21,91.68
40,158595.9,0.43,0.52,273757726.72,98.25
40,107004.27,0.55,0.53,273740785.85,98.23
44,103582.45,0.51,0.46,274952683.6,99.88
66,117945.7,0.24,0.49,252981821.48,69.81
78,104746.21,0.3,0.7,220549982.68,25.41
45,126181.72,0.32,0.59,275010847.64,99.96
55,178400.93,0.46,0.68,269974296.6,93.07
60,147098.19,0.26,0.48,263788312.51,84.6
58,121386.14,0.38,0.84,266524468.34,88.35
74,121948.5,0.48,0.77,232919628.87,42.34
64,147487.33,0.31,0.4,256992767.77,75.3
50,171663.41,0.42,0.61,273745754.5,98.23
46,115109.49,0.32,0.46,274975505.54,99.92
37,95814.39,0.29,0.81,271790085.83,95.56
43,111008.28,0.44,0.81,274772056.56,99.64
72,139687.6,0.25,0.9,238528789.76,50.02
60,101976.4,0.41,0.47,263762464.12,84.56
72,89100.93,0.5,0.68,238534112.03,50.03
50,100922.59,0.54,0.53,273742574.69,98.23
35,104997.27,0.48,0.55,269996206.85,93.1
57,113681.09,0.38,0.67,267794444.57,90.08
46,116384.1,0.41,0.45,274966879.49,99.9
80,116540.18,0.34,0.73,213742204.84,16.09
56,163955.12,0.29,0.67,268957565.93,91.68
59,117701.15,0.33,0.81,265183047.06,86.51
77,136087.38,0.39,0.51,223813663.62,29.87
63,121898.5,0.64,0.84,258742036.39,77.69
71,106704.78,0.3,0.94,241173984.12,53.64
77,137339.26,0.57,0.91,223733638.18,29.76
58,128370.58,0.45,0.76,266523790.4,88.35
64,121530.63,0.5,0.73,256921902.12,75.2
83,97164.2,0.59,0.73,202769788.4,1.06
54,122931.22,0.32,0.55,270965086.74,94.43
56,122635.0,0.49,0.77,268918209.93,91.62
61,128695.89,0.38,0.75,262183387.43,82.4
76,121354.43,0.32,0.86,226929141.59,34.14
36,110372.49,0.36,0.69,270944394.02,94.4
69,120785.04,0.47,0.57,246195474.24,60.52
76,134868.46,0.36,0.72,226938624.94,34.15
58,137641.24,0.34,0.9,266517160.24,88.34
38,86104.75,0.39,0.48,272561378.37,96.61
39,112451.83,0.42,0.58,273199860.25,97.49
50,139846.04,0.39,0.61,273750742.7,98.24
68,160407.58,0.5,0.5,248550416.22,63.74
51,155958.68,0.47,0.4,273220543.4,97.51
48,120096.41,0.53,0.62,274531174.16,99.31
68,149297.81,0.51,0.84,248498048.41,63.67
67,124420.13,0.54,0.44,250802125.89,66.82
42,122425.39,0.51,0.58,274538817.05,99.32
80,185558.08,0.49,0.77,213701797.53,16.03
75,101924.45,0.45,0.89,229964915.36,38.29
36,92543.27,0.52,0.88,270913558.99,94.36
66,134090.66,0.51,0.6,252934557.57,69.74
43,128338.53,0.33,0.89,274772255.6,99.64
40,167357.65,0.42,0.37,273784789.85,98.29
57,148257.55,0.5,0.75,267762675.47,90.04
68,123620.5,0.35,0.74,248538668.38,63.72
67,110949.06,0.43,0.51,250806557.26,66.83
50,109768.72,0.42,0.72,273734599.43,98.22
50,154680.32,0.3,0.46,273786175.91,98.29
55,157878.47,0.25,0.78,269994606.73,93.1
56,133963.63,0.34,0.59,268959259.2,91.68
56,128220.26,0.43,0.68,268935306.04,91.65
70,102808.52,0.4,0.49,243760880.23,57.18
68,136704.89,0.47,0.48,248556906.47,63.75
67,144196.33,0.62,0.89,250726681.89,66.72
58,169672.48,0.41,0.81,266512623.05,88.33
70,106378.62,0.37,0.83,243728698.02,57.14
37,105423.7,0.46,0.54,271800103.87,95.57
46,102884.22,0.49,0.46,274955368.31,99.89
44,101539.62,0.42,0.69,274938899.94,99.87
43,129212.59,0.31,0.64,274807102.57,99.69
73,116147.0,0.23,0.46,235835323.65,46.33
61,135653.72,0.28,0.78,262192834.66,82.42
37,79525.45,0.31,0.55,271810547.25,95.58
50,113044.56,0.48,0.47,273755380.73,98.25
69,128236.0,0.32,0.59,246211516.94,60.54
46,120676.26,0.5,0.59,274938438.8,99.87
74,132018.03,0.52,0.73,232916306.09,42.34
65,110742.27,0.49,0.62,254987978.58,72.55
48,133263.62,0.52,0.71,274519967.81,99.29
80,106058.97,0.43,0.48,213759396.96,16.11
53,120836.52,0.4,0.86,271768762.68,95.53
50,151221.85,0.29,0.86,273727120.65,98.21
60,127207.03,0.6,0.74,263705638.73,84.49
69,163668.91,0.53,0.42,246208613.34,60.53
54,129381.09,0.47,0.67,270931057.63,94.38
64,119350.23,0.44,0.77,256924826.16,75.2
62,110090.67,0.5,0.89,260507068.28,80.11
48,100798.89,0.29,0.91,274530132.23,99.31
42,118630.36,0.31,0.83,274533710.06,99.31
67,146175.05,0.48,0.46,250809707.0,66.83
51,97446.29,0.46,0.86,273168981.52,97.44
61,122084.92,0.58,0.7,262165547.84,82.38
59,159406.45,0.21,0.75,265205103.46,86.54
61,105107.71,0.61,0.63,262175306.78,82.39
63,169797.06,0.41,0.51,258813802.34,77.79
59,77567.17,0.6,0.65,265181250.49,86.51
78,127840.76,0.54,0.52,220542679.42,25.4
58,94017.37,0.54,0.64,266532956.85,88.36
75,102482.86,0.37,0.82,229981033.66,38.32
80,117972.37,0.68,0.41,213739534.5,16.08
60,137520.17,0.33,0.48,263776870.52,84.58
66,128377.22,0.29,0.49,252979107.53,69.8
75,150485.69,0.38,0.6,230003467.07,38.35
43,129264.33,0.51,0.89,274748234.3,99.6
74,116730.8,0.42,0.52,232956459.17,42.39
78,127876.94,0.56,0.47,220546028.24,25.4
47,151268.48,0.52,0.86,274743494.57,99.6
41,64682.38,0.39,0.81,274187112.21,98.84
73,114294.44,0.53,0.45,235802326.3,46.29
51,95699.4,0.35,0.79,273186458.77,97.47
58,159561.06,0.56,0.73,266503932.13,88.32
52,103638.81,0.38,0.72,272539538.7,96.58
70,115016.04,0.44,0.68,243735828.7,57.15
48,92031.15,0.45,0.87,274520994.69,99.29
52,108988.04,0.35,0.43,272573726.19,96.63
71,98498.18,0.41,0.5,241209596.53,53.69
57,110254.04,0.42,0.57,267801222.71,90.09
75,99499.88,0.36,0.65,229999076.86,38.34
55,124566.41,0.32,0.86,269977246.72,93.07
40,138474.81,0.35,0.68,273745514.26,98.23
52,113970.14,0.51,0.48,272551712.17,96.6
78,197024.03,0.42,0.66,220534246.82,25.38
42,68053.18,0.56,0.6,274538961.13,99.32
63,85992.96,0.54,0.84,258767230.97,77.73
47,106095.35,0.42,0.74,274782860.5,99.65
57,109849.8,0.43,0.68,267788192.82,90.08
47,196016.96,0.41,0.77,274764132.29,99.63
40,79264.15,0.43,0.78,273733324.83,98.22
64,130695.87,0.31,0.72,256945928.81,75.23
80,127395.86,0.48,0.56,213745003.04,16.09
65,129107.58,0.44,0.82,254966999.13,72.52
67,117380.63,0.4,0.75,250782180.18,66.79
73,118985.87,0.49,0.79,235765792.31,46.24
44,95983.69,0.39,0.95,274916974.01,99.84
54,107880.71,0.37,0.87,270924100.34,94.37
63,114519.82,0.38,0.77,258783026.53,77.75
41,91434.24,0.46,0.87,274169908.28,98.81
80,146874.4,0.45,0.45,213764415.24,16.12
80,94158.83,0.61,0.68,213722913.3,16.06
69,100728.76,0.27,0.69,246203792.13,60.53
77,99385.27,0.38,0.59,223803072.47,29.86
52,108567.11,0.42,0.81,272525297.89,96.56
67,163029.58,0.44,0.8,250761335.29,66.77
51,97785.41,0.45,0.75,273180376.76,97.46
68,151177.53,0.34,0.9,248513159.58,63.69
55,125406.53,0.36,0.51,270015873.12,93.13
48,113370.72,0.38,0.81,274527806.95,99.3
51,131976.71,0.45,0.64,273188712.37,97.47
46,149271.07,0.38,0.56,274959249.75,99.89
63,114190.32,0.29,0.53,258820436.57,77.8
47,106996.07,0.38,0.89,274770785.63,99.64
63,109316.74,0.43,0.67,258788542.29,77.76
41,87533.77,0.37,0.79,274185822.35,98.83
63,127000.43,0.47,0.69,258780695.2,77.74
56,114269.77,0.39,0.53,268959118.98,91.68
38,95214.41,0.32,0.61,272557317.68,96.61
38,104803.87,0.5,0.55,272544834.29,96.59
49,163182.03,0.45,0.93,274137941.17,98.77
73,124663.69,0.37,0.37,235831331.25,46.33
39,101085.72,0.29,0.93,273177314.32,97.45
71,116238.92,0.53,0.84,241156859.6,53.62
74,140617.54,0.32,0.87,232923262.11,42.35
61,106656.75,0.35,0.69,262195906.97,82.42
64,101958.07,0.28,0.93,256927942.74,75.21
42,99176.6,0.39,0.6,274550456.55,99.33
44,106922.03,0.44,0.4,274967265.07,99.9
62,124437.97,0.62,0.51,260533476.83,80.14
60,125282.96,0.49,0.88,263703425.43,84.48
49,89266.7,0.37,0.43,274218372.97,98.88
38,69305.03,0.4,0.66,272545916.1,96.59
57,130098.09,0.31,0.38,267839976.74,90.15
54,120382.35,0.39,0.52,270960225.04,94.42
73,111974.08,0.28,0.39,235836894.05,46.33
46,77782.0,0.32,0.85,274937065.01,99.86
40,138085.99,0.46,0.71,273726615.08,98.21
41,70721.66,0.3,0.85,274189684.65,98.84
38,109063.99,0.45,0.73,272529687.15,96.57
47,125666.08,0.55,0.95,274737687.51,99.59
67,111630.3,0.45,0.68,250784753.31,66.8
63,132367.12,0.51,0.73,258768734.72,77.73
58,137220.19,0.43,0.67,266535797.67,88.36
61,120988.9,0.39,0.68,262191631.11,82.41
66,101018.35,0.32,0.82,252935344.41,69.74
59,123110.68,0.42,0.7,265184867.55,86.51
71,93784.02,0.32,0.78,241190419.74,53.66
70,127644.51,0.45,0.81,243717214.63,57.12
39,125945.17,0.54,0.53,273191893.99,97.47
73,125892.66,0.35,0.75,235787348.54,46.27
78,105865.93,0.37,0.52,220561593.29,25.42
56,118058.56,0.38,0.68,268943036.12,91.66
68,169214.04,0.3,0.72,248545824.67,63.73
54,107890.51,0.32,0.9,270925563.09,94.37
48,117551.42,0.33,0.42,274579883.64,99.37
43,106628.58,0.42,0.42,274817450.87,99.7
72,171717.06,0.41,0.44,238576586.3,50.08
78,126672.58,0.38,0.62,220549580.34,25.41
55,122069.63,0.31,0.8,269986671.45,93.09
81,147416.84,0.4,0.87,210161179.58,11.18
47,78471.9,0.56,0.73,274777201.84,99.64
60,112170.41,0.37,0.83,263727672.0,84.52
57,141400.18,0.57,0.54,267784584.72,90.07
54,87139.46,0.53,0.46,270950913.53,94.41
65,119920.73,0.55,0.44,255002211.83,72.57
53,124674.64,0.5,0.8,271762581.5,95.52
42,105373.15,0.41,0.71,274536484.41,99.31
72,114080.15,0.51,0.71,238524500.21,50.01
57,136291.34,0.29,0.52,267826611.41,90.13
43,110201.4,0.44,0.62,274793926.13,99.67
67,140467.87,0.54,0.85,250745668.69,66.74
74,193672.7,0.57,0.45,232945493.79,42.38
64,167655.11,0.48,0.81,256902604.1,75.17
55,109723.35,0.33,0.59,270008662.24,93.12
68,106377.98,0.53,0.4,248557331.23,63.75
58,213690.86,0.45,0.78,266500767.78,88.31
58,92924.12,0.5,0.57,266543175.56,88.37
80,192584.48,0.37,0.76,213724586.51,16.06
59,111027.91,0.63,0.75,265158459.13,86.48
35,92714.08,0.49,0.7,269982883.29,93.08
79,112929.89,0.47,0.81,217167654.67,20.78
39,99204.15,0.56,0.69,273174766.43,97.45
56,115865.06,0.42,0.53,268956119.45,91.68
65,152035.65,0.38,0.75,254979854.05,72.54
57,134392.21,0.52,0.69,267771380.38,90.05
71,135163.98,0.45,0.42,241217900.65,53.7
65,165238.39,0.34,0.85,254968997.71,72.53
59,139614.18,0.3,0.63,265209104.99,86.55
70,99228.54,0.53,0.82,243715356.55,57.12
51,157875.37,0.49,0.82,273150173.69,97.42
46,145045.79,0.61,0.62,274916454.53,99.84
76,107758.94,0.5,0.73,226925623.96,34.13
68,121208.27,0.48,0.62,248536865.55,63.72
48,92218.88,0.27,0.66,274556625.25,99.34
64,164030.97,0.39,0.83,256913314.16,75.19
45,168594.82,0.39,0.79,274969366.28,99.91
53,132961.75,0.26,0.5,271832836.61,95.61
72,97889.99,0.37,0.66,238546571.54,50.04
55,102776.78,0.44,0.89,269965654.29,93.06
56,99514.36,0.43,0.72,268935194.98,91.65
64,109429.49,0.57,0.79,256910945.04,75.18
59,187180.23,0.31,0.76,265187110.55,86.52
50,164573.83,0.55,0.56,273731011.77,98.21
51,104680.51,0.26,0.6,273214643.07,97.51
67,140938.29,0.37,0.71,250787882.34,66.8
68,111391.33,0.41,0.65,248543028.77,63.73
52,123854.1,0.44,0.71,272531459.98,96.57
45,121764.6,0.54,0.75,274964394.41,99.9
50,102244.54,0.41,0.74,273733568.6,98.22
73,136363.77,0.31,0.52,235822785.57,46.31
36,93101.16,0.26,0.47,270975499.21,94.44
64,143535.1,0.47,0.52,256952031.19,75.24
68,135596.28,0.48,0.65,248531633.69,63.71
50,121498.54,0.45,0.58,273747446.09,98.23
43,108895.07,0.37,0.72,274790329.62,99.66
69,127265.55,0.48,0.43,246211506.82,60.54
64,118439.63,0.39,0.65,256944595.68,75.23
53,119909.38,0.31,0.56,271815720.48,95.59
65,110130.38,0.48,0.66,254985086.94,72.55
75,111537.48,0.52,0.63,229983448.91,38.32
59,105229.64,0.36,0.53,265210931.54,86.55
59,112180.05,0.55,0.87,265152192.14,86.47
57,115011.01,0.61,0.49,267788317.53,90.08
40,99514.88,0.28,0.71,273751138.84,98.24
52,112051.35,0.58,0.84,272502638.05,96.53
42,106000.79,0.41,0.74,274534148.42,99.31
62,131235.49,0.47,0.84,260510456.49,80.11
39,95528.17,0.35,0.41,273222708.51,97.52
47,115950.7,0.42,0.62,274795490.43,99.67
77,102239.75,0.46,0.61,223793010.15,29.85
34,90881.66,0.45,0.37,268966012.5,91.69
59,155864.13,0.28,0.59,265220027.15,86.56
65,135022.95,0.5,0.62,254983724.88,72.55
37,101547.12,0.23,0.75,271802552.62,95.57
53,133755.96,0.54,0.86,271745547.43,95.49
70,124333.9,0.6,0.42,243747520.81,57.16
65,117076.4,0.35,0.56,255011513.83,72.58
64,124646.85,0.56,0.67,256920404.8,75.2
56,118285.35,0.52,0.6,268934871.62,91.65
67,123833.07,0.33,0.74,250790768.86,66.81
62,129931.54,0.48,0.64,260534195.32,80.15
46,143696.97,0.38,0.44,274976228.05,99.92
39,94557.07,0.57,0.8,273164651.96,97.44
66,183404.87,0.38,0.83,252911187.64,69.71
57,101742.0,0.41,0.65,267793598.66,90.08
52,122137.84,0.5,0.75,272520087.61,96.55
80,107683.8,0.29,0.5,213773307.44,16.13
77,109619.23,0.4,0.51,223810853.57,29.87
48,101609.46,0.41,0.54,274555180.76,99.34
56,165018.04,0.43,0.61,268943267.98,91.66
63,125923.2,0.5,0.87,258753696.25,77.71
56,131274.17,0.36,0.67,268946126.24,91.66
59,122310.06,0.46,0.53,265202555.97,86.54
39,99158.8,0.54,0.5,273196217.92,97.48
83,117485.81,0.54,0.6,202784096.34,1.08
55,140169.81,0.28,0.68,270005981.83,93.11
43,52273.82,0.44,0.68,274794228.03,99.67
52,101260.47,0.58,0.59,272532900.35,96.57
72,189286.86,0.31,0.63,238560550.52,50.06
78,137885.07,0.46,0.6,220540801.04,25.39
54,96878.45,0.36,0.42,270970657.79,94.43
37,60549.92,0.37,0.41,271812949.11,95.59
69,141755.27,0.43,0.48,246213520.25,60.54
46,108253.13,0.52,0.45,274953126.28,99.89
57,125499.12,0.46,0.62,267790168.6,90.08
40,91625.34,0.44,0.81,273726581.95,98.21
51,144361.23,0.37,0.71,273188262.96,97.47
77,158458.82,0.3,0.69,223802769.41,29.86
77,107499.6,0.55,0.86,223756228.97,29.8
50,122013.64,0.49,0.56,273744559.48,98.23
68,88144.34,0.38,0.83,248531951.4,63.71
56,109281.95,0.57,0.61,268930527.6,91.64
38,73894.21,0.45,0.56,272549296.52,96.59
54,99340.3,0.35,0.56,270959598.54,94.42
52,137582.84,0.47,0.38,272571081.79,96.62
62,152801.89,0.57,0.92,260475566.5,80.07
67,122169.48,0.45,0.47,250810570.03,66.83
70,122124.28,0.52,0.57,243738569.33,57.15
42,156105.81,0.39,0.47,274572730.88,99.36
56,142283.74,0.49,0.44,268960811.63,91.68
37,111721.6,0.58,0.5,271791219.14,95.56
50,104834.82,0.56,0.36,273758281.5,98.25
74,91369.17,0.35,0.55,232958768.63,42.39
39,71663.6,0.41,0.83,273182973.89,97.46
53,122196.15,0.33,0.56,271814446.52,95.59
66,107182.64,0.49,0.5,252951784.89,69.76
68,148963.04,0.26,0.75,248548377.61,63.74
65,127009.38,0.37,1.0,254952898.0,72.5
65,119111.9,0.32,0.48,255022967.82,72.6
44,108008.55,0.34,0.55,274961782.75,99.9
42,105673.13,0.29,0.93,274526038.41,99.3
61,134719.41,0.45,0.47,262211613.72,82.44
72,114331.89,0.27,0.71,238551841.33,50.05
75,100070.83,0.5,0.53,229996651.08,38.34
52,120783.37,0.49,0.82,272512793.02,96.54
66,167352.39,0.46,0.85,252897367.64,69.69
75,126903.73,0.35,0.79,229981447.19,38.32
49,114228.92,0.27,0.56,274220015.39,98.88
48,104925.15,0.45,0.64,274540166.88,99.32
78,135562.69,0.49,0.52,220548944.87,25.4
73,111730.95,0.51,0.89,235755934.26,46.22
72,129902.82,0.46,0.86,238507882.5,49.99
56,111830.38,0.47,0.61,268941170.17,91.65
73,86055.09,0.42,0.72,235787923.53,46.27
74,116507.0,0.48,0.51,232951438.08,42.38
55,169880.74,0.46,0.62,269986046.97,93.09
68,135621.26,0.29,0.7,248551455.27,63.74
42,141172.14,0.42,0.6,274546849.88,99.33
68,94133.39,0.27,0.57,248565598.87,63.76
43,98112.59,0.5,0.38,274811354.37,99.69
61,137188.33,0.58,0.84,262143557.37,82.35
40,106076.53,0.44,0.84,273720870.91,98.2
70,122505.35,0.52,0.94,243692400.28,57.09
54,129645.32,0.41,0.78,270925288.55,94.37
56,110835.34,0.6,0.65,268922872.48,91.63
58,126067.41,0.51,0.5,266548577.55,88.38
70,111895.37,0.37,0.86,243724035.12,57.13
37,116650.79,0.39,0.71,271788387.2,95.55
61,167280.29,0.42,0.71,262178204.35,82.4
65,107586.52,0.44,0.67,254988030.13,72.55
73,162550.18,0.39,0.77,235774375.9,46.25
73,118911.58,0.4,0.37,235827293.22,46.32
55,94730.46,0.62,0.52,269986677.74,93.09
49,170520.21,0.41,0.73,274175815.72,98.82
54,177027.81,0.49,0.88,270884064.02,94.31
53,133338.31,0.53,0.71,271767930.67,95.52
52,116094.62,0.55,0.6,272532413.63,96.57
49,104434.42,0.34,0.63,274202959.12,98.86
74,115904.26,0.4,0.76,232931122.92,42.36
76,145467.51,0.42,0.78,226920950.5,34.13
43,74815.59,0.4,0.68,274793708.21,99.67
66,149306.92,0.34,0.54,252967516.95,69.79
67,134132.78,0.51,0.87,250748456.55,66.75
52,106905.84,0.48,0.7,272530845.2,96.57
43,97515.26,0.47,0.8,274773476.54,99.64
44,87184.28,0.63,0.5,274938946.06,99.87
56,113378.35,0.27,0.57,268967201.81,91.69
57,79245.18,0.47,0.82,267776970.47,90.06
53,107423.09,0.46,0.42,271812727.12,95.59
60,144483.04,0.28,0.67,263757616.75,84.56
43,75739.66,0.41,0.67,274794145.5,99.67
48,130021.27,0.37,0.75,274534477.32,99.31
64,107291.63,0.57,0.53,256938513.89,75.22
56,180083.3,0.4,0.48,268972220.62,91.7
59,87081.15,0.37,0.85,265180956.02,86.51
69,124816.22,0.4,0.72,246184965.28,60.5
73,142337.24,0.39,0.43,235825728.53,46.32
39,95998.37,0.42,0.5,273208063.62,97.5
71,138001.58,0.41,0.86,241161728.7,53.62
44,80853.91,0.34,0.48,274964507.56,99.9
70,120552.36,0.47,0.66,243733779.9,57.15
37,107022.23,0.51,0.62,271786218.51,95.55
64,116586.91,0.52,0.85,256907000.78,75.18
73,138622.74,0.44,0.79,235768430.83,46.24
64,136131.55,0.4,0.71,256934749.11,75.22
62,98829.69,0.3,0.42,260577448.72,80.2
55,147973.75,0.44,0.79,269964719.8,93.06
62,127254.87,0.59,0.6,260526268.63,80.13
75,135725.52,0.39,0.8,229974199.93,38.31
46,104913.89,0.46,0.64,274939285.09,99.87
64,109252.5,0.36,0.72,256940972.44,75.23
46,152127.94,0.44,0.43,274969367.59,99.91
73,101660.31,0.49,0.84,235766412.47,46.24
56,137686.43,0.27,0.59,268968892.39,91.69
51,103246.56,0.55,0.63,273181228.64,97.46
44,97326.66,0.31,0.48,274970399.62,99.91
66,147802.49,0.44,0.47,252963553.41,69.78
63,122695.7,0.48,0.49,258803613.46,77.78
48,82002.96,0.35,0.59,274555448.47,99.34
61,124256.05,0.39,0.86,262169716.95,82.38
59,137599.68,0.57,0.57,265180475.22,86.51
76,120087.2,0.53,0.8,226910016.42,34.11
61,112366.3,0.48,0.45,262208040.8,82.44
47,118197.66,0.42,0.66,274791256.37,99.66
75,152032.87,0.41,0.63,229992592.7,38.33
64,124455.15,0.51,0.89,256900563.54,75.17
50,139164.94,0.46,0.81,273713017.58,98.19
37,83972.04,0.52,0.62,271788356.44,95.55
79,120075.48,0.38,0.78,217180894.72,20.79
59,235978.88,0.3,0.45,265260139.77,86.62
44,129101.03,0.55,0.62,274927894.81,99.85
56,133370.69,0.46,0.42,268965122.07,91.69
68,128466.92,0.36,0.56,248560975.01,63.75
70,151556.21,0.28,0.47,243788135.42,57.22
49,122985.95,0.48,0.73,274173832.86,98.82
47,134549.57,0.39,0.64,274795365.49,99.67
47,80443.21,0.41,0.81,274781822.32,99.65
58,133049.89,0.52,0.69,266522757.06,88.34
74,125354.88,0.45,0.47,232960384.96,42.4
69,127774.59,0.33,0.74,246191517.45,60.51
46,100651.81,0.5,0.81,274918591.66,99.84
73,148157.08,0.36,0.89,235762930.58,46.23
50,89752.06,0.36,0.64,273750197.43,98.24
80,122389.48,0.3,0.77,213741338.32,16.08
56,88187.58,0.63,0.79,268913555.02,91.62
39,119550.36,0.47,0.43,273211371.11,97.5
44,112538.72,0.47,0.49,274953745.85,99.89
44,108878.17,0.39,0.49,274963611.09,99.9
72,145961.39,0.41,0.6,238549795.26,50.05
79,87121.71,0.49,0.63,217188740.11,20.8
65,104788.29,0.5,0.92,254956090.63,72.51
55,105174.73,0.54,0.57,269988272.91,93.09
54,92356.25,0.43,0.77,270931537.72,94.38
67,122653.31,0.62,0.74,250755949.54,66.76
69,118063.9,0.33,0.5,246221055.85,60.55
69,129524.63,0.36,0.43,246226730.02,60.56
43,117361.24,0.34,0.68,274797263.99,99.67
40,77498.62,0.31,0.71,273748996.36,98.24
60,125712.86,0.48,0.87,263705713.25,84.49
76,105643.42,0.48,0.57,226943957.04,34.16
70,103653.89,0.54,0.8,243715345.89,57.12
50,130285.15,0.55,0.59,273731408.78,98.21
57,126195.84,0.39,0.76,267780263.15,90.07
47,89663.77,0.54,0.74,274774385.43,99.64
74,108906.0,0.33,0.43,232976136.24,42.42
52,112613.27,0.52,0.5,272548163.31,96.59
59,92289.42,0.48,0.41,265210105.38,86.55
53,121159.47,0.4,0.55,271806106.74,95.58
67,113295.05,0.39,0.77,250782148.01,66.79
74,138385.95,0.47,0.48,232956012.68,42.39
60,118457.17,0.29,0.72,263749121.47,84.55
75,187394.86,0.27,0.55,230034575.2,38.39
65,158709.33,0.48,0.81,254954595.07,72.51
54,130123.73,0.42,0.83,270918005.77,94.36
63,110691.7,0.52,0.78,258767392.68,77.73
70,115736.05,0.43,0.68,243737944.65,57.15
73,152584.73,0.29,0.55,235824250.74,46.32
69,111332.44,0.5,0.8,246166078.25,60.47
56,166920.49,0.55,0.49,268943951.36,91.66
68,120874.34,0.47,0.5,248552863.55,63.74
44,108247.07,0.42,0.48,274959998.12,99.89
54,120772.62,0.32,0.73,270943536.28,94.4
41,95713.36,0.45,0.72,274184036.52,98.83
63,88182.49,0.22,0.69,258808342.39,77.78
49,92604.6,0.55,0.59,274186762.62,98.84
60,128441.08,0.56,0.44,263750522.57,84.55
62,112648.87,0.28,0.82,260538971.08,80.15
41,104238.52,0.41,0.61,274197734.18,98.85
69,139876.16,0.45,0.54,246201708.58,60.52
58,88241.61,0.36,0.7,266545081.61,88.37
42,118205.23,0.34,0.53,274564983.48,99.35
52,108932.4,0.36,0.47,272568448.72,96.62
59,92141.09,0.43,0.59,265198354.74,86.53
61,110998.1,0.46,0.47,262208063.95,82.44
54,147265.66,0.46,0.45,270962948.22,94.42
61,106890.14,0.49,0.85,262163927.72,82.38
62,105924.27,0.48,0.69,260532178.82,80.14
45,93569.31,0.36,0.62,275002221.63,99.95
73,122136.65,0.54,0.77,235761456.9,46.23
69,120214.38,0.38,0.86,246171500.81,60.48
47,82979.77,0.5,0.49,274800788.0,99.68
38,97158.57,0.46,0.8,272525007.42,96.56
61,112915.64,0.47,0.61,262191315.47,82.41
46,126632.47,0.42,0.49,274961755.51,99.9
37,128539.09,0.36,0.52,271815684.44,95.59
60,152678.44,0.41,0.59,263749962.76,84.55
72,98666.76,0.31,0.76,238542956.3,50.04
63,162864.33,0.38,0.49,258820860.85,77.8
52,99207.7,0.44,0.63,272543048.85,96.59
48,102654.75,0.51,0.78,274520375.15,99.29
72,127607.3,0.47,0.61,238539599.27,50.03
46,118713.32,0.41,0.79,274926192.19,99.85
60,110657.45,0.35,0.82,263731679.2,84.52
63,141640.17,0.53,0.7,258766832.17,77.73
57,138428.56,0.48,0.89,267748312.84,90.02
62,106544.26,0.5,0.42,260558909.01,80.18
51,128479.41,0.39,0.42,273224372.46,97.52
55,135679.62,0.52,0.58,269987479.87,93.09
39,98211.93,0.36,0.68,273195641.97,97.48
59,121138.22,0.47,0.69,265180313.74,86.51
83,89776.85,0.4,0.67,202794390.62,1.1
66,127272.32,0.4,0.47,252966743.52,69.79
83,120608.85,0.44,0.53,202802853.18,1.11
51,112363.89,0.35,0.84,273178331.03,97.46
58,108309.92,0.39,0.88,266521617.75,88.34
60,101794.86,0.5,0.76,263723737.87,84.51
36,42483.36,0.29,0.72,270949432.76,94.4
44,119884.01,0.51,0.7,274925020.11,99.85
46,108650.65,0.36,0.55,274959167.07,99.89
42,101606.39,0.24,0.65,274560707.16,99.35
53,77711.48,0.33,0.8,271789864.62,95.55
75,118929.2,0.47,0.64,229986421.22,38.32
54,127182.88,0.33,0.35,270990541.58,94.46
63,135546.99,0.48,0.85,258754312.71,77.71
60,120626.24,0.47,0.82,263714056.44,84.5
53,123175.5,0.35,0.51,271816762.29,95.59
65,132817.81,0.4,0.71,254985389.04,72.55
54,89074.96,0.35,0.85,270932202.13,94.38
59,122199.05,0.43,0.4,265221433.15,86.56
66,128178.9,0.32,0.66,252952063.69,69.77
53,93118.5,0.39,0.63,271798217.91,95.57
52,105286.76,0.53,0.65,272531352.74,96.57
75,111518.61,0.53,0.82,229960295.82,38.29
61,117625.93,0.34,0.61,262205618.42,82.43
72,129408.3,0.45,0.41,238568752.33,50.07
72,118904.34,0.36,0.44,238573893.45,50.08
41,78919.76,0.47,0.44,274206891.81,98.86
61,120005.1,0.44,0.62,262193290.14,82.42
60,175472.84,0.4,0.75,263723307.66,84.51
67,119404.47,0.4,0.51,250810301.82,66.83
46,100372.2,0.41,0.74,274935003.99,99.86
53,122246.99,0.35,0.78,271784698.24,95.55
35,107486.86,0.31,0.51,270018639.21,93.13
78,95350.6,0.47,0.67,220537250.93,25.39
80,124442.43,0.64,0.72,213705664.27,16.04
37,125060.81,0.26,0.63,271813199.2,95.59
70,126387.1,0.44,0.57,243748701.25,57.17
59,96766.33,0.51,0.73,265177333.44,86.5
52,114461.53,0.53,0.91,272498804.16,96.53
44,94625.14,0.48,0.55,274946765.95,99.88
73,141284.65,0.54,0.59,235782629.34,46.26
55,181642.77,0.43,0.64,269986934.55,93.09
59,127788.31,0.39,0.47,265217166.42,86.56
42,88808.25,0.35,0.68,274547784.01,99.33
68,122947.75,0.35,0.6,248555571.64,63.75
79,115551.17,0.24,0.48,217233284.53,20.86
68,111561.34,0.45,0.64,248540155.0,63.73
71,117907.8,0.35,0.4,241229904.24,53.72
56,117086.86,0.48,0.6,268940339.06,91.65
53,106528.88,0.35,0.46,271820723.46,95.6
56,95164.7,0.58,0.4,268951248.9,91.67
47,119880.82,0.46,0.84,274763743.48,99.63
52,154792.12,0.4,0.89,272505487.74,96.53
67,187034.4,0.28,0.54,250835329.99,66.87
59,145089.5,0.39,0.64,265195169.81,86.53
64,157421.71,0.35,0.51,256972039.73,75.27
46,129563.22,0.36,0.66,274946012.19,99.88
71,116769.65,0.34,0.62,241204995.0,53.68
58,100623.3,0.54,0.54,266542631.75,88.37
71,108317.0,0.58,0.72,241167996.08,53.63
51,135548.75,0.34,0.42,273232806.87,97.53
65,147507.73,0.49,0.44,255010284.01,72.58
49,97274.43,0.6,0.76,274165474.96,98.81
57,121036.81,0.5,0.75,267768845.75,90.05
66,157344.74,0.51,0.63,252928468.66,69.73
72,132911.53,0.32,0.6,238559774.13,50.06
56,152573.86,0.3,0.58,268967306.37,91.69
81,125371.1,0.49,0.66,210181932.55,11.21
52,113285.9,0.46,0.62,272540311.39,96.58
53,140192.85,0.22,0.61,271824134.12,95.6
72,120028.75,0.27,0.6,238565136.62,50.07
71,96531.33,0.46,0.73,241181384.46,53.65
58,121878.76,0.53,0.79,266511097.58,88.33
48,85313.81,0.43,0.57,274549204.39,99.33
75,126796.69,0.47,0.6,229991256.79,38.33
43,90469.49,0.49,0.62,274789924.83,99.66
69,136081.23,0.45,0.64,246187341.34,60.5
54,102651.44,0.45,0.61,270944224.9,94.4
71,85817.02,0.32,0.85,241186077.56,53.66
62,128291.29,0.39,0.74,260533322.11,80.14
52,138280.33,0.47,0.82,272509670.18,96.54
66,138820.25,0.53,0.77,252908304.55,69.71
55,109462.96,0.23,0.91,269984590.43,93.08
75,107552.01,0.58,0.74,229965153.98,38.3
57,100906.1,0.37,0.88,267775212.38,90.06
37,93169.81,0.38,0.43,271817658.41,95.59
76,92153.78,0.36,0.43,226969227.73,34.19
74,112630.27,0.38,0.65,232946767.06,42.38
45,119690.59,0.38,0.83,274975468.12,99.92
74,102976.2,0.5,0.6,232939464.32,42.37
65,134269.06,0.39,0.51,255012482.3,72.59
74,82215.79,0.43,0.71,232938214.15,42.37
50,107583.89,0.52,0.68,273727882.72,98.21
49,99536.37,0.41,0.58,274200757.68,98.86
66,101196.08,0.48,0.71,252930745.92,69.74
69,115129.58,0.56,0.93,246143526.67,60.44
46,126743.5,0.29,0.83,274935027.65,99.86
73,98829.52,0.36,0.54,235810206.33,46.3
63,126806.0,0.51,0.55,258791907.53,77.76
70,145254.92,0.39,0.61,243750227.3,57.17
50,139977.6,0.35,0.56,273762773.61,98.26
70,135998.64,0.59,0.44,243745164.36,57.16
75,115476.9,0.43,0.76,229978491.99,38.31
72,111957.41,0.33,0.65,238553208.94,50.05
62,150761.48,0.56,0.81,260494094.81,80.09
62,116597.16,0.58,0.78,260507693.04,80.11
40,95177.34,0.37,0.46,273766169.92,98.26
70,116421.29,0.34,0.9,243721212.29,57.13
56,93735.94,0.49,0.74,268929128.21,91.64
77,110601.35,0.48,0.66,223784132.28,29.83
57,117722.21,0.31,0.57,267814587.57,90.11
58,117542.69,0.37,0.6,266553250.36,88.39
60,143334.26,0.52,0.56,263739596.69,84.53
37,111937.55,0.52,0.7,271775066.73,95.53
70,117473.61,0.47,0.46,243758169.21,57.18
52,106114.15,0.56,0.68,272524072.13,96.56
63,142524.31,0.47,0.52,258801724.32,77.77
65,127551.1,0.51,0.4,255011810.91,72.59
47,123414.01,0.4,0.65,274793904.69,99.67
76,87267.97,0.53,0.72,226928194.67,34.14
43,139899.39,0.53,0.64,274777540.45,99.64
73,115049.93,0.46,0.42,235813590.53,46.3
64,111005.35,0.41,0.87,256919466.63,75.2
76,122144.49,0.54,0.67,226924102.0,34.13
57,127712.64,0.38,0.45,267821589.33,90.12
58,105350.52,0.28,0.7,266550941.49,88.38
38,86731.0,0.35,0.67,272548775.64,96.59
71,126518.58,0.5,0.44,241207503.42,53.69
70,102834.04,0.34,0.69,243747163.17,57.16
73,146031.29,0.47,0.8,235760782.26,46.23
45,119069.35,0.31,0.73,274995146.71,99.94
56,192660.95,0.39,0.49,268973651.53,91.7
50,140479.66,0.35,0.84,273723009.18,98.2
60,101674.05,0.56,0.57,263736896.68,84.53
59,131827.76,0.66,0.87,265130509.82,86.44
50,85632.32,0.45,0.42,273760654.23,98.25
73,100456.02,0.57,0.61,235781221.71,46.26
52,125143.81,0.36,0.67,272546175.19,96.59
51,107790.66,0.27,0.51,273223442.44,97.52
56,127870.81,0.39,0.81,268924239.95,91.63
53,118055.64,0.36,0.68,271794669.63,95.56
75,131628.22,0.45,0.41,230017769.97,38.37
46,99142.12,0.52,0.7,274927819.71,99.85
57,139740.75,0.53,0.68,267771238.72,90.05
66,160073.49,0.3,0.5,252981232.65,69.81
49,110172.28,0.42,0.86,274169976.72,98.81
78,93723.4,0.45,0.91,220515852.59,25.36
60,133133.27,0.32,0.58,263763043.71,84.57
64,107310.66,0.35,0.68,256946234.12,75.23
64,107322.6,0.42,0.54,256954469.12,75.24
58,159347.41,0.35,0.78,266529134.35,88.35
60,102350.67,0.35,0.83,263731807.0,84.52
55,159060.6,0.32,0.57,270016857.55,93.13
56,100579.69,0.4,0.81,268929466.53,91.64
48,117879.25,0.37,0.65,274547566.02,99.33
52,114324.55,0.37,0.65,272547222.53,96.59
78,122517.95,0.36,0.89,220519174.5,25.36
58,130053.95,0.47,0.69,266529077.76,88.35
41,90902.87,0.44,0.65,274192522.85,98.84
76,132163.94,0.28,0.74,226946092.85,34.16
57,85108.0,0.41,0.54,267804088.45,90.1
54,139166.82,0.41,0.5,270962881.97,94.42
80,145591.6,0.49,0.86,213698515.21,16.03
37,77461.22,0.57,0.7,271779599.34,95.54
59,113370.48,0.39,0.77,265180952.35,86.51
65,120628.11,0.34,0.58,255010339.95,72.58
82,93014.58,0.52,0.64,206535460.91,6.22
48,86576.36,0.37,0.85,274531091.21,99.31
54,102589.14,0.44,0.57,270948416.22,94.4
70,101341.38,0.43,0.48,243759656.28,57.18
42,151775.58,0.46,0.67,274529745.57,99.31
59,97137.8,0.53,0.64,265183563.84,86.51
51,130194.39,0.36,0.5,273218384.33,97.51
59,128830.8,0.37,0.79,265178525.48,86.5
47,144796.25,0.29,0.93,274767701.75,99.63
66,132277.43,0.41,0.67,252939273.55,69.75
46,123456.48,0.4,0.8,274926359.63,99.85
79,127938.9,0.41,0.78,217175401.45,20.79
48,111981.45,0.48,0.77,274522529.89,99.3
60,127216.82,0.56,0.38,263757950.94,84.56
52,149391.87,0.37,0.5,272570000.51,96.62
67,96563.2,0.54,0.42,250804419.07,66.82
74,96321.84,0.45,0.42,232962592.95,42.4
79,95853.62,0.43,0.51,217205280.78,20.83
64,128923.92,0.52,0.55,256939794.95,75.22
65,123134.39,0.49,0.5,255000698.88,72.57
40,86147.93,0.57,0.44,273749672.98,98.24
67,121011.61,0.33,0.63,250805415.76,66.83
40,86205.53,0.37,0.55,273756919.72,98.25
70,101339.34,0.57,0.83,243709875.85,57.11
56,133583.99,0.44,0.36,268976425.88,91.7
58,117038.75,0.44,0.83,266518608.61,88.34
66,130352.24,0.43,0.9,252907105.05,69.7
80,134028.78,0.45,0.75,213722884.08,16.06
46,134524.96,0.38,0.77,274929862.53,99.85
42,173545.82,0.37,0.83,274516108.12,99.29
41,117254.87,0.36,0.51,274214479.31,98.87
47,94805.28,0.44,0.9,274767292.93,99.63
69,125948.18,0.41,0.79,246174229.01,60.49
76,108675.82,0.36,0.82,226929812.72,34.14
44,110521.48,0.58,0.57,274932548.74,99.86
42,106165.39,0.42,0.68,274539257.56,99.32
49,143736.32,0.32,0.77,274187700.07,98.84
65,135978.86,0.35,0.71,254991709.56,72.56
69,113738.71,0.36,0.73,246189623.11,60.51
43,159700.85,0.43,0.45,274818495.35,99.7
61,134043.04,0.4,0.56,262205585.27,82.43
77,102696.39,0.52,0.66,223781395.65,29.83
65,135654.7,0.57,0.55,254985019.97,72.55
56,155505.96,0.39,0.46,268973110.07,91.7
59,98734.54,0.32,0.43,265223979.94,86.57
74,114241.16,0.43,0.58,232947725.77,42.38
59,130234.11,0.43,0.66,265188695.77,86.52
46,96921.63,0.35,0.39,274975537.6,99.92
51,124134.32,0.5,0.89,273151619.85,97.42
58,100856.44,0.27,0.8,266542940.83,88.37
49,137579.99,0.49,0.78,274162448.62,98.8
55,112038.04,0.39,0.51,270010585.57,93.12
71,124568.3,0.44,0.67,241186019.15,53.66
72,127493.89,0.55,0.63,238527568.02,50.02
40,90423.45,0.37,0.88,273727498.56,98.21
51,140763.43,0.36,0.75,273183862.96,97.46
47,106296.7,0.56,0.71,274772305.39,99.64
56,110177.0,0.54,0.85,268906736.57,91.61
59,107310.23,0.45,0.46,265210069.43,86.55
41,101422.45,0.36,0.38,274225595.94,98.89
61,125957.41,0.3,0.78,262190288.05,82.41
65,144076.22,0.48,0.42,255014741.89,72.59
49,68958.94,0.36,0.45,274212874.8,98.87
48,177124.39,0.24,0.74,274553812.03,99.34
64,88284.71,0.5,0.52,256947599.01,75.24
51,74541.25,0.42,0.66,273193707.67,97.48
72,112232.68,0.27,0.9,238531526.4,50.02
71,165658.86,0.48,0.59,241188210.67,53.66
64,113488.14,0.28,0.49,256976721.08,75.28
60,120999.8,0.4,0.46,263767023.46,84.57
49,148022.92,0.28,0.43,274243512.32,98.91
42,103337.74,0.4,0.45,274565387.37,99.35
57,141493.87,0.41,0.41,267825302.68,90.13
53,102435.79,0.55,0.66,271778445.71,95.54
71,105910.1,0.47,0.58,241194842.49,53.67
75,93031.96,0.36,0.74,229990969.55,38.33
46,112769.66,0.4,0.83,274924679.93,99.85
74,120476.39,0.37,0.79,232930251.87,42.35
62,112314.93,0.26,0.64,260560933.06,80.18
63,137080.03,0.42,0.48,258813696.19,77.79
51,129242.75,0.53,0.76,273162324.67,97.43
49,111144.93,0.49,0.61,274189354.81,98.84
54,192186.37,0.41,0.37,270993777.42,94.46
64,113754.82,0.38,0.82,256927515.31,75.21
57,106074.57,0.46,0.58,267796475.77,90.09
56,133583.24,0.39,0.51,268963132.25,91.68
74,154929.7,0.44,0.84,232906825.11,42.32
59,150624.96,0.44,0.84,265158026.31,86.48
54,129659.07,0.53,0.64,270928299.92,94.38
50,91547.04,0.57,0.59,273735507.25,98.22
48,107509.5,0.54,0.69,274524784.71,99.3
67,123597.39,0.48,0.8,250765700.23,66.77
61,133275.43,0.48,0.41,262213602.95,82.44
66,129815.1,0.46,0.66,252934339.55,69.74
72,180286.88,0.59,0.91,238460695.47,49.93
50,79863.1,0.44,0.52,273753016.16,98.24
36,89187.28,0.38,0.89,270926238.58,94.37
70,156378.37,0.42,0.92,243696606.94,57.09
45,77959.86,0.32,0.46,275017386.6,99.97
67,141957.65,0.47,0.78,250763851.93,66.77
49,129017.13,0.48,0.55,274196186.59,98.85
44,119906.61,0.39,0.72,274936521.29,99.86
71,94611.83,0.31,0.81,241188287.67,53.66
56,123805.32,0.53,0.54,268941723.09,91.66
46,160565.56,0.47,0.76,274913461.97,99.83
72,167433.34,0.57,0.81,238486002.29,49.96
47,122746.47,0.45,0.62,274791935.52,99.66
42,94381.08,0.55,0.44,274551655.65,99.34
46,144796.22,0.37,0.47,274972882.8,99.91
64,156062.37,0.33,0.7,256944708.85,75.23
52,94562.73,0.32,0.93,272526854.49,96.56
35,90396.44,0.36,0.78,269987050.62,93.09
73,129267.63,0.42,0.66,235788645.64,46.27
50,95099.52,0.57,0.63,273731123.73,98.21
77,111761.78,0.33,0.53,223816096.05,29.88
71,127595.95,0.39,0.45,241221363.06,53.71
57,108944.96,0.45,0.66,267787558.18,90.08
67,145970.37,0.49,0.61,250785820.35,66.8
72,106754.48,0.44,0.69,238535328.31,50.03
67,196613.96,0.33,0.83,250769006.82,66.78
62,128630.85,0.5,0.69,260526820.12,80.14
60,140988.04,0.36,0.75,263733554.68,84.53
74,117536.15,0.45,0.44,232963435.1,42.4
63,117899.87,0.45,0.93,258754928.88,77.71
47,120735.62,0.48,0.81,274765337.93,99.63
61,104403.59,0.51,0.8,262167703.97,82.38
74,125204.86,0.45,0.62,232941038.08,42.37
78,110198.36,0.39,0.7,220541066.64,25.39
44,88905.07,0.5,0.65,274936631.08,99.86
77,137399.11,0.51,0.48,223801495.48,29.86
76,127867.0,0.56,0.75,226910805.68,34.11
51,130895.86,0.37,0.84,273172254.41,97.45
60,139924.96,0.41,0.44,263772323.83,84.58
61,130900.12,0.5,0.43,262208510.7,82.44
42,82702.15,0.37,0.76,274539775.18,99.32
79,110039.46,0.41,0.54,217205743.1,20.83
61,121829.35,0.38,0.64,262197493.25,82.42
77,117818.44,0.42,0.76,223779065.4,29.83
68,114944.77,0.62,0.51,248535442.27,63.72
56,155750.52,0.35,0.83,268921198.02,91.63
43,99921.32,0.44,0.7,274786177.97,99.66
55,101284.96,0.42,0.77,269980579.5,93.08
72,151957.98,0.3,0.82,238532263.69,50.02
68,132089.72,0.53,0.83,248503257.1,63.67
43,132314.83,0.4,0.44,274821578.02,99.71
74,140225.3,0.4,0.55,232957366.69,42.39
73,125656.85,0.47,0.41,235815462.59,46.3
41,107677.53,0.4,0.59,274200786.5,98.86
56,136848.48,0.33,0.89,268920406.06,91.63
65,144281.05,0.38,0.59,255003695.07,72.57
73,104074.72,0.59,0.83,235756385.49,46.22
51,133742.23,0.37,0.54,273213066.69,97.5
68,102038.47,0.48,0.54,248548255.98,63.74
57,126366.83,0.44,0.85,267763804.77,90.04
81,102206.31,0.52,0.68,210179409.83,11.21
73,157179.82,0.49,0.81,235752875.11,46.22
57,129491.8,0.45,0.49,267807444.53,90.1
70,93814.57,0.56,0.88,243709210.34,57.11
73,110591.34,0.51,0.63,235783583.04,46.26
69,125775.16,0.38,0.71,246188446.17,60.51
42,104585.25,0.34,0.45,274572429.25,99.36
53,145402.03,0.43,0.67,271785456.33,95.55
76,123015.56,0.48,0.9,226903180.89,34.1
72,99805.15,0.43,0.85,238521340.42,50.01
46,176062.78,0.28,0.42,275003252.62,99.95
43,75172.85,0.3,0.54,274811973.98,99.69
62,124046.07,0.48,0.64,260535459.53,80.15
56,129031.57,0.31,0.45,268980819.18,91.71
37,128251.2,0.41,0.74,271780863.2,95.54
74,129952.27,0.44,0.45,232964349.5,42.4
60,194771.24,0.43,0.55,263752360.67,84.55
43,127960.0,0.41,0.71,274785284.79,99.66
56,103867.88,0.36,0.62,268952634.25,91.67
50,112689.1,0.27,0.75,273747616.91,98.23
72,104585.65,0.38,0.89,238522544.99,50.01
58,110985.34,0.51,0.5,266549533.9,88.38
49,105578.02,0.36,0.76,274187265.38,98.84
66,150657.18,0.3,0.5,252980275.5,69.8
75,124116.51,0.33,0.62,230005530.08,38.35
41,83631.81,0.34,0.42,274220202.0,98.88
59,136728.67,0.61,0.48,265188351.8,86.52
46,93778.33,0.41,0.56,274952919.83,99.89
60,112532.92,0.56,0.62,263729345.31,84.52
59,104325.51,0.59,0.85,265154147.04,86.47
82,113719.9,0.39,0.75,206534013.94,6.22
50,114368.43,0.52,0.87,273706073.93,98.18
57,105662.72,0.33,0.73,267793896.16,90.08
43,73259.44,0.36,0.48,274811333.77,99.69
58,167359.88,0.39,0.6,266550721.34,88.38
40,103499.66,0.54,0.5,273745803.12,98.23
42,98548.84,0.24,0.6,274565794.06,99.36
69,138270.9,0.47,0.76,246168087.35,60.48
49,111097.12,0.29,0.66,274206048.27,98.86
54,117425.06,0.56,0.57,270935030.04,94.38
73,141913.58,0.3,0.51,235826793.42,46.32
52,134906.79,0.47,0.46,272559478.5,96.61
80,109048.85,0.3,0.49,213772536.98,16.13
62,114897.3,0.41,0.47,260564435.78,80.19
69,198030.51,0.47,0.82,246143390.55,60.44
58,123221.12,0.51,0.48,266550889.31,88.38
67,228688.07,0.38,0.76,250767415.45,66.77
61,134654.25,0.4,0.58,262203130.06,82.43
53,132746.45,0.45,0.45,271813619.02,95.59
57,126815.97,0.56,0.75,267761020.62,90.04
41,110718.2,0.41,0.73,274184800.49,98.83
56,107689.94,0.49,0.47,268954547.18,91.67
37,49996.22,0.5,0.82,271783901.23,95.55
59,125013.06,0.39,0.41,265224850.3,86.57
42,87314.04,0.49,0.47,274553388.16,99.34
66,86526.81,0.35,0.75,252941188.9,69.75
40,117372.39,0.46,0.79,273720553.08,98.2
57,137431.21,0.47,0.59,267791692.66,90.08
62,136129.39,0.49,0.48,260554628.27,80.17
57,110836.97,0.43,0.86,267768679.68,90.05
59,125417.32,0.33,0.63,265204444.49,86.54
56,93292.42,0.46,0.49,268954073.89,91.67
72,148196.52,0.39,0.65,238544011.79,50.04
73,110284.09,0.38,0.86,235773577.27,46.25
49,92988.09,0.5,0.46,274203534.93,98.86
50,113168.4,0.49,0.8,273717888.75,98.19
60,128358.86,0.28,0.74,263747111.82,84.54
61,117644.16,0.5,0.61,262187066.23,82.41
60,117530.46,0.37,0.73,263738777.56,84.53
40,102647.84,0.47,0.86,273716425.67,98.19
48,68205.03,0.4,0.54,274554013.28,99.34
60,85453.86,0.47,0.46,263756161.3,84.56
40,104545.04,0.48,0.86,273714041.35,98.19
68,121762.27,0.37,0.74,248536560.92,63.72
58,190777.84,0.32,0.67,266550353.17,88.38
60,131552.68,0.35,0.72,263741182.27,84.54
68,126863.76,0.35,0.79,248531625.09,63.71
72,124888.87,0.33,0.79,238534385.49,50.03
58,107659.35,0.31,0.84,266534497.68,88.36
79,112562.56,0.49,0.62,217187910.55,20.8
56,132620.05,0.28,0.62,268963302.95,91.69
41,118640.74,0.36,0.74,274188553.2,98.84
80,91348.57,0.41,0.59,213750338.31,16.1
49,115684.38,0.58,0.69,274168434.74,98.81
59,96173.1,0.51,0.65,265184367.19,86.51
47,107354.24,0.37,0.46,274817706.49,99.7
49,95928.03,0.5,0.62,274188141.16,98.84
42,113071.07,0.38,0.72,274539508.25,99.32
73,130414.7,0.54,0.79,235757392.57,46.23
71,138996.91,0.4,0.66,241190909.76,53.66
63,125978.26,0.38,0.47,258818425.63,77.8
44,126156.01,0.39,0.61,274949082.22,99.88
51,102826.65,0.31,0.76,273192936.73,97.48
37,106377.63,0.41,0.59,271799215.4,95.57
38,76947.03,0.53,0.81,272523574.92,96.56
80,100825.29,0.42,0.65,213743329.36,16.09
70,115434.82,0.45,0.53,243752314.93,57.17
49,147727.91,0.32,0.78,274185942.0,98.84
65,131290.86,0.39,0.44,255022108.69,72.6
46,100249.31,0.28,0.65,274956681.65,99.89
80,137545.45,0.55,0.53,213738237.68,16.08
59,151563.27,0.3,0.46,265236466.67,86.58
47,101373.61,0.47,0.68,274784087.33,99.65
41,132178.94,0.32,0.65,274204240.99,98.86
64,86552.23,0.36,0.81,256935095.83,75.22
66,106682.6,0.47,0.79,252921872.17,69.72
46,104189.66,0.38,0.72,274940239.35,99.87
76,96754.37,0.39,0.65,226946117.16,34.16
71,158744.54,0.46,0.72,241170842.82,53.64
56,102528.58,0.45,0.72,268932464.89,91.64
72,101113.3,0.39,0.58,238553638.71,50.05
66,139777.58,0.51,0.7,252921172.53,69.72
59,108064.37,0.53,0.89,265154581.98,86.47
52,97157.73,0.31,0.51,272567756.33,96.62
34,92145.12,0.35,0.85,268931519.23,91.64
63,158690.48,0.29,0.36,258856909.83,77.85
79,137671.52,0.24,0.53,217232279.36,20.86
79,133339.78,0.43,0.51,217207783.64,20.83
37,143095.09,0.59,0.65,271764808.07,95.52
36,79875.83,0.56,0.45,270949403.37,94.4
59,139098.05,0.32,0.9,265169368.85,86.49
56,99796.92,0.36,0.84,268929372.17,91.64
58,116146.12,0.46,0.7,266531529.59,88.36
58,81627.85,0.45,0.61,266545010.65,88.37
80,147462.98,0.56,0.85,213688834.62,16.01
72,127656.84,0.48,0.84,238508303.24,49.99
57,125387.28,0.46,0.66,267785133.1,90.07
42,175037.77,0.41,0.73,274525785.68,99.3
51,160476.85,0.31,0.66,273203819.62,97.49
54,122439.91,0.54,0.72,270918197.52,94.36
59,134077.76,0.39,0.62,265198750.0,86.53
53,151460.39,0.5,0.6,271783641.43,95.55
54,132013.55,0.23,0.44,270993684.56,94.46
80,146604.36,0.39,0.58,213753646.89,16.1
51,102462.91,0.39,0.74,273186051.92,97.47
55,98892.54,0.33,0.91,269975407.54,93.07
40,80750.74,0.43,0.88,273725676.06,98.2
74,113830.09,0.59,0.74,232913129.9,42.33
54,83442.2,0.41,0.74,270937907.81,94.39
46,116249.33,0.43,0.47,274961769.3,99.9
54,122077.79,0.49,0.75,270920891.51,94.37
60,153893.89,0.43,0.41,263773923.63,84.58
49,91041.44,0.57,0.53,274191029.12,98.84
70,147506.36,0.27,0.76,243745963.28,57.16
68,151944.2,0.34,0.57,248564290.61,63.76
39,94044.14,0.48,0.48,273203247.43,97.49
43,107877.69,0.44,0.78,274776221.32,99.64
58,141672.92,0.27,0.56,266574117.62,88.41
58,97788.37,0.43,0.41,266564676.27,88.4
62,97143.46,0.39,0.43,260567370.96,80.19
75,115477.22,0.31,0.53,230018008.77,38.37
68,95025.92,0.27,0.47,248574824.22,63.77
47,118114.1,0.39,0.82,274775637.05,99.64
68,127583.15,0.45,0.61,248541908.43,63.73
55,127956.46,0.48,0.73,269972698.13,93.07
43,84500.1,0.57,0.53,274791367.11,99.66
48,111452.19,0.44,0.73,274531363.39,99.31
55,117153.51,0.41,0.75,269981794.19,93.08
45,100593.11,0.49,0.71,274979639.95,99.92
59,117666.61,0.54,0.68,265173556.96,86.5
50,131453.94,0.44,0.85,273711125.44,98.19
47,113982.57,0.49,0.52,274798491.38,99.67
55,125955.74,0.52,0.64,269979698.5,93.08
44,97272.13,0.35,0.84,274932160.27,99.86
48,131767.8,0.47,0.41,274565982.8,99.36
57,118826.8,0.45,0.42,267815915.26,90.11
77,141323.62,0.53,0.51,223794588.44,29.85
59,117202.6,0.37,0.72,265190162.2,86.52
74,105363.25,0.44,0.49,232957843.39,42.39
52,92585.19,0.46,0.49,272554280.11,96.6
62,106745.76,0.34,0.62,260554291.54,80.17
72,144498.74,0.42,0.72,238529867.79,50.02
76,177542.73,0.34,0.56,226967549.51,34.19
65,110506.45,0.43,0.55,255002168.34,72.57
81,105006.95,0.36,0.67,210195964.26,11.23
64,125253.87,0.43,0.87,256911462.47,75.19
54,113622.9,0.35,0.72,270942476.41,94.39
45,154582.47,0.46,0.77,274964998.89,99.9
40,93128.61,0.34,0.57,273758060.53,98.25
71,126817.74,0.3,0.52,241222209.48,53.71
70,120205.01,0.32,0.6,243759731.47,57.18
75,146904.66,0.23,0.79,229998366.83,38.34
51,106419.3,0.39,0.64,273196912.01,97.48
44,117098.46,0.52,0.82,274910114.22,99.83
48,128653.76,0.39,0.86,274517672.79,99.29
74,118737.9,0.35,0.41,232977854.59,42.42
50,107585.48,0.5,0.42,273758443.02,98.25
43,71595.64,0.5,0.44,274804046.23,99.68
76,112795.69,0.56,0.56,226935543.78,34.15
49,136123.61,0.43,0.45,274216078.63,98.88
66,115191.05,0.43,0.81,252921844.1,69.72
54,137599.35,0.34,0.41,270984356.77,94.45
43,144493.76,0.39,0.55,274808021.22,99.69
66,135686.25,0.25,0.53,252979483.26,69.8
63,194849.33,0.31,0.84,258771936.96,77.73
70,143008.65,0.28,0.76,243743794.93,57.16
44,113109.25,0.52,0.87,274906616.13,99.82
65,124338.58,0.42,0.93,254955354.08,72.51
44,82681.07,0.23,0.69,274956398.49,99.89
42,103284.34,0.47,0.51,274552673.43,99.34
59,104954.59,0.46,0.46,265208498.31,86.54
57,128725.76,0.51,0.51,267797775.7,90.09
65,97188.29,0.26,0.69,255005008.36,72.58
50,124274.74,0.4,0.44,273769959.53,98.27
72,77597.57,0.48,0.43,238557070.63,50.06
39,108333.27,0.34,0.68,273197813.39,97.48
41,114866.84,0.3,0.71,274199248.88,98.85
44,151921.89,0.41,0.7,274933145.04,99.86
79,110770.98,0.42,0.59,217198980.85,20.82
56,136067.0,0.43,0.77,268922725.35,91.63
75,159326.08,0.46,0.67,229978739.63,38.31
64,112999.85,0.5,0.46,256954724.21,75.24
50,86839.56,0.33,0.82,273737357.06,98.22
75,159123.75,0.5,0.89,229938073.42,38.26
51,102396.82,0.38,0.42,273220915.17,97.51
44,130649.53,0.45,0.61,274941733.46,99.87
67,113616.42,0.36,0.64,250799222.62,66.82
76,137358.64,0.33,0.47,226976994.88,34.2
67,134487.7,0.46,0.8,250765779.66,66.77
56,119048.73,0.32,0.5,268970614.04,91.7
43,76671.79,0.49,0.8,274778329.52,99.65
72,114050.37,0.48,0.75,238522836.62,50.01
45,117503.36,0.33,0.68,274998823.73,99.95
46,108405.62,0.31,0.54,274966322.38,99.9
71,143541.44,0.56,0.58,241180870.14,53.65
56,122354.97,0.41,0.47,268964508.06,91.69
47,129105.87,0.53,0.51,274794816.77,99.67
68,127762.9,0.33,0.56,248564871.17,63.76
55,86205.85,0.44,0.84,269975205.79,93.07
49,107773.77,0.46,0.6,274194045.45,98.85
82,117962.95,0.53,0.75,206516984.67,6.19
72,109970.14,0.32,0.61,238558029.14,50.06
43,109975.19,0.3,0.81,274788330.3,99.66
72,126210.18,0.47,0.86,238508176.04,49.99
51,91153.54,0.6,0.5,273190375.65,97.47
54,123105.97,0.51,0.81,270910256.53,94.35
44,110684.77,0.57,0.7,274919721.82,99.84
39,83085.23,0.51,0.76,273177297.08,97.45
50,105345.35,0.26,0.75,273748532.26,98.24
55,124366.76,0.31,0.59,270012580.66,93.12
74,137656.52,0.48,0.52,232950521.38,42.38
45,108866.12,0.47,0.44,275009572.76,99.96
45,147498.07,0.58,0.64,274967244.25,99.9
59,144806.03,0.55,0.85,265143107.15,86.46
77,95349.99,0.3,0.77,223792590.37,29.84
52,112708.38,0.5,0.55,272544489.32,96.59
39,71167.31,0.39,0.82,273184842.66,97.46
72,149507.49,0.44,0.8,238513539.12,50.0
64,112148.89,0.38,0.48,256965279.27,75.26
46,114608.88,0.42,0.4,274970553.57,99.91
69,131822.03,0.47,0.49,246204705.61,60.53
58,127935.73,0.37,0.88,266517708.57,88.34
34,52692.26,0.49,0.77,268936627.19,91.65
59,123160.6,0.29,0.58,265215226.75,86.55
58,126823.02,0.62,0.51,266533260.3,88.36
51,148354.75,0.49,0.82,273153572.42,97.42
54,111707.18,0.5,0.85,270911068.6,94.35
44,140117.56,0.59,0.81,274893696.83,99.8
44,137385.69,0.37,0.69,274941179.78,99.87
49,130902.14,0.42,0.48,274213735.63,98.87
61,116290.9,0.5,0.64,262183237.35,82.4
52,124613.45,0.4,0.54,272557790.12,96.61
75,132312.42,0.5,0.79,229961888.25,38.29
58,92614.33,0.34,0.56,266559626.77,88.39
79,107393.69,0.34,0.78,217187366.19,20.8
47,95682.75,0.44,0.57,274799427.88,99.67
59,117904.31,0.41,0.79,265176669.53,86.5
49,115957.67,0.48,0.59,274192200.3,98.84
59,117572.94,0.42,0.61,265196554.87,86.53
40,113410.28,0.59,0.7,273716749.43,98.19
62,156952.88,0.5,0.43,260559681.71,80.18
65,154204.22,0.31,0.89,254969704.87,72.53
65,112513.88,0.57,0.71,254968707.05,72.53
