age,income,savings_rate,debt_ratio,purchase_power,purchasing_power
57,52651.67,0.07,0.42,21029.01,22.28
47,57833.38,0.22,0.43,23525.62,24.03
33,91580.17,0.22,0.52,27732.16,26.97
26,42537.86,0.22,0.39,14752.88,17.89
39,50845.7,0.29,0.33,24869.56,24.96
57,54034.24,0.26,0.42,11625.16,15.71
37,47031.73,0.06,0.25,37548.1,33.83
41,67958.6,0.17,0.19,48749.71,41.66
29,47802.72,0.15,0.41,21757.53,22.79
29,46151.74,0.13,0.22,30782.15,29.1
42,54526.13,0.16,0.14,43388.79,37.91
54,58108.98,0.15,0.1,41722.71,36.75
58,57670.08,0.16,0.4,17882.3,20.08
42,55387.85,0.29,0.28,28712.71,27.65
21,35831.88,0.07,0.48,7593.02,12.89
40,60600.18,0.28,0.29,31604.19,29.67
20,36342.18,0.17,0.34,7489.02,12.81
42,62920.59,0.21,0.3,36283.71,32.94
48,53598.42,0.26,0.43,19886.36,21.48
56,78276.69,0.14,0.28,40883.06,36.16
20,40554.46,0.16,0.58,265.88,7.76
39,54553.96,0.15,0.57,20512.51,21.92
51,67199.0,0.14,0.52,23119.57,23.74
30,53104.98,0.28,0.56,10043.86,14.6
40,43975.95,0.26,0.32,23888.06,24.28
43,68352.47,0.08,0.37,43201.01,37.78
45,50481.67,0.08,0.47,27287.46,26.66
46,81082.93,0.16,0.45,36171.11,32.87
34,54675.37,0.07,0.55,24907.25,24.99
33,71998.44,0.2,0.46,27733.4,26.97
21,32565.1,0.09,0.6,1696.05,8.76
55,60075.64,0.18,0.27,29407.78,28.14
25,73184.51,0.05,0.52,28352.36,27.4
39,57536.32,0.13,0.45,29574.69,28.25
27,42589.66,0.22,0.45,13124.68,16.75
57,69241.87,0.17,0.26,33266.41,30.84
36,71224.19,0.29,0.49,19901.16,21.49
22,35285.68,0.27,0.55,-684.32,7.1
43,43244.0,0.14,0.21,33307.49,30.86
32,48261.51,0.06,0.41,28174.21,27.28
27,62880.36,0.26,0.3,26610.11,26.18
44,52848.74,0.28,0.59,11705.35,15.76
20,38858.83,0.26,0.34,5413.84,11.36
38,52289.84,0.08,0.21,42020.33,36.96
46,43666.2,0.3,0.29,21940.21,22.92
25,38751.24,0.11,0.43,14463.17,17.69
26,61382.91,0.23,0.14,36421.42,33.04
53,38966.33,0.28,0.4,11406.09,15.55
32,60495.74,0.11,0.57,22665.17,23.42
35,45202.98,0.28,0.53,13462.82,16.99
54,70652.15,0.13,0.13,49690.81,42.32
58,69577.18,0.29,0.6,349.59,7.82
22,40138.29,0.12,0.45,9992.02,14.56
20,36521.97,0.29,0.18,9183.55,14.0
24,35801.34,0.06,0.11,25074.35,25.11
22,27593.81,0.23,0.19,8903.91,13.8
47,103815.95,0.18,0.52,34550.52,31.73
36,48888.14,0.17,0.11,40217.64,35.69
44,99389.83,0.11,0.22,72041.72,57.94
52,50160.06,0.23,0.48,14682.67,17.84
28,61044.89,0.1,0.39,31059.51,29.29
54,46340.79,0.19,0.49,12714.04,16.47
32,65569.64,0.11,0.47,30230.47,28.71
49,57545.65,0.29,0.13,35948.0,32.71
33,52852.51,0.06,0.55,24670.42,24.83
26,60043.55,0.1,0.21,38918.16,34.79
32,49918.21,0.11,0.38,28572.67,27.55
41,46455.22,0.15,0.42,25101.02,25.13
58,70623.51,0.11,0.18,42660.64,37.4
39,47980.63,0.17,0.59,16711.61,19.26
34,67256.57,0.27,0.34,29918.37,28.49
36,78999.25,0.23,0.13,55809.41,46.6
42,57166.75,0.19,0.57,18627.71,20.6
44,87567.7,0.07,0.39,51703.9,43.73
43,71016.79,0.22,0.45,28193.91,27.29
59,46281.68,0.09,0.36,16454.18,19.08
47,93892.6,0.25,0.52,25805.86,25.62
33,43912.77,0.11,0.12,37434.05,33.75
19,31801.52,0.15,0.23,7582.78,12.88
43,59609.86,0.14,0.33,36719.06,33.25
25,58461.19,0.26,0.14,31508.2,29.61
27,73461.55,0.08,0.45,33180.97,30.78
42,83774.68,0.19,0.3,48074.55,41.19
19,40733.94,0.09,0.24,15630.83,18.51
26,45033.42,0.23,0.1,28032.98,27.18
42,44001.21,0.28,0.46,16939.18,19.42
29,38218.35,0.16,0.52,13027.41,16.69
35,102677.89,0.17,0.3,58938.02,48.78
26,30561.01,0.28,0.38,8215.43,13.32
53,50355.78,0.18,0.21,29307.28,28.07
53,84133.42,0.17,0.41,33694.99,31.13
51,64816.76,0.19,0.11,45851.06,39.63
23,62569.6,0.22,0.34,21491.99,22.6
57,66910.43,0.08,0.42,27833.77,27.04
59,88746.76,0.26,0.56,7716.5,12.97
46,67644.58,0.16,0.29,41405.14,36.53
25,59692.4,0.07,0.48,23494.05,24.0
27,41110.48,0.25,0.4,13574.27,17.07
26,59551.59,0.14,0.56,15057.87,18.11
30,48695.54,0.08,0.3,31900.92,29.88
52,54674.98,0.21,0.26,29072.3,27.9
51,78786.88,0.27,0.54,15237.1,18.23
41,79713.47,0.27,0.12,53559.17,45.02
42,103279.41,0.29,0.17,61343.1,50.46
55,97523.89,0.27,0.14,54457.65,45.65
53,78269.94,0.05,0.52,32352.85,30.2
58,38590.0,0.15,0.11,21662.34,22.72
40,107836.39,0.25,0.53,28576.96,27.56
45,80718.2,0.14,0.33,47392.49,40.71
53,50550.48,0.2,0.1,34087.69,31.41
19,50630.55,0.2,0.3,13483.34,17.0
53,47885.77,0.14,0.19,30669.75,29.02
55,70143.24,0.28,0.41,18673.03,20.63
32,41507.9,0.18,0.44,19019.76,20.88
21,30651.48,0.17,0.34,6372.72,12.03
19,50211.77,0.3,0.12,17271.43,19.65
23,66248.4,0.17,0.43,20454.35,21.88
44,68184.26,0.09,0.52,31269.34,29.44
32,52251.67,0.18,0.46,21959.58,22.93
57,37208.19,0.25,0.51,2723.36,9.48
45,59724.32,0.24,0.2,37887.53,34.07
27,59881.11,0.25,0.54,11398.93,15.55
33,52796.61,0.23,0.26,30417.4,28.84
33,56961.86,0.11,0.11,47925.85,41.08
44,60012.83,0.27,0.52,17715.79,19.96
31,50755.45,0.27,0.57,10388.31,14.84
50,63021.06,0.1,0.43,31691.68,29.73
57,53382.24,0.08,0.22,31585.43,29.66
50,94407.11,0.29,0.23,46967.09,40.41
22,22097.35,0.27,0.33,1506.94,8.63
48,55082.7,0.27,0.55,12657.55,16.43
55,48114.29,0.27,0.17,23076.05,23.71
41,65737.95,0.19,0.51,25321.35,25.28
57,58518.66,0.21,0.25,26038.4,25.78
33,95814.55,0.19,0.5,33296.3,30.86
47,113524.96,0.06,0.56,46377.91,40.0
54,49828.68,0.24,0.31,20345.71,21.8
31,55338.96,0.18,0.28,32603.64,30.37
50,65006.29,0.21,0.5,20110.88,21.64
25,37447.72,0.18,0.36,13562.03,17.06
40,73198.76,0.17,0.44,33697.49,31.14
46,59266.67,0.09,0.41,33577.23,31.05
20,26288.26,0.12,0.18,8079.8,13.23
24,42002.34,0.09,0.52,11815.45,15.84
46,50646.68,0.1,0.2,39646.6,35.3
46,83659.58,0.29,0.57,15876.69,18.68
38,109814.32,0.09,0.23,80600.82,63.93
48,66448.55,0.12,0.47,30479.47,28.89
29,54812.94,0.2,0.24,31294.78,29.46
46,65181.37,0.2,0.26,39256.86,35.02
43,87450.38,0.09,0.26,62470.76,51.25
57,81533.92,0.25,0.47,16793.95,19.32
51,59681.84,0.25,0.38,23132.36,23.75
19,41234.21,0.11,0.54,2406.99,9.26
45,74663.57,0.12,0.25,51115.16,43.31
31,41971.17,0.28,0.45,13643.28,17.12
59,81004.41,0.26,0.48,13059.5,16.71
21,83411.2,0.22,0.18,41505.24,36.6
57,81653.26,0.07,0.3,45375.33,39.3
24,31743.95,0.15,0.34,11465.5,15.59
26,29764.51,0.19,0.28,13360.57,16.92
45,75877.08,0.1,0.26,53327.11,44.86
27,40728.61,0.16,0.44,15052.21,18.1
55,63734.27,0.2,0.21,34039.93,31.38
51,96967.63,0.13,0.45,40782.3,36.09
42,53815.94,0.25,0.57,15299.53,18.27
33,52009.69,0.26,0.38,22102.88,23.03
50,66400.14,0.13,0.41,32260.08,30.13
50,47131.02,0.26,0.13,30106.35,28.63
42,52725.0,0.08,0.53,26110.29,25.83
59,55716.41,0.26,0.24,18995.49,20.86
30,49933.38,0.09,0.41,26618.59,26.19
57,68257.07,0.07,0.59,17289.8,19.67
20,131009.51,0.21,0.4,41061.55,36.28
21,42454.1,0.17,0.46,6978.3,12.46
55,48400.79,0.28,0.32,15944.69,18.73
35,90767.91,0.14,0.13,70720.1,57.02
20,22145.71,0.12,0.5,-1680.66,6.4
20,23608.5,0.18,0.12,6308.19,11.99
46,54816.45,0.16,0.45,25268.46,25.24
41,58110.39,0.14,0.11,49287.84,42.04
55,50781.42,0.22,0.53,9052.24,13.91
50,61348.81,0.24,0.18,37368.15,33.7
51,65947.06,0.26,0.36,25758.16,25.59
19,58848.0,0.29,0.4,6152.31,11.88
37,61784.66,0.12,0.33,39244.94,35.01
20,31483.18,0.23,0.27,5616.28,11.5
44,83093.81,0.15,0.33,47945.36,41.1
50,51495.25,0.22,0.26,28780.17,27.7
24,28837.44,0.17,0.32,10266.79,14.76
50,87315.88,0.3,0.28,38400.46,34.42
22,66385.67,0.23,0.38,18344.32,20.4
29,42977.62,0.29,0.22,21923.69,22.91
35,53408.74,0.26,0.59,12312.38,16.19
56,46856.45,0.28,0.35,12874.05,16.58
42,67901.74,0.25,0.2,42423.22,37.24
23,86805.79,0.16,0.34,37151.13,33.55
52,73886.88,0.11,0.53,25968.64,25.73
24,66913.22,0.14,0.11,45050.26,39.07
40,77432.09,0.06,0.44,44541.97,38.72
29,53049.08,0.18,0.37,24448.97,24.67
34,80320.45,0.18,0.18,55554.98,46.42
51,75313.07,0.18,0.51,24010.65,24.36
27,82921.71,0.29,0.28,33772.89,31.19
24,39697.75,0.28,0.25,14202.55,17.51
34,40299.7,0.09,0.51,19944.41,21.52
47,83768.52,0.14,0.42,40432.44,35.85
21,46774.54,0.16,0.55,5283.52,11.27
38,56680.87,0.14,0.41,30346.71,28.79
54,56217.39,0.25,0.47,13423.73,16.96
37,140021.21,0.18,0.52,47024.25,40.45
44,54284.24,0.19,0.13,41747.23,36.76
21,30193.22,0.26,0.49,-1253.81,6.7
37,61689.64,0.25,0.41,26254.27,25.93
38,85691.67,0.08,0.13,72437.63,58.22
50,127250.09,0.23,0.35,54715.47,45.83
25,59562.09,0.16,0.14,38132.64,34.24
59,40851.64,0.12,0.47,7974.33,13.15
51,113118.34,0.06,0.37,64353.63,52.57
58,56059.09,0.17,0.58,7051.46,12.51
57,46769.03,0.14,0.19,25398.49,25.33
36,46857.53,0.11,0.4,27378.81,26.72
58,72345.98,0.22,0.21,33960.77,31.32
19,40994.63,0.24,0.41,2547.36,9.36
29,58850.38,0.11,0.46,25975.94,25.74
46,90540.96,0.06,0.46,47370.05,40.7
43,52453.19,0.26,0.51,17220.22,19.62
41,92351.55,0.05,0.53,44264.01,38.52
49,55131.52,0.28,0.14,34201.17,31.49
48,122509.3,0.21,0.27,66934.48,54.37
53,71096.2,0.13,0.44,29143.2,27.95
25,36220.64,0.11,0.35,16265.18,18.95
34,38571.6,0.05,0.2,33020.96,30.66
44,78094.27,0.11,0.38,45057.1,39.08
20,33771.98,0.08,0.3,10181.21,14.7
19,34783.87,0.2,0.3,5776.03,11.62
30,68605.51,0.09,0.5,29178.75,27.98
23,64628.94,0.18,0.3,27515.31,26.81
55,84967.3,0.2,0.11,55126.37,46.12
50,48149.23,0.12,0.13,37533.98,33.82
27,82494.6,0.06,0.53,32929.65,30.6
59,47589.69,0.06,0.58,8373.5,13.43
53,39518.57,0.06,0.44,18629.15,20.6
37,46636.23,0.23,0.28,27814.17,27.02
34,61728.71,0.13,0.57,22879.81,23.57
21,28970.57,0.25,0.43,640.97,8.03
38,59591.79,0.16,0.52,24248.81,24.53
42,68113.17,0.16,0.48,29262.03,28.04
51,58742.08,0.18,0.29,32130.5,30.04
42,55694.0,0.23,0.34,29292.51,28.06
29,38732.92,0.12,0.19,27474.5,26.79
26,49400.07,0.08,0.25,31073.85,29.3
54,39872.85,0.19,0.49,10776.31,15.11
56,49239.62,0.13,0.55,11303.4,15.48
58,44926.77,0.16,0.46,9690.06,14.35
38,57444.18,0.21,0.33,31753.91,29.78
53,57232.25,0.17,0.14,38044.25,34.18
43,81600.14,0.21,0.13,59583.52,49.23
53,97526.34,0.19,0.29,50137.31,42.63
43,49442.71,0.23,0.33,26412.04,26.04
47,115245.75,0.23,0.4,46050.84,39.77
36,49763.79,0.18,0.1,40170.88,35.66
36,62476.47,0.22,0.59,16404.12,19.05
20,47989.11,0.27,0.28,11435.75,15.57
53,134104.04,0.16,0.52,41591.05,36.66
34,50867.83,0.15,0.37,28413.74,27.44
59,37076.2,0.24,0.17,13660.23,17.13
54,93788.61,0.2,0.5,26594.69,26.17
51,50917.62,0.07,0.45,25031.87,25.08
22,37581.85,0.27,0.36,6538.46,12.15
51,48226.78,0.06,0.36,28875.18,27.77
32,51301.01,0.24,0.14,34765.75,31.88
39,50846.51,0.24,0.43,22305.49,23.17
38,73312.11,0.29,0.56,16629.18,19.2
26,50329.83,0.06,0.15,37598.71,33.86
25,38690.1,0.2,0.23,18657.06,20.62
21,60762.65,0.16,0.55,9039.03,13.9
35,63167.6,0.13,0.24,43992.2,38.33
51,42851.69,0.07,0.43,22068.01,23.01
30,72209.22,0.19,0.37,33658.17,31.11
40,64812.59,0.17,0.4,33521.67,31.01
40,92763.45,0.08,0.31,62595.04,51.34
48,64406.79,0.2,0.25,38037.49,34.17
56,48114.5,0.23,0.12,26444.76,26.07
56,55191.25,0.24,0.47,11320.15,15.49
26,64296.85,0.28,0.47,13895.69,17.29
45,52931.7,0.15,0.44,26173.01,25.88
45,56695.01,0.29,0.42,21140.78,22.36
52,57686.89,0.27,0.22,29305.93,28.07
39,47950.52,0.12,0.11,42035.83,36.97
48,52741.16,0.09,0.5,24369.29,24.62
51,64187.12,0.16,0.35,32585.81,30.36
46,88130.22,0.15,0.25,56587.25,47.14
51,66704.17,0.19,0.15,44022.44,38.35
23,43687.46,0.2,0.13,23548.32,24.04
37,49874.81,0.24,0.27,29587.13,28.26
22,65127.87,0.18,0.5,13494.08,17.01
53,67801.88,0.08,0.56,23740.06,24.18
35,49812.38,0.26,0.55,13927.44,17.31
46,80211.71,0.13,0.56,29199.61,27.99
48,72380.95,0.29,0.55,13946.93,17.33
47,52336.23,0.08,0.36,32742.11,30.47
24,44497.72,0.29,0.21,17747.08,19.99
53,53622.71,0.07,0.5,21796.28,22.82
59,139446.8,0.11,0.21,86976.71,68.38
55,68359.42,0.06,0.23,44775.05,38.88
42,65452.68,0.23,0.22,41761.33,36.77
47,70838.5,0.26,0.36,30395.41,28.83
49,92749.43,0.16,0.26,56096.57,46.8
53,59090.51,0.28,0.18,30781.23,29.1
51,53545.72,0.2,0.33,26187.5,25.89
39,77587.19,0.21,0.54,25247.81,25.23
50,59250.87,0.26,0.39,22604.64,23.38
41,49413.36,0.12,0.54,22262.99,23.14
51,46979.31,0.14,0.2,31747.55,29.77
21,76250.66,0.28,0.18,32649.88,30.4
36,61797.21,0.28,0.39,25763.59,25.59
43,54765.82,0.29,0.33,25521.04,25.42
49,58767.33,0.28,0.43,19568.02,21.26
21,56206.83,0.08,0.5,14983.44,18.05
58,52155.27,0.26,0.48,6550.4,12.16
42,46561.73,0.15,0.57,18190.31,20.3
50,67279.45,0.3,0.3,28744.56,27.67
40,87383.23,0.17,0.2,60339.55,49.76
41,85872.02,0.19,0.38,42718.43,37.44
20,31513.62,0.18,0.16,10653.45,15.03
45,90073.42,0.13,0.24,61078.48,50.28
20,42486.77,0.07,0.2,20576.84,21.96
44,89227.1,0.27,0.3,42948.2,37.6
35,69210.85,0.25,0.16,45572.98,39.44
58,39951.98,0.08,0.12,24867.62,24.96
51,104372.1,0.24,0.43,34705.0,31.84
27,51274.32,0.21,0.41,18851.63,20.76
57,67602.38,0.15,0.45,20673.13,22.03
47,47558.92,0.11,0.43,25216.46,25.21
44,71594.79,0.26,0.16,46113.69,39.82
53,83007.75,0.23,0.25,42759.14,37.47
43,112881.25,0.19,0.16,78197.37,62.25
42,93670.64,0.2,0.52,31130.01,29.34
31,65164.99,0.07,0.47,31578.14,29.65
25,31009.67,0.17,0.2,15993.42,18.76
54,61807.54,0.1,0.27,36818.12,33.32
38,53021.85,0.1,0.58,22162.56,23.07
19,40927.86,0.22,0.4,4400.84,10.65
26,35027.95,0.28,0.5,5655.51,11.53
34,55109.73,0.15,0.23,38000.52,34.14
32,49340.1,0.1,0.21,36928.13,33.4
30,46846.24,0.21,0.49,15480.8,18.4
41,54905.98,0.27,0.44,21156.73,22.37
33,55285.11,0.24,0.44,21290.21,22.46
46,67480.16,0.27,0.38,28235.07,27.32
52,38951.69,0.18,0.38,16769.62,19.3
20,17616.06,0.24,0.47,-5167.38,3.97
50,57032.69,0.09,0.24,40132.81,35.64
41,59272.73,0.14,0.28,40240.26,35.71
40,64884.33,0.15,0.54,26083.13,25.81
43,53235.63,0.18,0.25,35538.67,32.42
40,61976.34,0.28,0.37,26544.37,26.14
40,63841.42,0.27,0.45,23384.42,23.93
24,36553.55,0.08,0.6,7098.95,12.54
33,77628.58,0.09,0.32,49246.4,42.01
55,61829.3,0.14,0.31,30242.74,28.72
51,71098.62,0.12,0.52,25932.27,25.71
26,50138.87,0.2,0.5,12505.12,16.32
23,101756.3,0.28,0.47,20398.61,21.84
57,68007.12,0.29,0.33,19856.16,21.46
22,36007.63,0.21,0.26,11793.93,15.82
24,61650.44,0.26,0.4,16095.65,18.83
50,44613.82,0.18,0.54,14220.8,17.52
48,64336.14,0.1,0.54,25863.37,25.66
53,65676.35,0.18,0.15,42531.37,37.31
58,58442.45,0.19,0.31,21784.75,22.81
34,53448.08,0.24,0.33,27207.18,26.6
31,43099.56,0.1,0.59,15565.99,18.46
48,52395.64,0.14,0.44,24998.46,25.05
37,61960.59,0.14,0.3,39545.46,35.22
35,45831.7,0.29,0.11,31471.9,29.58
37,104177.03,0.16,0.38,52743.67,44.45
46,40169.12,0.24,0.15,28467.32,27.48
44,58143.88,0.24,0.52,19035.44,20.89
55,60727.4,0.12,0.48,21092.58,22.32
44,71636.33,0.19,0.33,39217.27,35.0
41,50856.82,0.27,0.31,26442.42,26.06
27,73971.24,0.17,0.55,19703.67,21.35
30,38772.99,0.29,0.24,19930.2,21.51
19,29496.32,0.1,0.22,8031.55,13.19
19,48296.38,0.07,0.57,5641.41,11.52
52,81926.97,0.27,0.5,18103.75,20.23
50,46296.33,0.26,0.51,12055.26,16.01
43,147406.49,0.3,0.2,79315.81,63.03
58,45222.32,0.22,0.17,20382.99,21.83
19,22271.62,0.28,0.11,1566.97,8.67
34,66982.36,0.26,0.22,39009.87,34.85
57,52385.49,0.26,0.49,7377.22,12.74
23,37620.86,0.19,0.22,16240.28,18.93
40,72514.18,0.15,0.46,33962.01,31.32
47,46181.98,0.28,0.23,26241.57,25.92
21,23241.5,0.16,0.3,3804.26,10.24
30,46276.65,0.18,0.59,11694.26,15.75
44,84737.38,0.16,0.22,57214.31,47.58
34,50730.0,0.19,0.29,30475.43,28.88
55,96693.13,0.17,0.25,52797.02,44.49
40,87177.0,0.06,0.15,73678.14,59.09
47,67308.47,0.27,0.34,29600.07,28.27
32,62059.09,0.16,0.29,37133.26,33.54
46,67405.76,0.2,0.45,28154.82,27.26
23,46945.84,0.08,0.51,13234.25,16.83
48,57285.1,0.05,0.37,35926.41,32.69
23,40764.39,0.11,0.12,25833.88,25.64
30,41469.57,0.23,0.41,16620.61,19.2
34,37585.19,0.07,0.13,34143.46,31.45
44,85432.67,0.28,0.41,31866.04,29.86
44,65261.62,0.1,0.44,34470.68,31.68
39,61507.97,0.1,0.2,48368.55,41.39
57,64096.81,0.1,0.51,19359.42,21.11
54,49257.94,0.05,0.56,17121.33,19.55
51,49284.83,0.24,0.51,13140.88,16.77
48,58365.76,0.27,0.25,31066.68,29.3
55,89218.36,0.2,0.39,32745.95,30.47
41,48543.57,0.1,0.56,22108.05,23.03
28,29280.53,0.12,0.26,18105.27,20.24
23,37318.2,0.17,0.51,5981.93,11.76
54,83435.32,0.29,0.1,48471.66,41.47
52,43072.11,0.11,0.1,33986.32,31.34
49,48444.77,0.23,0.48,16255.75,18.94
28,56134.39,0.16,0.48,19788.51,21.41
37,140865.13,0.12,0.49,58771.51,48.67
50,46649.79,0.16,0.57,14459.77,17.69
19,21608.62,0.07,0.16,4833.77,10.96
23,50068.58,0.25,0.22,21038.43,22.29
22,68124.93,0.11,0.55,15614.3,18.49
34,49926.58,0.23,0.19,32988.69,30.64
42,45332.43,0.07,0.44,27599.12,26.87
34,65640.21,0.29,0.37,27017.73,26.47
20,50110.81,0.1,0.14,27816.77,27.03
46,106888.76,0.27,0.24,55867.16,46.64
50,73805.31,0.25,0.36,30437.72,28.86
45,78576.07,0.29,0.53,18822.12,20.74
38,57134.9,0.17,0.45,26935.19,26.41
42,136033.55,0.23,0.41,53730.2,45.14
30,48670.09,0.14,0.35,26375.23,26.02
53,52230.57,0.1,0.25,33034.23,30.67
51,106723.88,0.16,0.16,73145.23,58.72
51,45351.58,0.09,0.3,28204.35,27.3
55,40411.0,0.3,0.11,20288.94,21.76
30,56126.19,0.07,0.21,41873.44,36.85
21,40862.35,0.2,0.32,11318.22,15.49
19,33771.98,0.21,0.31,4411.15,10.66
51,81236.57,0.18,0.12,56995.46,47.42
58,45117.27,0.22,0.39,10352.82,14.82
28,52800.81,0.08,0.37,28617.03,27.58
47,57553.92,0.19,0.14,42331.68,37.17
31,44257.93,0.12,0.57,15894.61,18.69
30,53291.44,0.29,0.15,31499.31,29.6
49,78542.94,0.24,0.53,20442.21,21.87
20,97145.43,0.29,0.1,48600.35,41.56
53,70696.81,0.06,0.54,27029.27,26.47
41,40151.56,0.12,0.11,36332.78,32.98
35,58398.09,0.1,0.48,29199.65,27.99
44,63518.88,0.05,0.28,46901.48,40.37
26,67444.65,0.11,0.47,26252.76,25.93
47,65609.73,0.22,0.3,35006.01,32.05
44,89570.14,0.11,0.14,72508.7,58.27
28,58458.8,0.18,0.48,19758.04,21.39
44,99087.08,0.27,0.14,63307.23,51.84
52,54851.9,0.22,0.56,11457.98,15.59
59,57636.06,0.15,0.13,33386.03,30.92
25,63340.59,0.14,0.34,29420.52,28.15
22,35012.89,0.16,0.46,5775.3,11.62
29,43001.31,0.09,0.3,26936.54,26.41
47,54314.12,0.21,0.21,35198.41,32.19
54,50079.87,0.14,0.48,16787.49,19.31
43,71823.93,0.26,0.49,22772.44,23.5
39,42920.65,0.24,0.56,13988.07,17.36
54,43051.27,0.2,0.29,19750.19,21.39
28,99161.3,0.14,0.35,49965.63,42.51
55,49614.66,0.1,0.28,27103.73,26.53
27,53705.66,0.24,0.23,27036.36,26.48
42,46268.3,0.17,0.48,21816.1,22.83
53,61832.01,0.11,0.27,37503.62,33.8
53,51048.22,0.1,0.31,28940.06,27.81
54,43001.0,0.09,0.3,23876.1,24.27
36,88996.37,0.24,0.46,31529.55,29.62
57,82138.8,0.11,0.56,21526.84,22.63
50,60220.76,0.18,0.43,24877.91,24.97
42,82401.85,0.16,0.34,46599.09,40.16
41,111137.61,0.19,0.49,40393.79,35.82
50,75933.74,0.27,0.42,25175.48,25.18
55,67327.03,0.27,0.13,37205.59,33.59
30,57450.11,0.16,0.15,41192.39,36.38
31,67147.3,0.05,0.12,57932.91,48.08
41,57048.85,0.16,0.33,34758.12,31.88
43,58650.14,0.2,0.51,21853.83,22.86
53,68135.84,0.19,0.26,36554.77,33.13
59,48834.6,0.21,0.29,15626.81,18.5
48,57290.77,0.09,0.55,23411.46,23.95
35,58982.69,0.21,0.52,20444.03,21.87
38,84867.53,0.1,0.43,45233.43,39.2
43,49312.13,0.24,0.23,31306.21,29.46
40,76048.44,0.13,0.16,59283.22,49.02
31,70289.62,0.23,0.11,48910.32,41.77
37,75169.67,0.06,0.15,64337.51,52.56
54,49479.46,0.15,0.25,27596.15,26.87
30,36643.81,0.23,0.38,16060.11,18.81
59,65276.39,0.11,0.13,40988.49,36.23
37,63375.5,0.25,0.17,42041.79,36.97
30,74318.59,0.21,0.19,46463.91,40.06
27,41366.17,0.2,0.42,14969.18,18.04
25,61817.44,0.14,0.41,24744.1,24.88
46,84120.98,0.17,0.38,42469.82,37.27
32,54924.24,0.2,0.23,34451.16,31.66
49,69310.45,0.17,0.29,40262.44,35.73
37,66828.78,0.22,0.15,47106.47,40.51
34,47808.33,0.16,0.21,34085.01,31.41
23,53752.2,0.1,0.55,12943.05,16.63
53,98865.59,0.1,0.59,29273.55,28.04
30,54572.9,0.05,0.42,30293.78,28.76
43,46666.18,0.13,0.56,19726.15,21.37
39,52456.69,0.24,0.42,23575.21,24.06
54,41555.86,0.25,0.12,24301.41,24.57
41,90081.07,0.1,0.6,32529.33,30.32
34,72510.91,0.29,0.15,44638.99,38.79
57,50479.01,0.18,0.44,13596.44,17.08
57,41666.74,0.28,0.23,14782.75,17.91
32,45863.65,0.23,0.3,24949.21,25.02
49,53757.95,0.23,0.42,20994.9,22.26
23,46117.22,0.07,0.32,22425.86,23.26
53,61536.95,0.1,0.23,40159.39,35.65
41,91602.45,0.05,0.27,67726.65,54.93
47,53612.59,0.23,0.27,30307.02,28.77
29,36742.29,0.14,0.58,11216.64,15.42
36,46174.46,0.25,0.5,16863.3,19.37
30,53876.59,0.13,0.33,30415.76,28.84
27,41063.03,0.25,0.2,21277.03,22.45
28,47613.16,0.08,0.51,19541.75,21.24
35,52725.3,0.09,0.18,42842.14,37.53
56,77912.74,0.14,0.21,46906.2,40.37
25,39745.4,0.15,0.28,19094.66,20.93
31,50036.1,0.14,0.54,18597.47,20.58
58,69642.48,0.24,0.17,33947.95,31.31
27,42887.65,0.07,0.16,31915.09,29.89
45,70037.9,0.14,0.35,40551.58,35.93
20,44578.44,0.26,0.24,12224.34,16.12
23,46647.77,0.07,0.38,19733.03,21.37
47,49296.99,0.29,0.33,22588.58,23.37
55,85139.72,0.3,0.32,29600.86,28.27
56,120864.51,0.07,0.16,88683.32,69.58
37,60484.26,0.12,0.17,47938.74,41.09
26,36514.93,0.14,0.51,10332.8,14.8
19,37539.91,0.24,0.54,-3886.79,4.86
40,81551.73,0.2,0.22,53052.36,44.67
35,50825.36,0.21,0.16,36701.74,33.24
25,45655.88,0.24,0.13,25620.79,25.49
43,68347.02,0.08,0.4,40404.26,35.83
22,68079.21,0.26,0.46,12041.27,16.0
54,74287.24,0.23,0.29,34011.87,31.36
24,61555.39,0.19,0.44,17965.5,20.14
49,56260.86,0.27,0.46,17570.37,19.86
37,67202.53,0.23,0.57,19298.22,21.07
57,47976.01,0.1,0.13,30996.23,29.25
45,78984.6,0.16,0.2,55792.91,46.58
28,75762.91,0.17,0.13,52263.21,44.12
44,72558.62,0.06,0.53,34035.98,31.37
37,55179.8,0.29,0.5,16939.62,19.42
57,54325.02,0.08,0.39,22983.3,23.65
21,86086.75,0.22,0.14,45818.03,39.61
31,50377.94,0.18,0.24,31808.22,29.82
46,84005.86,0.06,0.25,62206.04,51.07
38,66604.6,0.28,0.38,28048.26,27.19
46,58004.11,0.26,0.23,33493.7,30.99
26,33986.12,0.18,0.14,21153.09,22.37
59,58768.13,0.11,0.47,16400.04,19.04
57,58742.79,0.08,0.25,33563.97,31.04
19,82286.88,0.14,0.33,32014.78,29.96
21,30124.1,0.11,0.16,13103.76,16.74
31,121541.7,0.18,0.5,41325.12,36.47
46,69164.37,0.29,0.38,26736.51,26.27
43,69032.09,0.19,0.55,22725.55,23.47
51,53509.49,0.27,0.35,21163.71,22.37
56,63429.67,0.21,0.57,8984.69,13.86
24,54237.55,0.17,0.55,10804.12,15.13
50,80242.08,0.26,0.39,29534.68,28.23
39,49498.31,0.17,0.57,18556.42,20.55
34,89612.22,0.27,0.26,46361.45,39.99
39,67511.86,0.12,0.28,45594.72,39.45
29,63996.69,0.08,0.12,51831.14,43.81
55,55758.89,0.26,0.39,15752.4,18.59
54,48267.8,0.2,0.46,14246.64,17.54
53,61488.46,0.27,0.49,13613.11,17.1
37,63371.39,0.28,0.17,39539.31,35.22
38,45526.59,0.06,0.32,33123.9,30.74
36,74694.35,0.18,0.19,52455.88,44.25
59,75221.37,0.14,0.43,23144.94,23.76
32,46943.37,0.21,0.18,31954.42,29.92
33,44980.38,0.25,0.55,12484.05,16.31
49,57843.39,0.12,0.22,40805.44,36.11
19,37458.65,0.19,0.25,9322.18,14.1
21,37078.52,0.23,0.53,300.59,7.79
34,57257.81,0.08,0.33,37768.76,33.98
41,65778.65,0.25,0.11,47097.63,40.5
29,37792.14,0.2,0.35,17877.98,20.08
30,39889.69,0.29,0.14,24186.94,24.49
28,28895.58,0.13,0.59,7727.99,12.98
50,80370.63,0.08,0.39,44069.67,38.39
34,58417.06,0.18,0.23,38764.68,34.68
26,70268.04,0.07,0.38,36362.38,33.0
56,44821.16,0.29,0.14,20938.72,22.22
30,54607.23,0.06,0.5,25553.84,25.44
42,65930.47,0.24,0.56,18483.98,20.5
46,55200.67,0.18,0.54,19436.94,21.17
26,32427.65,0.14,0.27,17110.21,19.54
46,105670.32,0.07,0.26,74810.6,59.88
54,90899.61,0.21,0.12,59379.56,49.09
44,57388.76,0.2,0.43,26558.8,26.15
26,58010.0,0.12,0.37,27643.81,26.9
46,56113.33,0.28,0.33,26133.57,25.85
46,50667.93,0.13,0.55,20217.61,21.71
55,104969.85,0.16,0.18,65030.34,53.04
59,37994.76,0.19,0.1,18028.34,20.18
54,55605.06,0.08,0.14,41586.09,36.65
45,64106.58,0.28,0.21,37060.8,33.49
35,98500.55,0.14,0.12,77167.46,61.53
27,67886.17,0.07,0.35,38329.74,34.38
51,43962.55,0.15,0.26,27068.63,26.5
38,60875.79,0.2,0.19,42285.2,37.14
31,55657.26,0.18,0.48,21460.84,22.58
46,59419.67,0.22,0.2,38069.52,34.19
47,73816.53,0.06,0.44,39939.16,35.5
31,39758.44,0.12,0.27,26319.92,25.98
53,54656.95,0.25,0.36,20109.13,21.64
24,54350.23,0.07,0.57,15096.8,18.13
36,72163.66,0.26,0.12,49437.85,42.14
23,46774.52,0.07,0.35,21210.15,22.41
43,58492.96,0.26,0.53,17646.37,19.91
20,37234.21,0.14,0.39,7026.54,12.49
28,65594.41,0.2,0.24,36580.82,33.15
48,62964.79,0.09,0.3,41538.62,36.62
23,31881.41,0.07,0.44,9919.9,14.51
51,47236.49,0.1,0.55,17280.29,19.66
19,20914.88,0.08,0.12,4959.75,11.05
36,92669.46,0.13,0.14,73223.49,58.77
50,77148.39,0.18,0.26,44816.71,38.91
29,51454.08,0.2,0.22,30838.21,29.14
39,55160.62,0.25,0.23,34068.34,31.4
44,55059.86,0.21,0.21,36639.88,33.19
43,85029.71,0.2,0.2,56135.42,46.82
40,110841.07,0.15,0.17,81048.82,64.24
45,54737.09,0.17,0.57,18903.43,20.79
31,78947.97,0.15,0.17,55705.11,46.52
51,61846.56,0.26,0.2,34083.05,31.41
52,57814.81,0.11,0.22,38511.52,34.5
59,89868.33,0.05,0.57,25552.93,25.44
53,60191.88,0.21,0.48,17378.96,19.73
19,42007.43,0.1,0.49,5159.31,11.18
39,65482.57,0.27,0.15,43153.46,37.75
24,28885.19,0.26,0.52,1590.18,8.69
46,67519.56,0.07,0.3,46239.1,39.9
35,51427.53,0.08,0.23,40101.95,35.61
23,28721.37,0.17,0.39,6819.02,12.35
49,55155.53,0.2,0.51,18119.92,20.25
23,37270.93,0.12,0.49,8704.07,13.66
56,78924.29,0.23,0.54,13108.82,16.74
21,28185.29,0.2,0.56,-2095.32,6.11
41,52124.41,0.13,0.22,39420.9,35.14
55,62826.28,0.06,0.31,36180.69,32.87
55,44054.54,0.24,0.11,25716.92,25.56
28,43151.6,0.1,0.54,15226.73,18.22
28,34399.07,0.26,0.18,19040.47,20.89
37,78335.66,0.16,0.53,29806.69,28.42
35,54672.06,0.19,0.26,34138.61,31.44
39,61168.05,0.27,0.28,32780.72,30.5
32,74247.56,0.27,0.12,48711.62,41.63
27,41131.69,0.14,0.26,23188.3,23.79
19,32640.42,0.1,0.54,-232.79,7.42
31,42695.1,0.24,0.11,29770.88,28.39
22,30019.44,0.16,0.3,8883.16,13.79
19,25727.71,0.1,0.12,8540.45,13.55
58,49635.51,0.28,0.29,14629.55,17.81
50,56440.22,0.1,0.19,41730.43,36.75
52,65699.22,0.06,0.23,47007.29,40.44
46,51669.07,0.06,0.54,25284.13,25.25
49,67509.16,0.21,0.32,34628.73,31.79
26,57511.83,0.22,0.24,29171.16,27.97
57,50884.43,0.13,0.39,18618.18,20.59
44,52540.73,0.13,0.17,41693.44,36.73
52,62256.43,0.13,0.23,39260.29,35.03
21,37917.8,0.22,0.37,6746.33,12.29
30,57816.09,0.06,0.22,43050.74,37.68
19,73805.8,0.28,0.44,8550.23,13.56
23,45460.84,0.11,0.35,19151.41,20.97
48,54013.32,0.3,0.49,14826.82,17.94
48,51368.25,0.09,0.57,20240.99,21.73
35,48295.03,0.24,0.16,33463.33,30.97
41,46196.46,0.11,0.27,34371.38,31.61
33,75606.75,0.07,0.26,54258.38,45.51
55,38265.5,0.27,0.18,17788.1,20.01
39,69924.64,0.26,0.51,21485.14,22.6
32,45513.75,0.15,0.48,19538.5,21.24
20,32066.36,0.23,0.34,3672.63,10.15
29,41910.95,0.19,0.37,19208.49,21.01
57,89966.08,0.26,0.13,48808.35,41.7
56,58433.95,0.13,0.38,24273.66,24.55
52,75844.03,0.18,0.5,24233.98,24.52
56,86392.57,0.17,0.39,33610.55,31.08
52,63539.9,0.14,0.23,39699.21,35.33
36,45843.98,0.27,0.43,18506.35,20.52
48,59221.54,0.09,0.28,40048.94,35.58
33,47759.4,0.09,0.37,29303.97,28.06
45,55926.27,0.19,0.34,30220.72,28.71
52,59495.0,0.21,0.29,29146.79,27.96
56,56183.7,0.1,0.46,20254.7,21.74
51,68459.01,0.15,0.54,21829.75,22.84
42,72334.68,0.29,0.1,49486.66,42.18
33,55309.72,0.11,0.57,21397.16,22.54
48,69322.03,0.22,0.36,32531.91,30.32
35,51582.99,0.24,0.45,20468.47,21.89
23,73018.5,0.16,0.53,16932.93,19.42
47,55043.34,0.28,0.33,24623.63,24.79
22,67914.74,0.23,0.52,9649.71,14.32
28,35722.65,0.16,0.19,22900.78,23.59
35,53645.6,0.19,0.18,38296.15,34.35
28,47099.64,0.22,0.43,16334.93,19.0
35,63589.85,0.2,0.54,21600.46,22.68
38,77506.71,0.27,0.55,19632.8,21.3
42,48131.06,0.14,0.42,26290.57,25.96
23,31286.42,0.12,0.36,10201.92,14.71
52,45400.18,0.1,0.27,28498.98,27.5
24,74813.56,0.06,0.59,21583.53,22.67
20,43967.88,0.06,0.26,19537.28,21.24
31,42442.24,0.27,0.47,13420.16,16.96
29,46931.0,0.22,0.37,20170.33,21.68
41,86981.17,0.22,0.4,38507.7,34.5
34,54183.59,0.2,0.3,31343.27,29.49
49,57394.29,0.26,0.58,11296.31,15.48
29,43091.93,0.17,0.39,19919.65,21.5
34,45832.3,0.27,0.57,11712.46,15.77
26,73912.65,0.14,0.1,53725.04,45.14
22,82997.49,0.28,0.39,20219.4,21.71
58,44378.78,0.22,0.46,6759.62,12.3
22,74048.7,0.11,0.47,23431.95,23.96
43,55967.94,0.19,0.55,19564.24,21.26
21,50306.94,0.18,0.1,27295.03,26.66
50,93367.67,0.08,0.1,77548.1,61.79
21,38734.26,0.2,0.34,9445.07,14.18
45,58122.95,0.13,0.11,48476.3,41.47
47,77799.62,0.06,0.59,30835.77,29.14
50,48713.63,0.29,0.21,25901.38,25.69
37,84200.47,0.21,0.34,43537.6,38.02
39,63691.6,0.27,0.13,43706.03,38.13
23,36658.97,0.22,0.36,9471.03,14.2
36,51672.57,0.14,0.29,34429.82,31.65
46,47366.01,0.18,0.12,37307.91,33.66
40,54588.23,0.22,0.27,33595.07,31.06
39,57603.42,0.29,0.3,29189.59,27.98
24,33338.66,0.11,0.59,5282.57,11.27
19,36396.32,0.27,0.2,7300.72,12.68
23,52600.69,0.28,0.37,12354.75,16.22
59,52213.52,0.22,0.59,884.72,8.2
30,66327.92,0.28,0.5,16170.65,18.88
44,52515.87,0.15,0.6,18133.35,20.26
52,80982.32,0.29,0.58,10213.63,14.72
32,58291.44,0.23,0.34,27946.87,27.12
44,98634.04,0.06,0.45,53124.18,44.72
45,134961.0,0.28,0.16,81200.22,64.35
27,44013.9,0.17,0.32,21186.13,22.39
44,56796.19,0.17,0.5,23537.36,24.03
40,58262.69,0.19,0.35,32049.58,29.98
48,73123.48,0.09,0.45,36490.3,33.09
35,87946.15,0.17,0.47,36225.35,32.9
44,54166.01,0.26,0.23,32758.57,30.48
54,66169.23,0.05,0.54,24765.56,24.89
19,35065.01,0.12,0.33,7615.15,12.9
26,60212.81,0.05,0.21,42533.8,37.31
53,95056.6,0.15,0.53,28661.97,27.62
33,53820.64,0.23,0.31,28250.18,27.33
40,44396.52,0.25,0.48,18089.51,20.22
32,70233.08,0.29,0.37,26887.49,26.38
44,52254.61,0.2,0.29,31211.69,29.4
46,60615.66,0.11,0.5,27401.9,26.74
41,77021.76,0.28,0.39,30738.87,29.07
32,61294.75,0.24,0.3,31227.22,29.41
42,60911.2,0.19,0.15,44967.49,39.02
20,31321.73,0.22,0.55,-3244.53,5.31
44,39170.31,0.28,0.12,28459.13,27.47
32,69226.5,0.23,0.53,19526.34,21.23
25,43919.34,0.14,0.28,21918.45,22.9
21,75724.82,0.23,0.42,18048.83,20.2
41,68953.63,0.06,0.56,31755.68,29.78
36,52401.64,0.15,0.18,40306.02,35.76
56,79886.31,0.15,0.38,32662.54,30.41
53,84311.73,0.09,0.48,34792.09,31.9
33,54112.99,0.06,0.48,28790.65,27.71
43,87768.62,0.08,0.36,53645.45,45.08
55,51513.51,0.21,0.41,15881.22,18.68
46,65301.45,0.25,0.48,21615.69,22.69
28,61981.05,0.3,0.52,10987.29,15.26
57,72105.71,0.14,0.48,21768.58,22.8
35,70203.95,0.2,0.28,41169.45,36.36
57,52588.57,0.28,0.6,187.25,7.71
40,84243.84,0.09,0.32,55129.83,46.12
44,60884.81,0.23,0.11,44761.06,38.87
43,55002.57,0.24,0.28,31297.56,29.46
35,51524.82,0.07,0.16,43876.28,38.25
31,105773.54,0.27,0.16,62698.49,51.41
38,51372.76,0.25,0.24,31379.52,29.52
43,90577.49,0.06,0.13,79006.9,62.81
22,29334.63,0.07,0.44,6905.67,12.41
28,60305.27,0.06,0.14,48123.23,41.22
21,45820.85,0.13,0.2,21716.54,22.76
59,93804.78,0.18,0.15,54755.5,45.86
36,51107.85,0.18,0.13,39910.15,35.48
54,48243.41,0.12,0.23,29258.24,28.03
40,60087.45,0.28,0.39,25870.27,25.66
52,100917.4,0.14,0.58,27818.71,27.03
26,38056.73,0.06,0.54,12940.79,16.63
58,34002.78,0.13,0.54,4298.79,10.58
37,61282.22,0.18,0.19,43752.86,38.17
59,74044.08,0.15,0.23,36790.66,33.3
55,46733.89,0.12,0.14,31274.87,29.44
24,62280.64,0.08,0.49,22030.03,22.98
44,50292.56,0.25,0.13,35425.1,32.34
52,58742.07,0.3,0.38,18610.88,20.59
24,60092.07,0.13,0.22,34162.72,31.46
55,45191.11,0.15,0.22,25246.05,25.23
51,64337.91,0.2,0.6,13609.85,17.09
40,87570.21,0.23,0.48,31169.54,29.37
39,69647.11,0.15,0.52,28653.95,27.61
24,36702.66,0.28,0.39,7920.1,13.12
24,81032.45,0.19,0.54,17577.24,19.87
22,54681.33,0.16,0.42,15334.32,18.3
48,43790.06,0.21,0.57,12398.95,16.25
29,69697.06,0.29,0.24,33821.64,31.22
48,54785.37,0.25,0.4,22503.64,23.31
49,65352.75,0.06,0.45,34780.2,31.89
42,82620.2,0.13,0.3,52296.98,44.14
27,43066.84,0.17,0.54,11458.48,15.59
21,23618.53,0.13,0.59,-1958.51,6.21
49,96752.86,0.23,0.35,43970.41,38.32
58,80690.75,0.26,0.3,28706.21,27.65
55,57665.12,0.23,0.34,21594.55,22.68
54,76092.04,0.3,0.53,11324.7,15.5
42,57244.81,0.12,0.42,31667.55,29.72
49,63702.25,0.27,0.12,40927.45,36.19
24,43876.33,0.24,0.37,12445.08,16.28
20,34356.26,0.14,0.11,15608.1,18.49
38,66978.83,0.23,0.49,23918.54,24.3
46,48778.44,0.08,0.26,36175.54,32.87
29,49410.77,0.25,0.34,21221.29,22.41
22,47919.24,0.18,0.5,8022.59,13.19
33,103714.88,0.12,0.12,81650.47,64.66
24,32401.49,0.21,0.18,15005.48,18.07
48,71593.75,0.21,0.3,38079.88,34.2
56,69587.47,0.1,0.21,42947.33,37.6
20,20280.1,0.06,0.27,3544.06,10.06
33,64324.56,0.16,0.6,19017.04,20.87
29,70079.11,0.19,0.51,21242.7,22.43
26,59599.51,0.27,0.54,8994.44,13.87
44,61476.79,0.28,0.57,13828.56,17.25
23,49969.15,0.18,0.27,21545.81,22.64
24,48749.41,0.24,0.25,20192.91,21.7
44,45178.41,0.16,0.22,33096.31,30.72
22,45800.75,0.24,0.52,4260.68,10.56
37,55184.16,0.1,0.44,30496.02,28.9
38,51771.31,0.14,0.22,38197.24,34.28
51,137300.95,0.21,0.29,69798.43,56.38
38,87732.23,0.05,0.35,57181.65,47.55
30,40760.5,0.23,0.36,17932.93,20.12
19,42916.54,0.26,0.54,-3336.69,5.25
44,95787.9,0.15,0.29,58585.5,48.54
32,40135.89,0.16,0.55,14514.62,17.73
56,59390.2,0.26,0.32,20124.75,21.65
55,60950.81,0.24,0.47,13905.56,17.3
29,38538.01,0.12,0.57,12986.62,16.66
54,66137.68,0.13,0.55,18881.31,20.78
31,78348.16,0.22,0.13,53500.62,44.98
21,75551.49,0.19,0.2,37063.6,33.49
51,57802.15,0.09,0.34,33736.03,31.16
24,122801.83,0.13,0.32,63770.52,52.16
28,32006.06,0.27,0.42,9658.86,14.33
23,50389.51,0.22,0.57,4387.59,10.65
41,46575.23,0.3,0.16,30977.92,29.24
28,53217.16,0.24,0.33,22872.35,23.57
20,31953.39,0.29,0.2,6369.3,12.03
31,64214.43,0.1,0.55,24584.99,24.77
58,54464.37,0.24,0.58,2301.88,9.19
20,28607.38,0.06,0.34,7298.58,12.68
38,51179.12,0.22,0.15,37534.21,33.82
19,87225.54,0.17,0.49,17840.51,20.05
55,66625.75,0.14,0.45,24053.21,24.39
27,32818.98,0.27,0.28,13874.3,17.28
35,68743.78,0.26,0.54,17779.91,20.01
27,47610.13,0.06,0.59,15830.99,18.65
29,53121.85,0.2,0.38,23060.31,23.7
33,72913.11,0.14,0.38,38174.64,34.27
42,87287.98,0.15,0.25,57611.32,47.86
56,47430.54,0.26,0.39,11905.4,15.9
53,59893.44,0.13,0.32,32121.02,30.03
48,55079.56,0.29,0.25,28506.88,27.51
49,72881.51,0.09,0.13,58522.74,48.49
23,41008.47,0.22,0.23,16835.26,19.35
32,56811.15,0.22,0.2,35962.06,32.72
29,49158.1,0.11,0.37,26134.97,25.85
27,48875.07,0.13,0.4,21630.0,22.7
52,102342.12,0.26,0.4,34436.66,31.65
30,125209.3,0.24,0.29,59870.53,49.43
53,66738.04,0.13,0.31,35853.1,32.64
53,58846.51,0.18,0.52,16553.07,19.15
19,20160.06,0.07,0.34,155.11,7.69
58,46617.09,0.1,0.59,6912.43,12.41
40,59939.28,0.17,0.32,36106.49,32.82
47,53370.99,0.07,0.42,30277.93,28.75
26,40965.79,0.26,0.13,22799.52,23.52
29,89954.91,0.23,0.43,31698.85,29.74
59,55777.79,0.29,0.53,1598.55,8.7
55,60854.93,0.22,0.57,9068.95,13.92
32,47544.75,0.29,0.6,8615.67,13.6
48,87130.1,0.19,0.24,52647.41,44.38
53,57242.65,0.2,0.39,22277.53,23.15
39,54351.15,0.29,0.33,26146.32,25.86
55,42154.97,0.21,0.38,13773.99,17.21
23,43458.98,0.06,0.18,27225.76,26.61
37,52919.65,0.23,0.53,18313.08,20.38
32,97060.28,0.28,0.55,19429.13,21.16
44,109373.84,0.25,0.32,51448.04,43.55
22,28484.85,0.2,0.24,8918.05,13.81
43,49404.23,0.22,0.17,35322.51,32.27
43,58654.38,0.3,0.44,20355.4,21.81
36,49384.1,0.07,0.26,38042.27,34.17
58,59893.98,0.22,0.55,6491.73,12.12
26,44420.11,0.12,0.44,17599.9,19.88
57,61944.88,0.21,0.42,17038.72,19.49
58,76745.9,0.2,0.38,25002.19,25.06
32,43649.72,0.09,0.12,37503.09,33.8
50,81687.08,0.1,0.57,28820.33,27.73
56,48778.47,0.21,0.41,14131.58,17.46
51,120780.54,0.08,0.6,39575.77,35.25
41,100637.12,0.12,0.37,57089.09,47.49
33,55614.64,0.26,0.46,19534.32,21.23
51,49637.98,0.13,0.13,37634.14,33.89
43,49119.15,0.17,0.42,25280.51,25.25
35,75849.1,0.29,0.48,22084.51,23.02
51,60947.57,0.11,0.49,25343.62,25.3
20,57181.94,0.15,0.49,10801.11,15.13
32,118274.29,0.2,0.21,72124.42,58.0
58,46512.44,0.24,0.59,824.93,8.15
58,42209.67,0.28,0.6,-1828.23,6.3
57,60420.07,0.28,0.14,29129.6,27.94
24,69809.44,0.24,0.57,8529.56,13.54
24,34466.86,0.11,0.24,17718.43,19.97
21,41426.88,0.06,0.44,11768.71,15.81
25,77876.03,0.15,0.27,42267.2,37.13
26,31876.03,0.09,0.58,8361.97,13.42
33,61152.81,0.23,0.15,41596.92,36.66
47,55340.1,0.22,0.35,27754.32,26.98
51,63384.55,0.06,0.31,40383.55,35.81
48,75558.42,0.26,0.26,38987.96,34.84
57,60902.4,0.11,0.42,22535.01,23.33
45,50567.73,0.16,0.17,38817.08,34.72
54,52874.85,0.22,0.46,14819.47,17.94
47,94678.38,0.16,0.59,27559.09,26.85
56,63686.98,0.16,0.5,16877.05,19.38
51,77494.18,0.07,0.53,32079.72,30.01
55,63085.45,0.15,0.28,32607.57,30.37
45,78136.69,0.24,0.26,43267.07,37.83
51,55878.38,0.28,0.36,21061.49,22.3
22,32860.48,0.15,0.12,16492.94,19.11
40,76150.27,0.16,0.57,26286.54,25.96
20,62343.94,0.23,0.17,27470.29,26.78
28,40497.27,0.29,0.55,6353.8,12.02
23,36679.81,0.12,0.14,21301.71,22.47
28,49383.16,0.16,0.51,16011.42,18.77
51,99837.15,0.25,0.18,58184.65,48.26
56,68196.85,0.2,0.12,41852.67,36.84
31,40419.54,0.08,0.46,20801.65,22.12
49,60773.3,0.21,0.24,35736.77,32.56
54,56139.31,0.1,0.46,22813.86,23.53
42,48770.78,0.18,0.38,27051.2,26.49
33,55735.5,0.18,0.15,40418.96,35.84
47,58471.04,0.27,0.57,13224.05,16.82
26,43966.25,0.17,0.33,20037.66,21.59
23,38710.29,0.12,0.47,10056.24,14.61
47,96102.04,0.11,0.35,55776.87,46.57
22,37554.68,0.27,0.4,5073.67,11.13
30,55003.52,0.09,0.25,37587.69,33.86
20,38135.09,0.16,0.2,14311.9,17.58
45,55908.17,0.1,0.37,34374.82,31.61
49,63421.18,0.24,0.32,29985.6,28.54
54,60724.82,0.17,0.3,30284.86,28.75
54,60954.84,0.14,0.44,23814.1,24.23
44,51987.01,0.14,0.45,26503.49,26.11
45,59764.52,0.26,0.12,41336.94,36.48
23,58629.54,0.19,0.27,25909.5,25.69
38,58270.08,0.23,0.31,32462.86,30.27
29,55645.59,0.27,0.15,32949.45,30.61
28,54479.26,0.28,0.22,27448.26,26.77
58,63504.4,0.13,0.13,40031.62,35.56
56,68105.44,0.29,0.6,3249.43,9.85
24,43451.69,0.06,0.47,16310.5,18.98
26,37789.6,0.14,0.14,24800.9,24.92
41,48119.91,0.27,0.11,34855.62,31.95
44,83171.64,0.12,0.46,39884.23,35.46
30,68697.18,0.12,0.32,39979.19,35.53
44,74555.59,0.13,0.49,33183.82,30.78
31,70735.76,0.2,0.56,18894.66,20.79
58,53967.57,0.16,0.4,16641.08,19.21
36,51438.05,0.23,0.19,34370.7,31.61
43,50694.82,0.27,0.49,17223.5,19.62
51,48478.64,0.22,0.58,10518.05,14.93
58,82017.87,0.1,0.39,34443.16,31.66
30,47499.31,0.28,0.44,14509.35,17.72
54,81092.18,0.12,0.27,47838.42,41.02
22,39928.0,0.09,0.29,17764.87,20.0
23,35550.41,0.07,0.47,10469.53,14.9
55,46001.53,0.19,0.56,7746.99,12.99
26,41213.98,0.08,0.41,18655.27,20.62
46,94530.42,0.08,0.49,43839.26,38.23
49,49284.72,0.13,0.19,36192.94,32.88
27,108415.44,0.12,0.21,72155.11,58.02
47,52060.51,0.2,0.37,26318.64,25.98
32,70368.38,0.25,0.19,41994.77,36.94
58,54200.1,0.24,0.42,11156.66,15.38
59,50770.48,0.12,0.25,23769.73,24.2
40,47342.37,0.11,0.5,23960.34,24.33
29,51572.51,0.29,0.5,11299.09,15.48
41,48633.54,0.05,0.33,35410.39,32.33
19,19576.77,0.27,0.19,-1290.0,6.68
55,60877.59,0.1,0.42,25783.35,25.6
39,53029.8,0.29,0.6,11858.54,15.87
44,103436.98,0.14,0.41,51776.51,43.78
54,79680.73,0.16,0.12,55168.09,46.15
41,103336.11,0.23,0.11,74140.18,59.41
19,28202.4,0.2,0.26,3390.89,9.95
58,58526.68,0.13,0.2,32355.21,30.2
33,34817.88,0.19,0.51,14264.63,17.55
39,57364.77,0.23,0.52,19546.65,21.24
27,52021.19,0.06,0.23,35862.15,32.65
27,52932.33,0.05,0.26,35064.7,32.09
28,51151.19,0.16,0.22,31555.4,29.64
44,63785.05,0.08,0.55,27934.69,27.11
59,32465.86,0.22,0.35,5454.66,11.39
53,64557.24,0.1,0.43,29274.43,28.04
43,71049.25,0.16,0.31,42979.93,37.63
44,92070.04,0.1,0.42,49560.23,42.23
29,59285.93,0.19,0.29,31606.51,29.67
56,56232.96,0.08,0.27,31910.17,29.89
20,61740.39,0.06,0.42,22133.65,23.05
25,26257.41,0.06,0.4,10755.29,15.1
36,52711.19,0.29,0.25,29345.95,28.09
45,52983.37,0.09,0.17,43749.91,38.16
52,60391.09,0.23,0.28,29288.72,28.05
45,42241.94,0.07,0.31,31155.59,29.36
35,87757.17,0.08,0.41,49262.97,42.02
42,58822.25,0.18,0.56,21003.2,22.26
43,67950.13,0.17,0.12,53713.59,45.13
25,51212.21,0.29,0.22,21758.36,22.79
24,73119.11,0.29,0.2,33353.05,30.9
42,43780.94,0.24,0.35,23126.34,23.75
51,63191.21,0.2,0.31,31463.81,29.57
47,86456.68,0.16,0.46,35664.48,32.51
40,60357.79,0.14,0.22,44038.85,38.37
44,51085.66,0.29,0.4,20829.52,22.14
46,54716.19,0.2,0.54,18216.83,20.31
39,55918.88,0.19,0.56,19240.06,21.03
25,38256.34,0.11,0.58,8600.25,13.59
35,56714.44,0.06,0.49,30072.17,28.6
38,95587.06,0.29,0.55,20718.99,22.06
59,47379.48,0.13,0.22,22435.37,23.26
38,54254.24,0.16,0.2,40246.26,35.71
40,69789.93,0.08,0.1,62667.01,51.39
46,60164.76,0.26,0.45,21268.95,22.45
58,41405.26,0.06,0.57,8247.46,13.34
25,46650.17,0.26,0.19,22103.0,23.03
19,35602.79,0.09,0.42,5746.6,11.6
50,81194.78,0.27,0.47,22329.38,23.19
31,43475.73,0.23,0.56,11044.59,15.3
48,81969.71,0.09,0.42,42705.45,37.43
41,60702.13,0.19,0.59,18880.94,20.78
37,47249.19,0.13,0.27,33538.88,31.03
50,47040.58,0.09,0.27,31171.1,29.37
48,112653.47,0.26,0.37,43677.59,38.11
47,60261.82,0.15,0.29,37345.48,33.69
47,81019.96,0.15,0.1,64419.73,52.61
48,44751.46,0.09,0.47,22493.99,23.3
34,142536.32,0.15,0.48,58092.88,48.19
58,73696.51,0.27,0.47,11991.0,15.96
37,56655.52,0.14,0.27,38351.87,34.39
36,55330.64,0.29,0.36,24295.23,24.56
19,50756.85,0.29,0.28,10111.46,14.65
32,68767.41,0.09,0.11,58443.89,48.44
20,41969.66,0.09,0.38,11896.65,15.9
46,62910.35,0.27,0.16,39942.68,35.5
48,72411.31,0.15,0.14,54428.53,45.63
56,40276.52,0.05,0.48,14411.93,17.65
22,37457.67,0.12,0.1,21883.29,22.88
19,19809.36,0.2,0.58,-7421.63,2.39
26,59930.26,0.25,0.36,21284.95,22.46
47,53797.86,0.08,0.59,20947.65,22.22
57,40546.94,0.08,0.13,26412.56,26.04
21,30800.37,0.28,0.39,1242.13,8.45
50,64218.11,0.24,0.27,32806.77,30.51
28,48793.31,0.2,0.52,13530.45,17.04
28,38130.14,0.24,0.28,18076.27,20.22
37,42682.47,0.16,0.23,31243.83,29.42
52,62077.84,0.24,0.53,14294.66,17.57
51,53650.76,0.14,0.29,31446.87,29.56
41,58444.04,0.11,0.11,50992.87,43.23
46,60379.12,0.23,0.3,32654.8,30.41
50,69218.37,0.15,0.43,30506.75,28.91
25,63815.69,0.3,0.23,27071.48,26.5
47,64969.03,0.14,0.32,38847.01,34.74
26,44500.81,0.28,0.13,24133.93,24.45
19,37472.19,0.28,0.39,298.31,7.79
21,36084.44,0.11,0.48,6270.3,11.96
42,45188.35,0.25,0.31,25344.46,25.3
41,84539.31,0.16,0.31,50310.87,42.75
26,66645.38,0.28,0.14,36091.9,32.81
55,111409.78,0.16,0.2,67194.31,54.55
21,106409.87,0.24,0.18,53665.09,45.1
51,47721.08,0.17,0.34,24561.24,24.75
46,57987.65,0.11,0.36,34866.98,31.95
26,126375.83,0.1,0.57,38822.67,34.72
52,60299.99,0.16,0.14,42398.4,37.22
53,64347.64,0.24,0.4,22022.94,22.97
50,45428.17,0.2,0.36,21507.35,22.61
42,64841.68,0.22,0.36,32813.29,30.52
32,106473.44,0.12,0.54,39485.69,35.18
50,89632.41,0.17,0.2,57776.02,47.97
34,50086.22,0.06,0.12,45131.26,39.13
22,37139.4,0.25,0.44,4241.78,10.54
55,45678.99,0.3,0.27,16315.38,18.98
39,50737.84,0.15,0.11,42974.21,37.62
32,37410.61,0.05,0.23,30023.49,28.57
49,60893.53,0.09,0.25,41819.8,36.81
36,94431.89,0.21,0.41,40538.94,35.92
25,53567.55,0.2,0.19,29212.95,28.0
28,81978.55,0.25,0.31,36513.25,33.11
25,69450.43,0.11,0.34,34418.38,31.64
51,54045.24,0.24,0.33,23753.92,24.18
41,52441.57,0.22,0.59,15252.04,18.24
39,52088.99,0.13,0.12,44389.21,38.61
37,42602.66,0.19,0.58,15168.13,18.18
37,60849.89,0.09,0.39,36894.04,33.37
54,36113.36,0.16,0.5,10214.27,14.72
47,73224.7,0.27,0.32,33958.39,31.32
36,60828.89,0.16,0.33,36293.78,32.95
20,47213.08,0.26,0.54,-915.61,6.94
19,58535.09,0.2,0.55,3097.44,9.74
23,47603.98,0.1,0.22,26608.86,26.18
38,99750.85,0.2,0.2,65759.52,53.55
29,64283.96,0.18,0.35,31004.42,29.25
20,29321.15,0.15,0.55,-1299.48,6.67
21,37437.92,0.08,0.26,15757.94,18.59
41,41317.76,0.15,0.43,22736.28,23.47
30,43047.86,0.07,0.45,22288.55,23.16
38,55576.39,0.07,0.49,29292.23,28.06
23,54058.13,0.15,0.38,19201.49,21.0
55,49345.64,0.13,0.3,24855.75,24.96
56,43900.25,0.28,0.58,1350.9,8.52
48,43626.66,0.14,0.41,22664.23,23.42
27,42525.57,0.24,0.46,11443.72,15.58
52,111802.85,0.18,0.27,60592.26,49.94
53,64818.74,0.23,0.43,20829.08,22.14
40,80297.53,0.12,0.23,58166.64,48.24
42,51278.06,0.29,0.22,30550.91,28.94
35,42206.06,0.18,0.46,19954.41,21.53
28,37724.58,0.26,0.36,14377.82,17.63
48,60978.43,0.14,0.44,28625.07,27.59
41,42738.58,0.08,0.23,34989.2,32.04
50,49651.37,0.22,0.4,20747.85,22.08
35,51154.07,0.05,0.32,36429.48,33.05
35,44093.22,0.17,0.4,23540.86,24.04
32,36211.0,0.1,0.25,26669.51,26.22
27,55265.81,0.21,0.46,17321.93,19.69
58,57071.92,0.29,0.5,4293.51,10.58
20,53694.02,0.17,0.23,22214.28,23.11
43,49507.57,0.25,0.25,29707.59,28.35
57,71542.51,0.18,0.43,22413.9,23.25
27,85828.36,0.17,0.45,31124.99,29.34
40,66144.51,0.28,0.45,22894.3,23.58
22,34580.43,0.27,0.44,2352.22,9.22
44,65059.38,0.25,0.3,34499.42,31.7
47,53996.74,0.12,0.3,34745.73,31.87
52,50516.03,0.19,0.23,29362.18,28.11
41,74713.8,0.11,0.18,58777.73,48.67
55,56911.43,0.16,0.45,19003.58,20.86
29,78512.35,0.17,0.15,54257.4,45.51
24,39908.23,0.26,0.57,2228.86,9.14
36,54872.11,0.27,0.51,16545.48,19.15
39,53815.56,0.15,0.53,22471.16,23.29
54,46495.1,0.05,0.55,16158.08,18.87
59,70810.24,0.27,0.3,21741.83,22.78
56,119244.13,0.09,0.52,41061.21,36.28
52,55560.73,0.21,0.18,34055.42,31.39
35,50097.95,0.06,0.11,45992.69,39.73
55,49399.01,0.15,0.49,14456.49,17.68
43,53754.86,0.3,0.14,35659.46,32.51
56,97651.37,0.08,0.59,27608.05,26.88
30,44934.95,0.16,0.44,19694.74,21.35
41,54359.12,0.13,0.48,26880.06,26.37
40,47597.67,0.28,0.22,29156.82,27.96
39,66282.64,0.27,0.44,24846.85,24.95
45,61762.38,0.11,0.12,51825.02,43.81
49,48816.64,0.07,0.52,22039.07,22.99
24,34930.64,0.21,0.18,16631.45,19.21
45,98262.38,0.13,0.45,45486.49,39.38
58,56865.2,0.22,0.21,25301.77,25.27
52,62524.36,0.06,0.13,50448.56,42.85
30,55899.71,0.08,0.34,33661.09,31.11
25,78631.56,0.22,0.18,43300.8,37.85
28,39261.76,0.1,0.46,16927.2,19.41
35,53442.86,0.26,0.22,32071.51,30.0
44,60247.49,0.06,0.27,44890.61,38.96
39,43640.01,0.1,0.38,27737.4,26.97
46,51424.8,0.3,0.24,27623.39,26.89
20,60203.94,0.16,0.29,23048.76,23.69
19,51330.0,0.23,0.51,1784.75,8.83
54,78107.36,0.1,0.19,53735.61,45.15
44,54885.31,0.2,0.14,40783.57,36.09
47,56231.17,0.23,0.26,31932.33,29.9
39,43211.62,0.13,0.31,29826.18,28.43
29,71330.25,0.26,0.37,27263.42,26.64
58,78849.68,0.2,0.29,33098.81,30.72
29,75205.04,0.15,0.49,27678.03,26.93
54,97584.48,0.19,0.12,65497.93,53.37
57,64544.07,0.19,0.32,25752.29,25.58
58,92637.82,0.09,0.29,50047.73,42.57
53,57410.75,0.15,0.42,23274.07,23.85
52,42850.85,0.14,0.58,11900.79,15.9
42,79001.07,0.15,0.36,44394.08,38.61
40,43530.42,0.24,0.59,12604.1,16.39
23,47121.16,0.17,0.25,21418.01,22.55
51,80268.81,0.29,0.12,48704.06,41.63
54,65122.47,0.12,0.18,42923.26,37.59
38,126330.3,0.15,0.3,74853.65,59.91
37,41075.65,0.25,0.26,25461.69,25.38
53,59098.18,0.19,0.15,38031.13,34.17
35,59249.77,0.19,0.32,33975.86,31.33
52,45848.21,0.06,0.27,30368.63,28.81
27,36967.11,0.15,0.16,24328.46,24.59
44,52128.85,0.12,0.25,37780.77,33.99
20,26001.52,0.3,0.54,-6063.77,3.34
27,48847.7,0.13,0.25,29236.29,28.02
27,42450.87,0.27,0.46,10265.68,14.75
58,61663.15,0.22,0.41,15911.53,18.7
35,70794.43,0.14,0.31,43757.7,38.17
19,47485.88,0.19,0.22,16289.63,18.97
43,56918.59,0.26,0.28,31143.31,29.35
58,61064.67,0.27,0.4,13140.79,16.76
43,83506.33,0.09,0.28,58169.27,48.25
57,64992.75,0.13,0.21,36976.83,33.43
53,107565.45,0.13,0.16,74962.69,59.99
21,60416.92,0.06,0.54,15456.28,18.38
55,100902.28,0.2,0.32,45115.49,39.12
48,40499.12,0.26,0.41,15978.19,18.75
56,59706.89,0.15,0.35,25892.99,25.68
52,56313.12,0.24,0.54,12662.22,16.43
30,52363.53,0.21,0.37,23748.09,24.18
37,50143.95,0.14,0.34,30932.17,29.2
55,65726.8,0.09,0.56,19647.9,21.31
35,40652.1,0.23,0.46,17356.39,19.71
28,58679.82,0.26,0.16,33805.71,31.21
30,44370.21,0.22,0.19,27575.15,26.86
34,51364.93,0.05,0.49,27334.37,26.69
42,69987.87,0.1,0.52,31947.04,29.91
37,61585.26,0.07,0.37,39712.38,35.34
26,70426.1,0.19,0.38,28009.08,27.16
49,50341.87,0.24,0.42,19682.38,21.34
39,60194.2,0.08,0.32,41698.96,36.73
35,76211.41,0.26,0.44,27591.79,26.87
41,68268.0,0.19,0.15,50240.1,42.7
55,66282.67,0.22,0.58,9702.76,14.36
34,80978.31,0.29,0.48,22885.63,23.58
24,40358.84,0.07,0.42,16007.91,18.77
26,40887.27,0.28,0.26,16834.19,19.35
43,72904.92,0.08,0.18,58916.41,48.77
36,57484.81,0.15,0.3,36473.33,33.08
43,85805.79,0.26,0.43,31444.21,29.56
30,60483.29,0.28,0.42,20054.0,21.6
33,49060.88,0.18,0.29,29648.63,28.31
44,68419.62,0.2,0.41,31864.94,29.86
59,44145.03,0.23,0.51,3036.91,9.7
44,81391.02,0.26,0.11,56138.03,46.83
50,46348.69,0.08,0.33,29219.35,28.01
28,77737.52,0.25,0.48,20557.18,21.95
34,63541.04,0.17,0.37,33214.06,30.8
25,45145.59,0.16,0.43,15314.3,18.28
35,73291.64,0.16,0.36,40095.44,35.61
41,71143.83,0.18,0.6,21404.23,22.54
44,91840.69,0.29,0.13,58742.16,48.65
39,90232.03,0.19,0.35,47582.93,40.84
40,67761.97,0.29,0.15,43907.54,38.27
25,36697.48,0.1,0.18,23326.48,23.89
32,49052.63,0.23,0.29,26550.0,26.14
33,56223.85,0.25,0.18,35435.0,32.35
25,69674.02,0.22,0.58,10720.07,15.07
27,44183.16,0.2,0.57,8886.69,13.79
26,43821.33,0.19,0.27,21563.82,22.65
41,108976.29,0.27,0.42,39994.44,35.54
47,61063.51,0.26,0.37,26663.96,26.22
36,51327.29,0.08,0.51,26110.93,25.83
49,76785.36,0.26,0.41,27212.16,26.6
48,61585.99,0.15,0.1,49037.7,41.86
57,41883.95,0.11,0.48,11227.68,15.43
53,81375.68,0.27,0.47,20057.85,21.6
36,50102.92,0.16,0.35,29084.14,27.91
57,57986.07,0.25,0.55,5467.43,11.4
35,57948.27,0.12,0.55,23764.24,24.19
32,60112.42,0.05,0.36,38321.17,34.37
49,41673.0,0.17,0.4,19889.28,21.48
42,57687.52,0.08,0.6,24236.99,24.52
53,83596.56,0.24,0.25,41512.24,36.6
52,88102.98,0.12,0.26,54427.75,45.63
21,28853.17,0.16,0.19,10027.89,14.59
55,76981.77,0.07,0.55,25928.96,25.71
58,46606.44,0.12,0.47,11654.72,15.73
44,57483.07,0.25,0.15,39480.2,35.18
41,57592.84,0.09,0.59,23915.57,24.3
57,59029.35,0.21,0.47,13137.4,16.76
33,77320.52,0.28,0.53,18883.15,20.78
22,47031.25,0.22,0.12,23410.22,23.94
47,60746.14,0.25,0.35,27353.89,26.7
40,80985.37,0.08,0.45,43924.81,38.29
43,52447.97,0.11,0.37,32042.61,29.98
31,54164.91,0.27,0.43,17935.47,20.12
36,79573.19,0.23,0.51,25851.51,25.65
51,70742.83,0.21,0.29,36461.54,33.07
34,51777.07,0.22,0.52,17363.29,19.72
20,22683.66,0.15,0.18,4630.79,10.82
53,65526.71,0.06,0.24,44789.99,38.89
52,44107.77,0.25,0.12,27628.15,26.89
48,59334.04,0.22,0.28,32756.13,30.48
31,80061.98,0.17,0.29,45632.87,39.48
31,66038.33,0.27,0.5,17091.71,19.53
36,40101.7,0.13,0.43,22565.9,23.35
50,65076.81,0.12,0.32,38031.68,34.17
50,57287.7,0.27,0.43,18996.59,20.86
53,45841.43,0.25,0.13,27463.99,26.78
57,62923.52,0.18,0.19,33811.71,31.22
47,55915.52,0.08,0.41,31798.58,29.81
47,55990.34,0.1,0.42,30333.46,28.78
34,60152.24,0.21,0.49,22311.96,23.18
28,43521.5,0.15,0.3,23813.9,24.23
48,63948.35,0.26,0.46,20868.91,22.17
43,54722.78,0.29,0.44,20041.69,21.59
57,50038.6,0.25,0.58,2550.32,9.36
38,80717.19,0.14,0.21,57845.07,48.02
23,66825.12,0.25,0.38,19305.13,21.07
19,19398.13,0.14,0.4,-2950.31,5.52
48,76384.89,0.09,0.6,26732.21,26.27
21,72065.31,0.06,0.2,44736.13,38.85
32,92654.42,0.15,0.36,48618.95,41.57
48,71590.29,0.28,0.27,35251.44,32.22
22,30029.47,0.11,0.36,8695.73,13.66
36,71104.16,0.1,0.22,53269.9,44.82
55,48124.3,0.29,0.12,24678.96,24.83
43,57775.32,0.06,0.39,37024.02,33.46
19,43590.07,0.25,0.27,9243.08,14.04
33,47105.55,0.13,0.19,35643.12,32.5
27,37030.64,0.06,0.26,23980.38,24.34
33,65383.55,0.28,0.12,42413.21,37.23
42,109978.1,0.08,0.58,42880.2,37.56
22,69219.87,0.19,0.39,21941.23,22.92
30,67292.16,0.12,0.51,26933.73,26.41
55,78432.39,0.07,0.31,45540.88,39.42
55,70545.65,0.06,0.55,23885.41,24.28
24,53788.55,0.08,0.34,26811.24,26.32
57,74776.15,0.07,0.39,34847.69,31.94
42,47178.82,0.24,0.35,24729.52,24.87
29,56281.04,0.17,0.47,21294.65,22.47
31,54109.69,0.14,0.38,28399.87,27.43
52,62157.35,0.15,0.24,37885.36,34.06
43,56283.96,0.28,0.17,35914.18,32.69
25,56732.2,0.28,0.4,14950.9,18.03
22,32338.18,0.23,0.34,6480.29,12.11
26,41845.6,0.27,0.15,22065.11,23.0
38,52329.83,0.13,0.3,35253.97,32.22
47,79267.46,0.15,0.36,42961.57,37.61
28,51616.73,0.2,0.51,14252.43,17.54
52,54580.3,0.21,0.14,35653.11,32.5
44,57497.15,0.17,0.27,36883.49,33.36
59,55391.07,0.15,0.51,9963.7,14.54
21,79395.44,0.3,0.42,13356.05,16.92
24,31819.07,0.26,0.24,11308.11,15.48
23,56759.5,0.16,0.52,12302.77,16.18
23,52580.13,0.23,0.35,16160.79,18.88
41,51180.52,0.12,0.35,33030.19,30.67
27,83795.11,0.08,0.59,26898.49,26.38
53,69879.29,0.14,0.57,18923.68,20.81
38,54013.41,0.15,0.28,36253.82,32.92
53,41706.03,0.05,0.17,31305.9,29.46
36,63440.45,0.25,0.26,35635.88,32.49
35,58298.46,0.14,0.12,47852.75,41.03
42,50036.26,0.2,0.11,40021.88,35.56
21,28368.72,0.07,0.3,9170.93,13.99
50,78577.69,0.09,0.57,27899.66,27.08
53,41134.77,0.27,0.54,6783.2,12.32
56,63422.03,0.2,0.36,23359.12,23.91
31,52576.19,0.29,0.38,19434.0,21.16
43,71319.1,0.3,0.1,47876.49,41.05
27,46252.42,0.14,0.21,28852.95,27.75
22,47539.15,0.12,0.11,29107.7,27.93
32,46803.66,0.26,0.48,15016.54,18.08
55,58231.39,0.3,0.17,27425.54,26.75
52,69449.82,0.21,0.53,18028.26,20.18
29,55463.94,0.25,0.42,18871.81,20.77
59,61781.1,0.25,0.21,24554.51,24.74
21,29457.1,0.14,0.18,11285.71,15.47
46,54867.15,0.19,0.41,25866.96,25.66
47,54952.66,0.26,0.55,14072.64,17.42
27,46490.26,0.22,0.46,13770.78,17.21
21,70837.92,0.06,0.27,38470.09,34.47
43,57630.26,0.13,0.39,32388.04,30.22
52,47506.9,0.09,0.26,31066.48,29.3
30,63808.08,0.11,0.6,20366.56,21.82
27,80053.82,0.28,0.47,18872.7,20.77
33,42903.15,0.06,0.41,26403.56,26.04
58,108143.91,0.1,0.31,56032.66,46.75
43,69733.28,0.13,0.41,37658.19,33.91
23,65231.6,0.2,0.27,28551.14,27.54
29,86385.86,0.18,0.11,61468.73,50.55
52,80205.94,0.1,0.3,47747.4,40.96
42,60782.47,0.09,0.57,26249.34,25.93
33,83124.6,0.11,0.41,43215.87,37.79
56,62362.53,0.18,0.14,38005.28,34.15
26,71388.5,0.12,0.54,21962.02,22.93
23,69700.39,0.29,0.23,27468.33,26.78
44,49795.03,0.17,0.22,35598.02,32.47
36,74717.61,0.06,0.25,56208.86,46.87
24,43342.63,0.23,0.39,11802.01,15.83
55,61182.93,0.13,0.37,26822.66,26.33
31,57351.78,0.21,0.35,27578.95,26.86
46,64111.11,0.12,0.46,31174.08,29.37
23,79556.56,0.19,0.26,37822.32,34.02
31,40086.64,0.24,0.49,12957.08,16.64
35,41200.04,0.28,0.19,26405.95,26.04
58,37274.66,0.12,0.49,7461.19,12.79
50,83594.59,0.13,0.43,37952.85,34.11
47,52751.42,0.17,0.44,24345.17,24.6
21,42993.28,0.28,0.34,7511.38,12.83
58,54640.69,0.28,0.43,8641.88,13.62
52,49892.6,0.07,0.14,39123.57,34.93
58,72701.69,0.08,0.53,21260.92,22.44
45,60878.92,0.17,0.13,47154.26,40.54
31,51879.77,0.08,0.17,41119.52,36.33
51,65215.08,0.14,0.39,31701.93,29.74
24,59381.87,0.09,0.47,21643.48,22.71
42,50708.0,0.21,0.14,38256.6,34.32
37,77200.38,0.29,0.56,16738.76,19.28
34,90966.89,0.3,0.59,14323.45,17.59
58,40655.62,0.14,0.4,11095.56,15.34
46,67340.15,0.2,0.34,35078.92,32.1
51,57057.34,0.26,0.47,15735.8,18.58
59,68220.21,0.08,0.26,36080.75,32.8
31,41296.1,0.22,0.35,20201.53,21.7
43,101369.48,0.15,0.56,34402.55,31.63
54,42688.74,0.1,0.58,11410.59,15.56
45,59239.54,0.15,0.56,21275.87,22.45
56,65650.68,0.07,0.23,41250.29,36.42
25,38632.32,0.22,0.22,18437.1,20.47
23,33789.51,0.11,0.25,15743.47,18.58
49,65791.69,0.13,0.32,38844.93,34.74
41,63393.24,0.08,0.26,47367.38,40.69
28,51888.3,0.27,0.29,23187.48,23.79
50,78344.79,0.17,0.41,34085.42,31.41
48,56925.68,0.19,0.48,21452.26,22.58
57,62643.71,0.19,0.47,15742.71,18.58
49,55281.11,0.15,0.51,21007.82,22.26
36,49046.04,0.1,0.12,43588.38,38.05
54,55615.0,0.24,0.12,33363.49,30.9
20,32229.48,0.08,0.49,3283.16,9.87
32,50167.16,0.08,0.37,30767.8,29.09
31,79685.1,0.23,0.39,32866.69,30.56
47,58953.99,0.1,0.13,48909.44,41.77
30,45540.81,0.13,0.23,30924.29,29.2
57,57742.97,0.17,0.42,17688.25,19.94
20,40674.27,0.16,0.53,2334.88,9.21
50,48046.51,0.23,0.56,11670.66,15.74
31,51062.7,0.21,0.35,24964.5,25.03
45,57982.93,0.21,0.37,28469.32,27.48
59,52791.42,0.23,0.52,4901.96,11.01
35,72446.97,0.12,0.37,41057.35,36.28
58,58535.49,0.13,0.36,22626.68,23.4
49,88279.92,0.16,0.55,27791.41,27.01
52,60739.08,0.13,0.49,22839.12,23.55
42,106488.55,0.3,0.55,21072.19,22.31
53,54010.92,0.25,0.21,27658.32,26.91
24,36183.48,0.09,0.36,15296.58,18.27
37,70041.37,0.05,0.52,35052.44,32.08
48,92554.43,0.06,0.16,75380.79,60.28
25,32237.69,0.11,0.5,9366.07,14.13
28,48908.03,0.08,0.19,35458.9,32.37
59,47226.74,0.18,0.5,5979.55,11.76
50,64110.35,0.26,0.41,22576.74,23.36
52,61072.75,0.23,0.2,34497.61,31.7
46,92291.58,0.1,0.34,55606.87,46.45
33,55682.75,0.15,0.44,26387.45,26.03
48,92881.25,0.18,0.42,40876.84,36.16
55,54490.75,0.25,0.31,20113.78,21.64
47,80774.09,0.26,0.55,18910.89,20.8
40,65560.41,0.28,0.36,29262.58,28.04
22,85016.36,0.18,0.35,32742.35,30.47
38,44837.06,0.22,0.13,34382.82,31.62
50,48243.48,0.08,0.56,18952.62,20.83
54,105859.57,0.19,0.19,63351.21,51.87
22,33222.84,0.11,0.36,10216.4,14.72
45,54016.0,0.16,0.5,22689.11,23.44
35,48059.88,0.21,0.21,32303.17,30.16
30,78119.39,0.11,0.36,42650.73,37.4
40,47489.51,0.06,0.22,39422.43,35.14
35,59327.46,0.05,0.48,32196.5,30.09
28,47966.6,0.06,0.38,26862.85,26.36
19,58002.31,0.05,0.53,12548.09,16.35
40,54266.45,0.08,0.55,25951.18,25.72
44,69849.12,0.11,0.42,37504.33,33.8
36,46051.96,0.11,0.46,24580.12,24.76
32,121562.89,0.3,0.37,43080.6,37.7
47,59151.49,0.13,0.29,38006.52,34.15
30,54364.33,0.08,0.42,28462.35,27.48
54,99346.45,0.19,0.55,23609.71,24.08
53,52518.7,0.26,0.31,21010.15,22.27
30,94319.79,0.22,0.26,50886.8,43.15
25,41851.45,0.12,0.29,20873.49,22.17
47,74920.05,0.19,0.32,40281.1,35.74
29,45382.82,0.23,0.14,29467.82,28.18
51,46248.72,0.23,0.35,20196.56,21.7
24,53113.74,0.22,0.35,18626.28,20.6
33,68919.68,0.27,0.39,26913.97,26.39
50,46983.79,0.27,0.28,22695.46,23.44
29,48667.85,0.19,0.41,20180.33,21.69
41,87511.87,0.16,0.54,31978.19,29.93
44,73519.24,0.21,0.58,20549.37,21.94
52,55396.07,0.25,0.39,19500.27,21.21
52,52964.49,0.05,0.12,43662.72,38.1
47,113406.68,0.3,0.58,16777.25,19.31
22,26817.31,0.1,0.45,4886.37,10.99
35,58081.62,0.17,0.27,37318.59,33.67
53,44357.88,0.27,0.17,23627.96,24.1
31,83965.19,0.11,0.17,62871.66,51.53
59,55221.77,0.17,0.18,26941.09,26.41
57,60177.04,0.08,0.12,41949.12,36.91
33,149469.22,0.15,0.55,48322.25,41.36
47,54721.09,0.09,0.37,32825.15,30.53
47,105656.06,0.14,0.45,46857.14,40.34
29,47585.59,0.14,0.51,17085.56,19.52
50,58436.55,0.3,0.5,13451.7,16.98
20,123409.09,0.3,0.54,9542.31,14.25
32,53974.18,0.08,0.58,21441.3,22.57
38,45611.99,0.23,0.32,25890.2,25.68
40,66492.13,0.06,0.58,29518.14,28.21
29,50502.71,0.06,0.46,25169.68,25.17
45,68985.01,0.08,0.14,59152.0,48.93
21,38899.12,0.29,0.44,1813.41,8.85
35,121422.73,0.29,0.44,37254.45,33.62
46,72627.16,0.1,0.55,29463.47,28.18
47,49823.76,0.09,0.29,34769.24,31.89
39,63390.95,0.11,0.39,36732.19,33.26
34,48032.57,0.18,0.11,38529.19,34.51
55,55392.23,0.19,0.27,26614.46,26.18
38,49656.12,0.11,0.13,43399.89,37.92
24,103542.56,0.24,0.36,36822.11,33.32
37,51347.17,0.13,0.51,23859.82,24.26
23,57020.48,0.28,0.2,23605.55,24.08
21,36290.03,0.21,0.36,6698.74,12.26
19,23548.66,0.16,0.2,3248.93,9.85
56,61380.59,0.25,0.16,31663.5,29.71
33,64138.98,0.25,0.36,28545.51,27.53
52,70841.36,0.12,0.14,52092.81,44.0
53,37851.91,0.13,0.39,16834.4,19.35
43,48441.48,0.28,0.12,34273.62,31.54
42,81350.38,0.09,0.15,66708.42,54.22
30,42838.94,0.06,0.37,25627.0,25.49
36,62990.94,0.16,0.4,32702.69,30.44
33,42929.29,0.25,0.11,30773.29,29.09
34,71783.45,0.24,0.39,30751.1,29.08
45,81043.41,0.28,0.52,20777.16,22.1
26,62668.93,0.18,0.46,20238.71,21.73
43,83439.92,0.08,0.17,68409.13,55.4
35,95496.01,0.2,0.4,43505.39,37.99
47,48953.92,0.24,0.44,19309.19,21.08
26,39024.62,0.07,0.12,29263.17,28.04
33,74750.23,0.09,0.53,31798.45,29.81
45,86174.58,0.05,0.55,38671.3,34.61
25,38763.75,0.2,0.53,7246.4,12.64
21,31323.53,0.27,0.51,-1902.26,6.25
47,54058.6,0.22,0.47,20353.0,21.81
42,45444.46,0.3,0.42,18409.53,20.45
21,26401.29,0.07,0.44,4455.57,10.69
38,46628.17,0.28,0.5,15526.18,18.43
33,53096.2,0.25,0.43,20531.09,21.93
43,67094.32,0.13,0.26,45799.99,39.6
48,69891.57,0.29,0.29,32213.67,30.1
32,49442.82,0.12,0.55,19089.86,20.92
25,40958.76,0.27,0.11,22125.56,23.05
35,60944.08,0.27,0.45,21820.43,22.83
38,44697.93,0.24,0.58,13760.09,17.2
54,78660.86,0.19,0.45,25922.95,25.7
27,78232.36,0.08,0.6,24071.49,24.41
56,49909.89,0.18,0.44,14051.47,17.4
40,56267.53,0.14,0.12,47290.74,40.64
20,65573.55,0.25,0.51,5251.61,11.25
42,60600.68,0.24,0.24,36695.55,33.23
26,59591.09,0.28,0.32,21686.94,22.74
29,51661.88,0.05,0.26,36286.11,32.95
31,91592.4,0.25,0.23,49057.47,41.87
35,67531.11,0.28,0.32,31345.56,29.49
26,58760.82,0.25,0.29,25104.11,25.13
39,71492.1,0.08,0.42,41044.32,36.27
36,52237.88,0.07,0.51,26904.27,26.39
48,56071.12,0.06,0.25,41964.85,36.92
36,74147.27,0.21,0.21,48336.6,41.37
49,64181.66,0.21,0.43,25381.31,25.32
56,44476.99,0.3,0.44,7395.99,12.75
50,109600.66,0.15,0.55,34410.32,31.63
29,72475.52,0.13,0.11,55629.96,46.47
43,63213.23,0.21,0.53,22143.73,23.06
51,57476.03,0.26,0.36,22537.95,23.33
56,61398.05,0.28,0.41,14252.87,17.54
59,64426.14,0.25,0.15,30315.68,28.77
26,29407.89,0.16,0.32,13561.15,17.06
29,110804.93,0.21,0.21,64643.39,52.77
40,51781.97,0.26,0.23,31767.96,29.79
42,62409.01,0.17,0.35,35000.0,32.05
59,55872.86,0.1,0.51,13060.61,16.71
35,111764.92,0.09,0.47,53298.73,44.84
30,52901.61,0.05,0.4,30950.89,29.22
50,99179.74,0.23,0.37,41258.55,36.42
33,64252.7,0.08,0.31,42652.08,37.4
34,46423.65,0.11,0.59,18236.26,20.33
40,63975.94,0.12,0.38,37031.81,33.47
46,60970.57,0.19,0.23,39585.54,35.25
38,48031.78,0.15,0.22,35919.69,32.69
51,67443.8,0.22,0.41,25938.32,25.71
28,52138.96,0.06,0.36,29364.59,28.11
58,66235.8,0.08,0.1,46916.52,40.38
50,64956.19,0.17,0.52,21700.98,22.75
51,52854.76,0.13,0.45,22445.7,23.27
20,53451.53,0.12,0.43,13665.22,17.13
51,53153.69,0.07,0.13,43167.69,37.76
51,37153.35,0.27,0.28,17141.35,19.56
59,57377.39,0.22,0.57,3351.64,9.92
31,47879.36,0.08,0.53,20901.11,22.19
48,68922.16,0.07,0.24,50521.04,42.9
51,114281.82,0.29,0.18,60950.87,50.19
31,109417.29,0.22,0.32,51982.88,43.92
44,60301.92,0.15,0.28,39181.74,34.97
40,51405.42,0.23,0.44,22479.4,23.29
57,67764.79,0.24,0.58,6071.85,11.82
20,33822.54,0.24,0.28,5789.19,11.63
56,64845.75,0.17,0.13,40952.56,36.21
57,48641.9,0.16,0.55,8428.93,13.47
44,66854.95,0.05,0.12,60303.22,49.74
33,47031.39,0.28,0.58,10251.09,14.74
52,85796.31,0.2,0.43,31412.48,29.54
58,48490.17,0.1,0.57,8904.81,13.8
29,65114.94,0.28,0.2,34555.5,31.74
21,26455.55,0.28,0.12,7194.35,12.61
24,60735.84,0.3,0.34,17223.8,19.62
27,38665.71,0.27,0.33,14612.18,17.79
24,50315.91,0.3,0.27,17316.81,19.68
27,71037.23,0.11,0.58,20799.9,22.12
57,54377.14,0.26,0.51,6530.83,12.14
49,49784.44,0.26,0.43,18200.16,20.3
50,70514.22,0.11,0.18,51718.03,43.74
59,44759.62,0.07,0.47,11575.93,15.67
30,48593.19,0.29,0.46,13250.94,16.84
26,53431.65,0.12,0.31,27890.27,27.08
26,79072.77,0.27,0.56,11198.42,15.41
46,63153.98,0.05,0.18,52407.36,44.22
38,61272.09,0.06,0.23,48934.0,41.79
25,61311.28,0.17,0.13,39738.59,35.36
29,53836.4,0.11,0.5,21897.73,22.89
38,72437.6,0.22,0.41,32004.64,29.95
34,80193.37,0.19,0.26,48090.75,41.2
22,38020.59,0.07,0.18,21186.26,22.39
24,21212.28,0.09,0.12,12217.48,16.12
40,51493.09,0.15,0.18,39999.14,35.54
44,88304.78,0.1,0.33,55728.57,46.54
21,40373.53,0.25,0.22,12562.84,16.36
59,50528.01,0.15,0.23,22344.15,23.2
32,80751.46,0.07,0.54,34489.4,31.69
29,51529.56,0.17,0.36,24796.69,24.91
36,39722.67,0.07,0.46,23083.3,23.72
30,37941.38,0.08,0.12,31956.27,29.92
41,69343.06,0.11,0.28,47640.73,40.88
30,53216.13,0.26,0.34,22414.97,23.25
31,88269.33,0.28,0.19,48776.25,41.68
43,53175.82,0.26,0.16,36175.26,32.87
37,55932.71,0.13,0.54,23728.02,24.17
54,48694.93,0.12,0.57,12992.0,16.66
26,42002.48,0.19,0.14,26113.73,25.83
47,43790.52,0.23,0.27,25294.12,25.26
50,56428.93,0.3,0.58,8526.3,13.54
36,58913.5,0.08,0.14,50577.08,42.94
24,43990.56,0.06,0.42,18105.71,20.24
36,119118.55,0.22,0.59,27517.56,26.82
37,106577.35,0.26,0.59,21450.04,22.57
40,52190.37,0.26,0.34,26609.25,26.18
55,39266.62,0.22,0.18,20398.79,21.84
50,60340.0,0.29,0.2,32420.54,30.24
59,61710.46,0.18,0.54,8461.81,13.49
21,30121.18,0.28,0.56,-3567.85,5.08
46,52476.46,0.29,0.4,20078.55,21.62
28,88943.71,0.26,0.48,22390.77,23.23
53,56626.93,0.13,0.47,21553.29,22.65
47,74716.99,0.1,0.43,38900.51,34.77
33,45852.51,0.19,0.51,17200.9,19.6
51,60547.76,0.16,0.44,24657.56,24.82
25,42811.14,0.27,0.37,12087.68,16.03
30,45403.43,0.08,0.22,33788.61,31.2
48,86516.37,0.11,0.47,38701.45,34.63
39,45994.12,0.24,0.34,25021.22,25.07
49,67157.22,0.07,0.25,47866.12,41.04
42,57428.08,0.13,0.5,26572.71,26.16
38,68016.35,0.15,0.45,32887.9,30.57
55,54144.78,0.21,0.57,8970.62,13.85
22,59391.5,0.09,0.18,36050.29,32.78
46,51196.67,0.27,0.42,19990.32,21.55
38,85057.99,0.16,0.22,57804.04,47.99
42,61998.0,0.28,0.55,15889.4,18.69
50,46883.49,0.17,0.15,33543.33,31.03
59,67806.84,0.12,0.43,21965.51,22.93
54,56787.29,0.09,0.5,21762.2,22.79
52,43233.08,0.05,0.28,28946.77,27.82
54,65271.43,0.18,0.58,13488.68,17.01
20,59172.78,0.08,0.53,13207.2,16.81
33,84978.32,0.15,0.25,54738.22,45.85
52,55610.07,0.2,0.1,38657.87,34.6
54,62022.85,0.12,0.25,36972.72,33.43
24,46807.94,0.09,0.24,26538.42,26.13
57,91375.54,0.24,0.54,13539.17,17.04
30,43968.17,0.29,0.58,7444.13,12.78
21,34504.52,0.08,0.14,18675.39,20.63
36,49193.69,0.09,0.34,33094.89,30.72
58,40482.82,0.29,0.37,6409.69,12.06
39,65474.08,0.06,0.15,57382.91,47.7
33,95094.28,0.29,0.29,42979.87,37.63
51,58502.64,0.05,0.26,41105.78,36.32
53,49366.83,0.27,0.37,16942.42,19.42
44,65758.38,0.13,0.43,33921.55,31.29
26,59609.13,0.28,0.45,13595.64,17.08
54,57385.93,0.13,0.17,38009.29,34.15
48,93767.96,0.21,0.51,29304.61,28.07
41,51892.15,0.07,0.44,30883.87,29.17
32,52240.99,0.11,0.54,21171.37,22.38
32,61269.62,0.24,0.32,29397.18,28.13
20,45713.1,0.18,0.55,2079.62,9.03
55,59715.69,0.28,0.53,7873.13,13.08
23,29840.76,0.16,0.32,9681.39,14.35
56,126512.39,0.27,0.29,51364.05,43.49
59,51903.92,0.16,0.57,5311.11,11.29
32,58103.01,0.29,0.46,17469.21,19.79
57,68431.79,0.29,0.56,4266.87,10.56
43,54233.86,0.13,0.5,25077.76,25.11
38,61807.26,0.27,0.4,25413.7,25.35
20,30181.19,0.26,0.16,7348.72,12.72
57,64419.57,0.1,0.25,36116.03,32.83
24,42049.86,0.21,0.58,4415.95,10.67
35,63408.44,0.07,0.26,47305.12,40.65
43,50081.32,0.26,0.15,34789.77,31.9
46,52293.11,0.09,0.45,27884.73,27.07
20,23792.34,0.07,0.47,893.01,8.2
53,51139.52,0.15,0.24,29925.62,28.5
55,36688.27,0.19,0.25,17047.0,19.5
23,40001.98,0.26,0.33,10021.66,14.58
19,29869.25,0.29,0.11,5972.3,11.75
58,58771.09,0.16,0.49,13090.05,16.73
30,54923.69,0.07,0.26,38943.01,34.8
54,86644.78,0.24,0.53,18135.45,20.26
41,144055.93,0.19,0.5,49537.24,42.21
49,85765.17,0.16,0.43,37096.22,33.51
29,46807.77,0.13,0.26,29485.89,28.19
28,45063.98,0.18,0.36,20783.46,22.11
21,57640.17,0.13,0.32,22752.47,23.48
32,38833.95,0.24,0.27,22051.79,22.99
34,53691.28,0.19,0.52,19523.79,21.23
28,48339.52,0.27,0.34,18872.37,20.77
47,73074.22,0.19,0.52,25477.58,25.39
28,62860.33,0.11,0.15,46184.86,39.87
30,44656.38,0.26,0.17,26983.38,26.44
48,56675.35,0.19,0.59,15570.37,18.46
59,63007.59,0.1,0.39,23128.96,23.75
19,26946.7,0.21,0.35,197.36,7.72
23,69875.81,0.14,0.36,28810.94,27.72
38,71883.64,0.26,0.21,43476.77,37.97
26,51817.79,0.16,0.46,17337.63,19.7
30,60877.5,0.23,0.14,39705.75,35.34
19,30676.73,0.07,0.39,4548.7,10.76
38,52638.3,0.15,0.39,29949.52,28.52
46,56850.19,0.3,0.56,12296.44,16.17
55,67726.11,0.25,0.36,22552.53,23.34
55,62235.97,0.09,0.17,42758.79,37.47
30,48361.92,0.12,0.39,25683.41,25.53
55,72982.53,0.13,0.15,49631.73,42.28
46,60177.09,0.21,0.2,39365.52,35.1
33,48285.73,0.24,0.12,34686.64,31.83
24,50196.18,0.24,0.36,15820.15,18.64
38,48679.38,0.18,0.14,38485.67,34.48
32,38808.23,0.25,0.33,19159.84,20.97
20,38948.3,0.16,0.57,297.48,7.79
27,41839.04,0.08,0.46,18197.29,20.3
55,55304.75,0.19,0.14,33535.07,31.02
38,49113.97,0.29,0.21,29821.02,28.43
44,88311.83,0.25,0.44,32669.7,30.42
47,53955.72,0.19,0.55,17529.92,19.83
19,31105.86,0.21,0.12,9047.56,13.9
53,66752.75,0.28,0.51,12958.37,16.64
24,30696.38,0.16,0.38,9609.97,14.3
55,43094.78,0.13,0.37,17752.83,19.99
23,50847.48,0.29,0.58,641.38,8.03
51,55269.41,0.27,0.47,15215.64,18.22
32,45183.0,0.13,0.53,18683.87,20.64
30,65073.65,0.17,0.28,38027.72,34.16
38,50642.47,0.15,0.38,29133.67,27.95
42,58488.6,0.09,0.41,35038.08,32.07
52,49796.4,0.29,0.26,22224.73,23.12
43,67673.82,0.15,0.39,36346.94,32.99
47,91777.44,0.27,0.22,50743.89,43.05
57,38655.69,0.1,0.17,22470.78,23.29
49,63956.81,0.19,0.29,35947.7,32.71
41,78637.19,0.06,0.47,42743.79,37.46
56,52329.94,0.24,0.56,5991.06,11.77
38,47616.04,0.2,0.33,27951.25,27.12
41,69387.04,0.21,0.42,31326.83,29.48
34,78201.95,0.06,0.15,65393.49,53.3
26,66333.93,0.1,0.55,20570.67,21.96
39,67594.86,0.07,0.38,42272.25,37.13
19,38633.71,0.12,0.49,3393.66,9.95
26,37910.27,0.21,0.5,9009.24,13.88
47,79298.26,0.19,0.23,49716.31,42.34
50,77205.95,0.2,0.36,34806.67,31.91
56,44818.37,0.19,0.58,5819.28,11.65
23,50541.86,0.12,0.14,31437.53,29.56
40,73717.22,0.11,0.44,38641.67,34.59
52,77990.05,0.08,0.58,25849.88,25.65
19,35955.18,0.26,0.25,5627.68,11.51
44,52003.71,0.2,0.53,18552.89,20.55
28,44959.23,0.1,0.57,14942.73,18.02
48,50253.32,0.09,0.47,24566.51,24.75
36,58925.63,0.27,0.22,35096.57,32.11
35,55403.5,0.24,0.27,32089.12,30.01
44,121955.5,0.21,0.12,86313.56,67.92
26,66433.9,0.15,0.52,19738.48,21.38
58,75568.44,0.12,0.52,19850.8,21.46
30,62413.68,0.29,0.42,19568.3,21.26
45,57613.36,0.25,0.28,32043.08,29.98
26,45098.8,0.13,0.14,30641.64,29.0
43,59923.36,0.26,0.48,20862.17,22.16
22,45714.58,0.24,0.46,6408.65,12.06
51,68027.44,0.12,0.56,22375.17,23.22
19,37099.42,0.16,0.47,2135.08,9.07
37,56183.23,0.1,0.51,27038.48,26.48
49,54257.66,0.08,0.47,26675.55,26.23
34,42734.66,0.23,0.42,19403.01,21.14
32,84064.54,0.12,0.31,50870.43,43.14
23,106362.8,0.26,0.55,14855.68,17.96
59,80630.93,0.3,0.43,13572.08,17.07
44,48355.57,0.07,0.3,35486.75,32.39
46,77591.52,0.17,0.14,57517.88,47.79
20,59612.28,0.25,0.25,19838.38,21.45
24,40394.12,0.25,0.37,10801.38,15.13
27,58995.16,0.24,0.24,29563.91,28.25
51,55129.83,0.14,0.21,36793.74,33.3
59,90680.69,0.16,0.36,33930.68,31.3
43,68801.09,0.2,0.18,47701.05,40.93
31,44003.81,0.29,0.5,11115.5,15.35
27,62717.52,0.13,0.34,31810.11,29.82
31,76823.95,0.28,0.39,27943.53,27.11
49,65379.4,0.12,0.17,48512.7,41.49
59,63673.82,0.3,0.26,19390.62,21.13
29,51995.35,0.22,0.31,25590.62,25.47
22,29344.99,0.17,0.5,2473.24,9.31
52,58668.11,0.2,0.49,18064.0,20.21
56,67386.81,0.12,0.21,40542.0,35.92
22,40765.74,0.12,0.41,11858.48,15.87
56,73345.69,0.08,0.22,46744.11,40.26
37,54864.34,0.08,0.59,23204.73,23.8
24,41380.08,0.14,0.58,7245.35,12.64
52,76784.98,0.24,0.38,28775.86,27.7
36,63314.72,0.2,0.45,27118.3,26.54
31,49601.48,0.08,0.5,23296.81,23.87
59,76175.05,0.26,0.46,12395.29,16.24
41,53200.33,0.2,0.45,24119.31,24.44
37,50963.02,0.29,0.58,11765.46,15.8
29,29737.83,0.22,0.4,12238.51,16.13
19,29637.83,0.09,0.42,2733.47,9.49
42,90891.34,0.17,0.52,33335.38,30.88
25,27708.87,0.21,0.43,6543.08,12.15
43,50965.42,0.06,0.47,29167.46,27.97
39,68972.58,0.05,0.22,55601.9,46.45
33,36535.0,0.08,0.29,26590.37,26.17
19,30148.41,0.11,0.17,9563.22,14.26
30,77912.44,0.16,0.35,39625.99,35.28
25,102315.36,0.17,0.33,47934.62,41.09
33,62117.4,0.08,0.6,23259.97,23.84
39,49994.29,0.22,0.41,24232.36,24.52
37,48606.7,0.2,0.49,20065.33,21.61
47,64942.51,0.12,0.27,43087.85,37.7
43,67273.32,0.05,0.52,34087.17,31.41
51,108588.7,0.07,0.41,57694.07,47.91
50,81072.7,0.15,0.45,34063.96,31.39
53,61670.72,0.09,0.25,39963.83,35.52
56,53429.47,0.14,0.37,21423.41,22.56
44,170984.77,0.21,0.42,69290.14,56.02
29,64381.77,0.19,0.39,27564.93,26.85
53,51595.22,0.11,0.56,16049.44,18.8
26,45788.69,0.14,0.55,12325.3,16.19
32,45420.29,0.2,0.59,12525.54,16.33
28,30254.97,0.27,0.43,8874.68,13.78
20,44237.75,0.24,0.59,-2476.01,5.85
27,94755.39,0.19,0.52,26700.75,26.24
21,23720.59,0.14,0.24,6081.34,11.83
39,62274.99,0.14,0.31,39244.87,35.01
44,53573.05,0.27,0.22,32318.63,30.17
26,58234.7,0.06,0.1,46486.71,40.08
20,36484.33,0.3,0.19,8337.75,13.41
24,30825.02,0.22,0.1,16388.67,19.04
46,50802.27,0.22,0.46,20364.74,21.82
47,52165.02,0.06,0.31,36405.82,33.03
44,92259.51,0.2,0.26,54928.33,45.98
43,90625.21,0.17,0.48,36582.58,33.15
30,49789.43,0.08,0.52,21768.59,22.8
23,70489.42,0.12,0.59,15053.17,18.1
52,58363.58,0.27,0.42,17823.74,20.04
55,54339.1,0.19,0.33,22795.43,23.51
33,58199.75,0.15,0.25,38063.96,34.19
54,64415.38,0.07,0.21,44031.66,38.36
33,49839.66,0.23,0.21,31856.54,29.85
41,62510.83,0.23,0.3,34724.11,31.85
24,60875.97,0.2,0.6,7761.09,13.0
39,63472.87,0.18,0.1,51375.73,43.5
41,62838.17,0.16,0.2,46012.74,39.75
34,66813.74,0.2,0.19,44751.97,38.86
33,69491.83,0.11,0.46,33632.55,31.09
43,61679.13,0.29,0.28,32178.71,30.07
54,53201.42,0.2,0.33,23011.59,23.67
29,56106.56,0.13,0.17,39854.67,35.44
33,40390.72,0.16,0.3,24978.96,25.04
22,39601.24,0.25,0.15,16132.24,18.86
39,39565.48,0.09,0.37,27026.6,26.47
31,37858.01,0.12,0.15,29835.51,28.44
40,43391.88,0.22,0.5,17964.06,20.14
37,81542.76,0.13,0.38,44867.22,38.95
52,61134.15,0.25,0.46,17548.55,19.85
32,41946.14,0.08,0.31,28591.87,27.57
22,51246.06,0.24,0.29,16949.4,19.43
45,82471.43,0.07,0.15,69108.77,55.89
47,71543.45,0.05,0.36,45288.89,39.24
46,59969.46,0.27,0.36,26298.41,25.96
53,64144.26,0.2,0.33,28996.34,27.85
26,66598.42,0.14,0.47,23816.05,24.23
34,51741.22,0.11,0.52,23458.49,23.98
54,60165.27,0.2,0.48,16971.82,19.44
48,58722.1,0.18,0.17,41281.85,36.44
36,42650.74,0.3,0.41,17112.61,19.54
20,56930.52,0.3,0.14,21884.8,22.88
31,110679.97,0.21,0.45,40399.76,35.82
22,31774.6,0.16,0.29,10101.92,14.64
44,81781.98,0.17,0.17,59104.32,48.9
43,52046.49,0.22,0.53,18167.82,20.28
48,64552.43,0.08,0.41,36329.62,32.98
29,87712.17,0.13,0.28,52516.36,44.29
25,40522.1,0.07,0.12,29807.93,28.42
49,61946.98,0.07,0.37,37189.37,33.58
28,33511.82,0.1,0.56,11369.48,15.53
57,48604.94,0.17,0.4,15117.98,18.15
31,36407.82,0.25,0.59,8449.5,13.49
49,69543.48,0.17,0.17,48259.19,41.32
25,63457.04,0.13,0.38,27604.72,26.88
54,56471.45,0.07,0.5,21962.31,22.93
38,65650.42,0.19,0.36,34719.36,31.85
22,38046.83,0.12,0.15,20747.95,22.08
25,61378.85,0.2,0.39,21658.1,22.72
19,39147.92,0.29,0.41,-407.93,7.29
31,35945.75,0.08,0.46,18531.43,20.53
40,80307.42,0.1,0.48,38876.92,34.76
39,55961.92,0.17,0.49,25084.82,25.12
40,47350.87,0.29,0.43,18565.64,20.56
46,56673.85,0.24,0.21,35055.01,32.09
27,31568.06,0.27,0.3,12305.78,16.18
44,48431.03,0.13,0.49,23389.7,23.93
27,52748.26,0.3,0.58,5375.09,11.34
33,61004.06,0.08,0.14,51493.05,43.58
28,56896.01,0.06,0.37,32218.45,30.1
42,62487.8,0.26,0.26,35383.3,32.32
26,40043.34,0.28,0.21,17968.39,20.14
42,61611.08,0.07,0.35,40798.42,36.1
34,52134.52,0.08,0.4,31210.01,29.4
44,45606.48,0.06,0.1,43108.96,37.72
45,52914.14,0.08,0.49,27262.86,26.64
55,76229.86,0.1,0.51,26024.5,25.77
22,80017.58,0.29,0.58,2647.25,9.43
42,74292.27,0.22,0.19,49396.7,42.11
37,96187.7,0.24,0.4,39644.54,35.29
54,61045.22,0.24,0.31,24677.41,24.83
57,100106.77,0.18,0.27,49105.04,41.91
28,107025.63,0.25,0.38,39305.17,35.06
43,44776.38,0.2,0.49,19088.44,20.92
36,63308.54,0.13,0.11,52907.81,44.57
37,61708.06,0.19,0.58,18975.51,20.84
54,53817.43,0.18,0.5,14400.3,17.65
28,60384.16,0.26,0.48,16252.07,18.94
51,62051.99,0.3,0.48,14710.49,17.86
23,34909.81,0.15,0.29,13227.26,16.83
53,59941.06,0.24,0.48,15974.61,18.75
52,86365.44,0.07,0.29,54460.31,45.65
51,64355.2,0.24,0.55,14159.44,17.48
39,72750.62,0.14,0.19,54017.82,45.34
35,54996.0,0.06,0.25,42620.75,37.37
40,69640.69,0.14,0.38,39062.99,34.89
55,45007.16,0.2,0.26,21097.87,22.33
33,50498.78,0.08,0.31,34208.03,31.49
53,58807.0,0.28,0.35,20651.04,22.02
46,48214.48,0.07,0.53,23396.64,23.94
25,37115.6,0.28,0.36,9812.44,14.44
50,67049.49,0.23,0.28,34730.44,31.86
29,55116.41,0.13,0.22,36242.59,32.92
28,67089.6,0.15,0.3,36737.88,33.26
27,42478.84,0.24,0.36,16163.72,18.88
32,57257.28,0.2,0.47,21648.84,22.71
31,46544.15,0.22,0.16,31108.44,29.33
43,75668.24,0.15,0.21,53897.07,45.26
20,64086.03,0.17,0.29,24373.05,24.62
53,68766.65,0.3,0.28,28015.91,27.16
25,69133.92,0.1,0.3,38277.92,34.34
39,61916.71,0.15,0.5,26958.35,26.43
36,74977.02,0.12,0.26,50999.01,43.23
21,42072.55,0.24,0.35,8581.55,13.58
57,44958.76,0.24,0.41,9841.72,14.46
59,59374.59,0.12,0.22,30548.55,28.94
29,40977.47,0.07,0.46,20239.62,21.73
57,125693.67,0.05,0.37,66285.87,53.92
42,57700.69,0.16,0.32,35478.99,32.38
37,72069.15,0.15,0.5,29843.42,28.44
22,42484.8,0.3,0.22,13146.91,16.77
44,48565.73,0.17,0.54,19105.88,20.94
56,39304.34,0.11,0.38,15374.47,18.33
50,75820.24,0.27,0.4,26057.92,25.8
57,93335.53,0.17,0.54,21063.86,22.3
54,50233.0,0.2,0.51,12542.03,16.35
58,39012.01,0.07,0.4,13147.6,16.77
55,54358.72,0.15,0.48,17265.26,19.65
51,49891.38,0.29,0.32,20420.15,21.85
54,51153.26,0.2,0.37,19621.85,21.3
21,51879.64,0.14,0.13,29349.57,28.1
27,49699.21,0.21,0.14,31150.67,29.36
26,38605.03,0.28,0.51,5825.75,11.65
51,71948.23,0.12,0.13,54748.54,45.85
24,58207.7,0.18,0.18,32752.71,30.48
59,50554.96,0.29,0.5,2050.16,9.01
57,59506.16,0.09,0.1,42130.45,37.03
22,51829.74,0.23,0.24,20142.64,21.66
31,62643.81,0.2,0.39,27547.28,26.84
20,39658.57,0.22,0.4,5060.68,11.12
23,76624.22,0.14,0.49,22676.88,23.43
45,73196.34,0.13,0.35,42665.88,37.41
50,55616.93,0.22,0.35,25052.64,25.09
39,55272.85,0.1,0.46,29445.8,28.16
26,41561.62,0.15,0.35,18395.6,20.44
56,69629.11,0.1,0.4,30134.44,28.65
26,40820.44,0.05,0.55,14152.77,17.47
21,34994.69,0.29,0.3,5624.29,11.51
21,62361.95,0.16,0.29,25628.01,25.5
40,64927.02,0.29,0.1,44698.7,38.83
24,71296.98,0.09,0.41,31516.16,29.61
20,54128.67,0.2,0.11,26869.27,26.36
41,48475.62,0.1,0.35,31968.49,29.93
20,37493.61,0.25,0.5,-597.31,7.16
56,77905.43,0.25,0.37,24952.28,25.02
35,44898.48,0.08,0.23,35603.7,32.47
53,67538.96,0.28,0.49,14299.23,17.57
52,60319.82,0.1,0.23,40047.87,35.58
41,44183.06,0.2,0.47,20111.04,21.64
48,64337.11,0.3,0.41,22138.97,23.06
26,38524.23,0.27,0.18,18782.05,20.71
40,48210.87,0.29,0.55,12914.92,16.61
54,59842.99,0.14,0.2,37412.84,33.73
23,25317.13,0.08,0.59,2248.54,9.15
31,46517.5,0.1,0.1,39569.84,35.24
47,142107.74,0.18,0.23,87686.83,68.88
49,74003.79,0.25,0.2,43305.24,37.85
34,47205.18,0.09,0.11,42137.35,37.04
48,93787.55,0.21,0.47,32994.09,30.64
34,46138.72,0.13,0.45,23483.57,24.0
30,46781.61,0.14,0.5,18661.67,20.62
35,45522.66,0.22,0.23,29781.65,28.4
34,62388.43,0.17,0.32,36085.85,32.81
30,84483.85,0.25,0.43,28628.27,27.59
26,36952.17,0.09,0.32,19686.85,21.34
38,41113.82,0.25,0.45,17665.15,19.93
21,63230.07,0.07,0.42,23865.51,24.26
34,94358.83,0.1,0.16,74112.23,59.39
48,42999.22,0.21,0.49,15659.92,18.53
41,70137.29,0.26,0.46,24768.29,24.89
46,66435.32,0.11,0.43,34544.14,31.73
58,46334.15,0.13,0.18,24621.85,24.79
23,28925.48,0.18,0.23,10811.51,15.14
38,80687.36,0.1,0.3,53796.13,45.19
58,59241.99,0.25,0.24,22858.13,23.56
19,41266.31,0.24,0.21,10402.31,14.85
48,54209.49,0.09,0.5,25308.54,25.27
39,51239.54,0.17,0.42,26822.8,26.33
38,39145.94,0.24,0.38,19674.15,21.33
24,42701.4,0.13,0.21,23483.08,24.0
40,94265.85,0.21,0.56,27506.37,26.81
36,48638.1,0.06,0.2,41055.98,36.28
26,32648.99,0.2,0.5,7465.78,12.8
57,64802.74,0.09,0.58,15507.95,18.42
50,73024.1,0.26,0.46,22024.28,22.98
51,53591.66,0.14,0.6,14838.69,17.95
34,53253.53,0.12,0.43,28347.78,27.4
30,58573.02,0.26,0.21,32644.82,30.4
56,55877.29,0.06,0.2,36449.85,33.06
52,80899.65,0.15,0.26,47417.65,40.73
32,129730.42,0.14,0.1,100800.07,78.05
54,42008.21,0.12,0.44,16143.29,18.86
51,87571.55,0.28,0.23,43346.76,37.88
41,63836.51,0.24,0.51,21753.34,22.79
20,69881.91,0.07,0.28,35561.97,32.44
59,68772.45,0.23,0.34,20977.58,22.24
39,62368.42,0.18,0.58,19931.65,21.51
20,53264.0,0.28,0.22,16520.54,19.13
45,57271.74,0.13,0.46,27950.19,27.12
27,40580.54,0.19,0.48,12398.29,16.25
19,52485.14,0.18,0.21,20406.26,21.84
29,42445.46,0.17,0.35,20948.3,22.22
21,52553.59,0.16,0.28,20703.9,22.05
41,62649.41,0.1,0.49,31285.18,29.45
44,41554.78,0.24,0.41,19486.14,21.2
22,34987.6,0.16,0.34,9995.06,14.57
36,65314.55,0.29,0.49,19300.66,21.07
24,40361.88,0.12,0.22,22292.87,23.16
53,38171.18,0.22,0.48,10442.17,14.88
40,90640.81,0.29,0.53,22092.49,23.02
33,60029.25,0.22,0.54,18174.59,20.28
40,69480.33,0.27,0.49,22022.8,22.97
55,52490.31,0.26,0.3,19655.1,21.32
30,63603.58,0.14,0.59,18824.38,20.74
56,104462.48,0.2,0.29,48817.3,41.71
36,50230.13,0.09,0.42,29507.74,28.21
53,100425.62,0.18,0.18,62596.07,51.34
48,69229.74,0.11,0.59,23823.72,24.23
42,51581.02,0.24,0.45,21271.92,22.45
48,124734.33,0.18,0.48,45637.26,39.48
32,63018.92,0.15,0.13,48102.49,41.21
24,58414.66,0.12,0.48,18806.35,20.73
21,37008.7,0.3,0.49,-883.5,6.96
34,48066.7,0.07,0.44,27838.74,27.04
25,50273.61,0.06,0.25,31435.3,29.56
32,93467.34,0.1,0.34,54369.07,45.59
27,46049.12,0.29,0.16,24244.76,24.53
33,56898.38,0.29,0.34,24673.87,24.83
39,94403.56,0.21,0.22,58807.78,48.69
53,56054.0,0.27,0.27,24271.33,24.55
20,47977.45,0.1,0.18,24093.92,24.42
45,79738.46,0.29,0.22,43810.83,38.21
20,36141.02,0.09,0.14,17695.14,19.95
53,65508.36,0.08,0.56,22755.92,23.49
36,71765.95,0.08,0.37,44959.56,39.01
32,50763.45,0.19,0.3,28747.75,27.68
38,76428.1,0.25,0.37,34684.6,31.83
36,52332.89,0.14,0.41,27802.32,27.02
28,42974.2,0.29,0.56,6077.26,11.83
43,46183.81,0.16,0.19,35260.89,32.23
20,32173.18,0.09,0.25,11166.98,15.39
43,52316.02,0.17,0.59,18042.27,20.19
51,55818.73,0.22,0.29,28163.6,27.27
54,70726.32,0.26,0.11,42289.72,37.14
49,44370.86,0.16,0.17,31704.81,29.74
32,37034.79,0.2,0.11,28555.81,27.54
19,27467.9,0.12,0.59,-3964.66,4.81
34,66169.49,0.21,0.24,40233.34,35.71
21,45674.33,0.3,0.56,-2190.45,6.05
53,50558.86,0.06,0.6,16029.3,18.78
59,79797.75,0.27,0.4,17377.39,19.73
24,37381.33,0.19,0.12,21084.08,22.32
43,70639.89,0.11,0.14,57912.61,48.07
31,50222.37,0.29,0.34,20835.77,22.14
52,50067.34,0.17,0.3,26188.07,25.89
26,41020.73,0.13,0.4,16833.19,19.35
39,75067.24,0.1,0.32,49240.39,42.0
52,67010.59,0.11,0.57,21443.87,22.57
22,61850.25,0.26,0.37,15804.4,18.63
43,68720.13,0.2,0.45,28974.63,27.83
33,40271.83,0.28,0.55,10351.58,14.82
22,100520.85,0.11,0.17,64980.81,53.01
30,60583.38,0.08,0.21,44449.71,38.65
50,70868.34,0.05,0.15,57888.75,48.05
50,56541.51,0.18,0.17,38704.1,34.64
46,85676.79,0.3,0.36,33730.43,31.16
31,42364.19,0.22,0.26,24211.18,24.5
49,73151.48,0.13,0.31,43553.29,38.03
32,36448.16,0.27,0.59,8233.04,13.33
38,73328.67,0.25,0.18,47725.29,40.94
36,46856.12,0.05,0.37,31609.65,29.68
47,67203.06,0.25,0.15,43609.5,38.07
24,75930.98,0.13,0.26,42084.57,37.0
50,77501.48,0.09,0.36,44231.13,38.5
47,88634.91,0.11,0.57,31896.7,29.88
20,62167.66,0.17,0.3,23371.07,23.92
41,55070.72,0.16,0.13,44634.17,38.78
37,71087.71,0.12,0.29,46624.38,40.17
49,44375.78,0.09,0.17,34833.03,31.93
23,35433.29,0.24,0.21,13395.18,16.94
37,91340.58,0.3,0.41,31968.09,29.93
52,55525.02,0.24,0.13,34346.23,31.59
28,33102.66,0.12,0.33,17767.08,20.0
43,116120.57,0.11,0.4,61295.48,50.43
20,49023.9,0.1,0.31,18642.34,20.61
29,67388.55,0.08,0.11,55303.32,46.24
49,50238.16,0.19,0.59,13269.47,16.85
33,62007.37,0.2,0.28,35602.79,32.47
27,54699.44,0.23,0.49,14297.26,17.57
41,51798.77,0.22,0.26,32195.68,30.09
37,57841.04,0.12,0.34,36203.46,32.89
27,34213.93,0.13,0.29,18577.07,20.57
53,55446.45,0.22,0.27,27088.03,26.52
39,80730.79,0.14,0.11,66215.93,53.87
27,40869.55,0.1,0.28,24159.9,24.47
46,111867.58,0.14,0.54,38834.04,34.73
25,31801.24,0.12,0.45,10493.23,14.91
34,54425.1,0.07,0.17,45228.34,39.2
34,49565.12,0.26,0.4,21224.58,22.42
51,58759.03,0.26,0.55,11938.92,15.92
22,73017.02,0.1,0.45,25149.66,25.16
22,30703.66,0.07,0.17,16227.65,18.92
57,51086.97,0.23,0.53,6058.73,11.81
58,68280.3,0.1,0.25,37030.87,33.47
35,60448.22,0.15,0.33,36295.39,32.95
55,61798.84,0.07,0.36,31791.31,29.8
57,45517.26,0.11,0.53,10826.74,15.15
47,61545.6,0.25,0.57,14922.88,18.01
54,83132.94,0.25,0.56,13053.86,16.7
56,41157.3,0.1,0.1,28239.36,27.32
57,48242.24,0.13,0.56,8666.65,13.64
55,40607.39,0.08,0.13,28621.16,27.59
53,69832.84,0.07,0.23,47579.38,40.84
25,73615.57,0.3,0.36,21842.11,22.85
45,60081.83,0.21,0.34,31334.38,29.48
46,50573.47,0.19,0.4,24873.86,24.97
40,49935.98,0.24,0.34,26539.57,26.13
32,52106.76,0.26,0.57,11942.35,15.93
25,43276.85,0.25,0.22,19549.22,21.25
55,76768.34,0.05,0.24,51073.19,43.28
40,53076.07,0.1,0.56,23391.4,23.93
23,51869.56,0.21,0.14,27560.04,26.85
20,34664.71,0.14,0.4,5451.29,11.39
45,53205.59,0.3,0.44,18565.81,20.56
39,56722.95,0.22,0.35,29880.97,28.47
56,63825.28,0.29,0.45,12416.5,16.26
33,75171.49,0.1,0.19,57239.51,47.6
39,57766.71,0.27,0.53,17634.81,19.91
28,37868.51,0.13,0.17,26025.98,25.77
41,82143.32,0.3,0.3,38694.9,34.63
57,46165.8,0.09,0.14,29736.72,28.37
23,48675.46,0.18,0.37,15950.42,18.73
19,36708.49,0.25,0.43,-74.22,7.53
31,52983.86,0.16,0.57,16420.29,19.06
39,54756.74,0.17,0.47,25311.86,25.27
44,73937.68,0.3,0.37,29590.74,28.27
39,35752.28,0.16,0.57,15290.91,18.27
36,83265.74,0.2,0.34,43251.02,37.82
55,47697.65,0.06,0.38,23231.66,23.82
50,68798.59,0.26,0.4,25064.36,25.1
54,65683.91,0.21,0.3,29577.18,28.26
35,86441.68,0.15,0.52,33164.79,30.76
53,63548.62,0.05,0.19,46791.49,40.29
29,42599.69,0.2,0.38,18932.67,20.81
39,44420.65,0.05,0.46,26918.74,26.4
44,57813.71,0.05,0.55,27921.8,27.1
22,23447.75,0.2,0.54,-1235.43,6.71
52,52613.61,0.1,0.35,28813.36,27.72
36,55510.08,0.1,0.42,31389.53,29.52
58,47372.58,0.21,0.3,16070.44,18.81
53,60998.02,0.06,0.33,35488.59,32.39
59,51902.08,0.13,0.55,8107.58,13.25
47,57974.26,0.09,0.57,23588.68,24.07
47,40996.35,0.2,0.55,13967.67,17.34
56,43505.05,0.22,0.17,22160.15,23.07
39,73082.72,0.23,0.53,23455.79,23.98
31,70575.55,0.11,0.57,24366.23,24.61
59,36815.34,0.07,0.28,15318.45,18.29
35,48675.51,0.07,0.36,32262.93,30.13
27,72305.06,0.16,0.49,24374.6,24.62
59,46041.87,0.29,0.38,6515.85,12.13
19,35418.72,0.1,0.6,-1329.27,6.65
20,71556.65,0.11,0.33,29519.71,28.22
47,57535.01,0.08,0.46,30398.8,28.83
51,54543.52,0.2,0.5,17074.62,19.52
28,49471.14,0.22,0.35,21332.84,22.49
58,103358.0,0.21,0.53,19880.57,21.48
39,69109.63,0.27,0.37,30467.96,28.88
46,63037.61,0.17,0.31,36933.09,33.4
29,45948.43,0.08,0.15,35854.51,32.64
52,70440.03,0.12,0.3,40743.33,36.06
26,61094.28,0.22,0.47,17296.67,19.67
40,49041.72,0.2,0.56,16952.0,19.43
26,61674.86,0.18,0.23,34152.06,31.45
33,55065.86,0.22,0.28,31271.85,29.44
35,59364.04,0.21,0.18,40932.58,36.19
41,51167.42,0.27,0.45,20107.04,21.64
42,56856.13,0.2,0.58,17929.33,20.11
37,47951.19,0.24,0.42,21243.65,22.43
23,31551.76,0.11,0.41,9313.63,14.09
50,68220.23,0.22,0.38,28913.03,27.79
19,32078.31,0.28,0.14,6762.04,12.31
41,47455.95,0.15,0.46,23658.19,24.12
55,119645.41,0.24,0.4,39196.63,34.98
26,35814.21,0.23,0.43,9731.47,14.38
31,77702.45,0.06,0.55,32251.5,30.13
26,32983.32,0.2,0.49,8093.48,13.24
41,70068.51,0.08,0.49,35251.99,32.22
19,33462.22,0.29,0.56,-6790.33,2.83
42,54127.42,0.25,0.59,13484.74,17.01
53,63531.51,0.08,0.39,32605.38,30.37
42,63412.1,0.08,0.15,53765.8,45.17
35,48698.6,0.2,0.33,27398.03,26.73
23,33645.22,0.14,0.49,6560.65,12.16
38,44141.1,0.06,0.11,41937.79,36.9
39,66495.77,0.19,0.13,51093.56,43.3
58,42013.82,0.15,0.13,22885.97,23.58
49,62233.56,0.08,0.47,30881.03,29.17
54,70320.25,0.25,0.35,25671.36,25.53
29,56427.15,0.28,0.28,25519.07,25.42
33,47963.47,0.24,0.15,32664.55,30.41
37,78063.25,0.26,0.47,26802.72,26.32
25,41895.36,0.1,0.26,23027.35,23.68
46,47750.85,0.12,0.23,35118.75,32.13
23,40312.46,0.1,0.43,13343.38,16.91
23,54886.47,0.24,0.38,15013.67,18.07
48,53623.21,0.29,0.28,26260.09,25.94
50,78808.18,0.23,0.42,29156.9,27.96
26,39215.94,0.27,0.24,16841.22,19.35
28,43427.91,0.21,0.5,12555.3,16.36
56,45638.83,0.15,0.21,24584.31,24.77
50,74381.49,0.16,0.18,51063.59,43.28
46,61933.36,0.07,0.49,31315.68,29.47
35,47052.36,0.06,0.45,27382.84,26.72
49,56637.68,0.22,0.19,35413.8,32.34
26,24895.38,0.16,0.16,14726.38,17.87
58,71000.6,0.19,0.52,13597.76,17.08
43,60108.28,0.19,0.49,24494.41,24.7
27,28916.96,0.12,0.26,16567.33,19.16
20,23096.12,0.17,0.43,-887.21,6.96
33,51454.35,0.17,0.16,37958.99,34.12
21,26056.31,0.15,0.35,4268.88,10.56
54,74695.82,0.26,0.11,45193.06,39.17
22,49844.68,0.16,0.3,19764.51,21.4
32,62422.44,0.2,0.14,44110.03,38.42
59,32909.66,0.27,0.34,4085.85,10.43
59,48215.76,0.27,0.31,11800.74,15.83
43,53559.71,0.27,0.32,26848.01,26.35
28,40113.37,0.12,0.12,30225.85,28.71
39,55639.15,0.06,0.28,42151.33,37.05
54,46441.93,0.12,0.48,16695.81,19.25
30,57727.99,0.12,0.28,36021.72,32.76
45,77164.83,0.28,0.46,25139.84,25.15
58,68836.64,0.21,0.28,27176.03,26.58
20,36974.78,0.07,0.31,12642.12,16.42
31,108216.29,0.08,0.38,60135.72,49.62
50,85489.4,0.09,0.58,30250.54,28.73
49,60647.52,0.21,0.15,41036.94,36.27
34,51583.1,0.23,0.12,37557.97,33.84
50,91157.95,0.26,0.4,31619.83,29.68
50,82001.32,0.29,0.57,13086.12,16.73
52,45335.23,0.1,0.59,13718.58,17.17
29,75255.37,0.13,0.34,40646.12,35.99
28,49509.08,0.11,0.33,27474.62,26.79
33,46535.38,0.14,0.42,23907.41,24.29
35,39631.2,0.28,0.38,18174.21,20.28
58,52482.91,0.19,0.42,12985.11,16.66
36,59514.21,0.23,0.54,18724.07,20.67
27,87775.84,0.17,0.47,29916.76,28.49
43,81532.43,0.06,0.35,53533.98,45.0
58,48571.61,0.07,0.33,22007.44,22.96
32,62975.91,0.18,0.42,27778.56,27.0
43,78381.74,0.23,0.33,39673.77,35.31
40,63182.69,0.1,0.33,41334.92,36.48
48,54603.48,0.23,0.11,39098.47,34.91
38,53723.24,0.25,0.19,35458.67,32.37
39,67958.36,0.15,0.34,39611.81,35.27
50,68893.57,0.24,0.51,18912.27,20.8
39,57216.03,0.15,0.24,40184.73,35.67
53,37864.65,0.22,0.36,14653.83,17.82
50,47187.35,0.24,0.27,24533.27,24.73
48,73623.98,0.3,0.15,43371.98,37.9
57,37123.11,0.14,0.58,4722.41,10.88
30,79105.28,0.15,0.53,26846.12,26.35
59,76235.81,0.09,0.14,49929.85,42.48
36,60341.28,0.1,0.46,31378.83,29.52
39,72143.58,0.22,0.27,41784.98,36.79
31,64651.25,0.28,0.6,10360.68,14.82
39,59664.12,0.15,0.25,41493.9,36.59
26,33757.93,0.09,0.22,21032.52,22.28
58,75511.59,0.12,0.38,29933.69,28.51
25,79022.59,0.16,0.52,21694.32,22.74
41,48204.89,0.12,0.2,38246.88,34.32
50,46241.08,0.11,0.45,21667.69,22.73
29,51014.92,0.23,0.13,33187.39,30.78
40,53551.19,0.05,0.56,26355.91,26.0
40,64145.07,0.18,0.14,48705.62,41.63
43,88171.38,0.25,0.56,22421.06,23.25
40,41053.66,0.12,0.35,27750.85,26.98
46,99845.79,0.2,0.32,51294.98,43.44
47,56962.0,0.22,0.59,14561.42,17.76
31,64311.79,0.21,0.6,14721.88,17.87
36,70867.36,0.16,0.43,34263.2,31.53
20,52711.66,0.14,0.16,26709.5,26.25
47,63596.54,0.26,0.35,28233.98,27.32
39,66316.75,0.24,0.36,31684.8,29.73
33,62095.61,0.13,0.36,35447.51,32.36
45,54455.69,0.08,0.38,33904.96,31.28
49,44162.16,0.07,0.11,38791.83,34.7
33,43251.24,0.07,0.46,23843.1,24.25
41,60608.33,0.2,0.46,26547.58,26.14
42,52422.02,0.06,0.16,46292.52,39.94
31,45338.96,0.13,0.39,24115.16,24.44
40,106752.36,0.24,0.38,45869.73,39.65
55,75499.24,0.12,0.44,29577.32,28.26
51,57765.32,0.24,0.14,36290.56,32.95
21,53188.03,0.24,0.41,9808.7,14.44
37,54511.35,0.11,0.24,40376.76,35.81
41,63925.31,0.23,0.35,31802.3,29.81
47,70237.9,0.24,0.49,22752.03,23.48
48,56634.92,0.15,0.45,25632.84,25.5
57,48373.66,0.1,0.16,29596.47,28.27
43,88622.14,0.18,0.4,42941.15,37.6
55,70048.58,0.28,0.58,6041.63,11.8
26,28239.04,0.21,0.18,15022.81,18.08
34,49435.68,0.09,0.53,22691.9,23.44
26,39101.57,0.22,0.45,10654.98,15.03
19,28866.79,0.16,0.49,-1599.17,6.46
23,60988.09,0.2,0.24,28355.87,27.4
21,41186.24,0.23,0.24,12722.06,16.47
19,21664.66,0.18,0.55,-5980.83,3.4
22,37305.41,0.25,0.28,10057.12,14.61
58,65938.26,0.23,0.13,34824.72,31.92
53,57144.99,0.2,0.4,21524.63,22.63
50,53344.4,0.09,0.16,41733.09,36.75
52,66464.91,0.26,0.5,16055.18,18.8
43,100996.87,0.28,0.42,34954.07,32.02
28,59788.29,0.08,0.54,22449.13,23.27
39,89635.29,0.17,0.49,35560.68,32.44
57,49582.5,0.11,0.16,30374.37,28.81
45,62651.89,0.24,0.29,33914.29,31.29
45,62343.86,0.23,0.49,22213.81,23.11
20,40909.55,0.09,0.31,14444.95,17.68
59,62919.5,0.27,0.59,445.5,7.89
31,43986.16,0.1,0.47,21585.26,22.67
27,62236.47,0.25,0.11,38777.03,34.69
54,42551.65,0.16,0.54,10182.16,14.7
40,46826.11,0.13,0.15,39055.23,34.88
44,121532.99,0.09,0.17,94499.32,73.64
30,47295.9,0.09,0.47,22385.34,23.23
35,72535.39,0.22,0.53,22637.23,23.4
32,97552.12,0.19,0.37,46679.64,40.21
32,35242.08,0.08,0.24,26885.5,26.37
52,84204.74,0.08,0.28,54245.52,45.5
38,72722.35,0.07,0.27,53521.98,45.0
29,92191.59,0.24,0.26,46977.42,40.42
34,44443.59,0.23,0.22,28402.4,27.43
49,95002.05,0.06,0.4,52670.44,44.4
24,36501.82,0.19,0.55,5027.32,11.09
37,81736.16,0.07,0.25,60214.35,49.67
55,58430.12,0.28,0.19,27699.2,26.94
22,57155.17,0.28,0.52,4486.46,10.71
22,43437.11,0.22,0.47,5947.23,11.74
38,42398.35,0.28,0.57,11837.28,15.85
28,27470.02,0.25,0.18,15429.73,18.37
42,65846.38,0.26,0.17,43005.83,37.64
53,56543.35,0.19,0.37,23598.81,24.08
44,69527.34,0.13,0.41,37275.66,33.64
55,55331.9,0.1,0.34,27447.27,26.77
56,111858.63,0.13,0.4,47610.59,40.86
39,65174.72,0.21,0.19,44905.52,38.97
58,50190.01,0.09,0.34,21193.02,22.39
57,62966.18,0.11,0.43,22768.64,23.5
39,55470.82,0.17,0.32,34178.46,31.47
28,53261.45,0.11,0.44,23969.95,24.34
56,44139.65,0.2,0.33,16371.36,19.02
22,42543.44,0.28,0.27,12004.76,15.97
38,54373.04,0.24,0.25,33129.22,30.74
35,45750.55,0.22,0.31,26367.75,26.01
25,99485.46,0.2,0.11,65757.84,53.55
22,29792.02,0.17,0.43,4477.94,10.71
47,62735.79,0.1,0.52,27436.0,26.76
32,46175.51,0.27,0.28,23623.25,24.09
21,45820.06,0.11,0.12,26241.54,25.92
42,47926.31,0.07,0.59,21374.73,22.52
55,75062.7,0.24,0.23,36417.36,33.04
34,112625.68,0.09,0.16,87706.69,68.9
22,32118.3,0.14,0.28,11149.99,15.37
42,88234.74,0.06,0.47,47130.65,40.53
52,55565.15,0.08,0.25,37003.23,33.45
48,97026.94,0.09,0.39,53378.14,44.9
36,120892.47,0.06,0.31,80928.89,64.16
37,56951.68,0.21,0.16,41157.02,36.35
49,45776.44,0.26,0.27,24222.33,24.51
37,79025.24,0.14,0.46,36245.13,32.92
37,64004.97,0.27,0.41,26104.15,25.83
40,70612.63,0.1,0.16,57386.97,47.7
42,57625.79,0.13,0.18,44851.06,38.93
30,43222.2,0.09,0.42,22904.29,23.59
48,86655.04,0.21,0.51,28022.66,27.17
56,63521.4,0.15,0.27,31721.31,29.75
49,46339.49,0.2,0.4,20723.05,22.07
54,72321.83,0.24,0.19,39243.56,35.01
37,68822.45,0.19,0.26,43544.85,38.02
54,55079.05,0.21,0.11,35368.45,32.3
48,100862.91,0.28,0.48,26483.45,26.09
51,53223.95,0.12,0.3,31286.79,29.45
36,57206.73,0.14,0.51,24967.13,25.03
46,77174.22,0.23,0.45,28294.38,27.36
29,54255.9,0.2,0.51,16179.41,18.89
51,46028.41,0.09,0.24,31264.95,29.44
35,61944.11,0.14,0.19,45324.93,39.27
24,40256.66,0.17,0.59,5423.49,11.37
22,59149.88,0.15,0.46,15562.35,18.46
38,63336.88,0.09,0.52,30024.4,28.57
45,64270.56,0.28,0.11,43846.89,38.23
33,44744.88,0.24,0.28,25040.4,25.08
24,42673.98,0.17,0.47,10918.72,15.21
32,75582.27,0.22,0.14,51608.05,43.66
29,43141.58,0.27,0.38,15463.26,18.39
57,56810.4,0.08,0.31,28337.4,27.39
27,38952.19,0.11,0.11,29116.6,27.93
44,48984.51,0.19,0.22,33865.31,31.25
34,56902.35,0.25,0.24,33128.57,30.74
23,47181.56,0.06,0.16,31067.86,29.3
28,104457.09,0.3,0.42,30086.65,28.61
21,34617.06,0.16,0.22,12670.81,16.44
31,54568.35,0.14,0.24,36245.6,32.92
48,48125.47,0.12,0.55,18737.47,20.68
24,57049.43,0.09,0.33,28188.07,27.28
35,65762.4,0.25,0.3,34383.78,31.62
37,94370.35,0.29,0.46,28812.28,27.72
53,83240.64,0.15,0.55,23148.89,23.76
44,68657.88,0.29,0.11,46190.15,39.87
23,37935.08,0.26,0.32,10041.21,14.6
47,65946.79,0.17,0.41,31562.81,29.64
55,57316.98,0.22,0.26,26605.22,26.18
38,79726.93,0.16,0.49,33706.77,31.14
39,77165.14,0.19,0.59,22995.64,23.65
28,47554.59,0.06,0.57,17073.06,19.51
23,28415.5,0.22,0.23,9538.41,14.25
54,88890.31,0.06,0.21,62103.0,51.0
24,56419.18,0.25,0.58,4566.39,10.77
44,58195.64,0.26,0.33,28911.35,27.79
22,52279.13,0.11,0.2,28584.85,27.56
57,58482.13,0.13,0.45,18746.68,20.68
57,86054.61,0.17,0.24,44710.62,38.84
53,41285.84,0.2,0.23,22320.58,23.18
19,31541.51,0.12,0.54,-1348.41,6.64
42,100148.16,0.2,0.18,67478.91,54.75
54,69718.36,0.12,0.13,49720.03,42.34
24,89939.93,0.06,0.23,58821.09,48.7
59,41253.01,0.05,0.4,13732.79,17.18
49,84016.92,0.08,0.16,66204.51,53.86
38,81207.66,0.25,0.34,39031.31,34.87
42,44925.6,0.29,0.41,18534.83,20.54
43,58398.35,0.16,0.52,23665.23,24.12
54,58104.49,0.18,0.21,33154.26,30.76
39,44318.86,0.09,0.51,23421.74,23.95
48,58487.4,0.19,0.22,37623.94,33.88
42,79297.01,0.09,0.44,43202.54,37.78
48,56970.59,0.2,0.32,30650.68,29.01
40,65793.74,0.28,0.16,42084.64,37.0
46,66831.88,0.1,0.46,33883.42,31.27
25,47391.67,0.24,0.21,22685.89,23.44
53,51197.33,0.06,0.19,37426.14,33.74
46,74757.39,0.14,0.28,47030.23,40.46
32,39488.75,0.08,0.43,22490.65,23.3
28,51929.25,0.14,0.22,33252.13,30.83
34,88953.19,0.09,0.19,67672.62,54.89
34,52009.04,0.14,0.1,43425.07,37.94
49,52783.31,0.15,0.34,29151.19,27.96
43,76095.25,0.13,0.31,47618.86,40.87
31,57953.49,0.21,0.22,35234.06,32.21
24,59930.06,0.28,0.13,31114.36,29.33
27,51065.08,0.15,0.31,26145.09,25.86
54,38235.7,0.1,0.49,13453.22,16.98
38,85675.63,0.12,0.46,41735.57,36.76
36,115601.75,0.26,0.53,28691.95,27.64
39,89138.67,0.19,0.1,68240.99,55.29
22,17127.61,0.16,0.58,-3032.51,5.46
51,69203.79,0.09,0.27,45026.69,39.06
45,56370.38,0.16,0.6,18058.37,20.2
25,34690.21,0.12,0.23,19373.11,21.12
24,47968.9,0.29,0.34,13582.98,17.07
33,55097.36,0.27,0.28,28551.66,27.54
36,68620.42,0.07,0.28,49531.47,42.21
50,62713.92,0.18,0.52,20327.95,21.79
29,39838.57,0.11,0.47,17523.37,19.83
38,53204.72,0.15,0.6,18900.8,20.79
42,52935.8,0.27,0.41,22343.95,23.2
33,39565.98,0.18,0.33,22699.57,23.45
25,32293.11,0.13,0.15,19943.42,21.52
39,58327.73,0.1,0.6,23176.01,23.78
44,94703.25,0.25,0.38,40163.77,35.66
32,49122.65,0.21,0.45,19850.59,21.46
55,49270.96,0.17,0.3,22631.16,23.4
39,47676.1,0.1,0.37,30372.33,28.81
36,60175.74,0.13,0.57,22371.95,23.22
23,69124.96,0.29,0.18,30418.49,28.84
21,93918.29,0.18,0.25,45337.96,39.27
41,66895.95,0.15,0.18,50523.84,42.9
44,64975.27,0.18,0.5,25791.25,25.61
55,51651.97,0.24,0.13,28879.16,27.77
42,57153.06,0.14,0.14,46710.79,40.23
37,71733.26,0.09,0.25,52263.82,44.12
43,58142.26,0.2,0.36,30855.44,29.15
39,59012.02,0.22,0.3,33683.05,31.13
30,53841.26,0.23,0.12,36406.93,33.03
59,47454.27,0.27,0.58,-1475.32,6.55
51,60279.01,0.14,0.58,17654.6,19.92
22,23098.93,0.07,0.24,8895.13,13.8
25,57302.49,0.29,0.47,10760.49,15.1
40,130845.31,0.16,0.39,64583.11,52.73
51,53983.98,0.21,0.22,31789.71,29.8
35,65309.36,0.22,0.23,40733.08,36.06
42,78784.94,0.19,0.35,42357.78,37.19
52,88532.75,0.1,0.31,51966.72,43.91
46,58929.79,0.24,0.25,34338.48,31.58
59,37035.01,0.25,0.5,127.89,7.67
57,61710.02,0.19,0.34,22940.57,23.62
40,63875.97,0.17,0.43,31122.73,29.34
35,54091.75,0.08,0.19,43877.36,38.25
52,58929.38,0.07,0.37,32878.95,30.56
24,48313.68,0.13,0.26,24863.27,24.96
24,52125.93,0.13,0.36,21934.69,22.91
52,66258.17,0.29,0.49,14410.38,17.65
19,33912.52,0.25,0.48,-2565.51,5.78
28,58320.61,0.21,0.28,29572.64,28.25
39,57321.63,0.18,0.45,26849.08,26.35
23,56042.75,0.09,0.57,13103.04,16.74
20,30734.03,0.29,0.41,-1169.7,6.76
40,62976.01,0.14,0.17,48700.72,41.63
20,21904.85,0.08,0.44,335.17,7.81
28,46596.5,0.17,0.15,31095.5,29.32
52,71022.19,0.27,0.54,13782.48,17.21
34,45751.84,0.27,0.36,21001.16,22.26
57,52752.81,0.05,0.29,28675.88,27.63
40,40286.08,0.27,0.13,29652.65,28.31
30,38971.83,0.12,0.29,24426.46,24.66
42,49352.5,0.06,0.55,24542.99,24.74
58,57964.74,0.26,0.11,29083.04,27.91
56,63768.31,0.27,0.34,20683.56,22.04
28,50945.56,0.2,0.57,11769.4,15.81
53,54985.99,0.19,0.3,26825.16,26.33
50,56512.65,0.25,0.31,26036.78,25.78
25,60835.88,0.25,0.39,18791.36,20.72
39,64869.93,0.27,0.33,31275.94,29.44
38,56182.32,0.19,0.18,40676.44,36.02
44,90740.41,0.29,0.11,59186.35,48.96
22,93524.29,0.3,0.4,20314.05,21.78
40,47553.11,0.08,0.56,22698.54,23.45
33,66502.09,0.26,0.15,42389.57,37.21
58,169925.6,0.17,0.21,98009.72,76.1
39,66043.71,0.15,0.29,42802.71,37.5
33,59137.47,0.2,0.5,20900.52,22.19
40,60983.89,0.06,0.23,48571.85,41.54
46,71295.68,0.18,0.54,24142.63,24.46
32,70479.4,0.27,0.13,45672.23,39.51
45,48511.31,0.1,0.57,20476.75,21.89
59,54926.15,0.16,0.38,16664.71,19.23
58,35462.16,0.28,0.43,2591.7,9.39
46,59682.21,0.16,0.28,37519.18,33.81
44,51556.26,0.14,0.49,23913.78,24.3
20,44718.51,0.16,0.18,19160.54,20.97
43,45285.05,0.18,0.12,36644.55,33.2
21,33929.69,0.21,0.3,8203.78,13.31
26,68196.29,0.25,0.53,12976.71,16.65
51,52575.98,0.16,0.48,19892.87,21.49
53,41432.51,0.25,0.36,14963.88,18.04
24,50252.03,0.18,0.39,17178.09,19.59
57,49479.89,0.13,0.16,28783.93,27.7
41,59438.98,0.21,0.52,21247.37,22.43
43,53212.12,0.23,0.49,19675.79,21.33
37,112200.03,0.19,0.43,47953.53,41.1
23,27720.09,0.06,0.33,10963.39,15.24
29,149249.16,0.09,0.58,49273.39,42.03
30,48764.98,0.12,0.54,17960.46,20.13
28,54755.07,0.12,0.42,24774.46,24.9
26,41367.78,0.22,0.29,18206.85,20.31
42,54267.52,0.05,0.41,34435.12,31.65
46,52746.61,0.24,0.39,23665.83,24.12
59,66131.8,0.12,0.3,30255.01,28.73
54,44116.22,0.13,0.25,25121.96,25.14
55,65129.21,0.18,0.3,29984.57,28.54
39,40946.82,0.1,0.39,26477.39,26.09
26,53573.77,0.27,0.31,19999.78,21.56
27,66755.8,0.07,0.23,45424.46,39.34
33,42794.44,0.16,0.48,18936.72,20.82
58,68801.14,0.26,0.37,18387.7,20.43
36,60503.42,0.2,0.13,44883.05,38.96
38,98606.42,0.12,0.28,63820.17,52.2
24,35304.88,0.16,0.54,6079.8,11.83
30,149320.37,0.23,0.48,45755.04,39.57
20,17548.96,0.29,0.26,-2450.14,5.87
25,42900.25,0.27,0.57,3369.23,9.93
34,40557.57,0.14,0.14,33345.53,30.89
21,87798.05,0.3,0.58,1815.57,8.85
21,37111.87,0.05,0.22,18275.31,20.35
45,60247.04,0.06,0.1,55246.73,46.2
58,63997.87,0.26,0.32,20143.04,21.66
56,58107.79,0.1,0.28,31400.75,29.53
51,53501.6,0.07,0.37,30851.44,29.15
46,48375.42,0.11,0.5,23083.57,23.72
19,39795.76,0.16,0.52,885.03,8.2
26,55482.73,0.23,0.3,23610.06,24.08
55,71784.68,0.21,0.31,30936.54,29.21
50,111172.69,0.11,0.17,81172.79,64.33
55,38570.0,0.18,0.12,23745.03,24.18
22,41650.08,0.28,0.42,4915.97,11.01
48,87525.28,0.25,0.13,56870.13,47.34
24,44160.91,0.13,0.47,13164.05,16.78
37,39118.56,0.3,0.37,18158.3,20.27
50,47183.18,0.23,0.2,28724.94,27.66
27,55965.22,0.07,0.37,30418.27,28.84
30,59073.68,0.06,0.19,45718.9,39.54
29,65360.31,0.09,0.32,39014.56,34.85
34,48225.7,0.23,0.5,17092.79,19.53
19,41361.87,0.1,0.33,11945.75,15.93
39,49807.26,0.18,0.17,37663.06,33.91
48,66713.01,0.07,0.46,34136.49,31.44
31,56161.63,0.28,0.19,31870.79,29.86
52,50550.97,0.14,0.47,19940.06,21.52
22,78999.42,0.28,0.34,22914.6,23.6
46,45071.8,0.29,0.33,21381.68,22.53
56,56076.4,0.05,0.53,19067.85,20.91
49,51581.21,0.17,0.45,21838.93,22.85
45,109037.36,0.06,0.12,94858.5,73.9
23,55126.7,0.28,0.25,20331.8,21.79
43,54090.89,0.18,0.54,20455.45,21.88
21,36869.6,0.07,0.11,21606.94,22.68
51,108718.58,0.08,0.37,60453.27,49.84
22,31066.48,0.15,0.46,4775.73,10.92
43,44577.42,0.29,0.41,18676.59,20.64
38,65741.49,0.22,0.48,24800.48,24.92
52,66146.88,0.27,0.46,17610.74,19.89
44,74912.23,0.14,0.45,35657.25,32.51
23,56697.29,0.06,0.51,18514.15,20.52
53,104197.11,0.29,0.42,28442.12,27.46
46,44990.01,0.05,0.3,33181.7,30.78
47,48709.73,0.29,0.34,21897.39,22.89
27,62554.14,0.14,0.46,23701.46,24.15
56,45103.37,0.05,0.54,13816.21,17.24
24,30089.87,0.22,0.24,11843.16,15.86
37,107833.76,0.3,0.27,51723.12,43.74
29,35954.96,0.29,0.57,6053.69,11.81
20,34066.22,0.09,0.39,7360.36,12.72
27,49565.81,0.1,0.19,34386.97,31.62
39,89877.63,0.19,0.43,39189.08,34.98
42,43739.42,0.21,0.6,13801.17,17.23
52,68028.68,0.23,0.51,16819.32,19.34
40,50765.21,0.1,0.47,27634.13,26.9
21,52241.35,0.29,0.2,17809.92,20.03
30,43002.63,0.21,0.54,12479.59,16.3
46,99542.09,0.26,0.36,41375.88,36.5
48,51269.08,0.19,0.54,16720.01,19.27
44,40938.65,0.15,0.26,28758.52,27.68
39,51374.65,0.29,0.13,34828.09,31.93
46,58970.59,0.2,0.34,31561.16,29.64
44,84855.03,0.27,0.23,46997.32,40.43
51,47030.71,0.29,0.46,12694.32,16.45
39,47193.76,0.22,0.58,14780.35,17.91
53,79335.26,0.19,0.45,27804.04,27.02
52,45605.38,0.05,0.54,18223.36,20.32
59,52694.96,0.06,0.33,23696.31,24.14
36,57353.36,0.1,0.49,28537.45,27.53
29,56590.28,0.1,0.52,22464.89,23.28
41,52543.55,0.11,0.46,28268.2,27.34
40,50407.25,0.13,0.35,31656.43,29.71
35,64593.46,0.14,0.41,33204.11,30.79
23,33265.22,0.16,0.45,7368.51,12.73
29,37856.75,0.07,0.23,26997.8,26.45
48,88542.05,0.06,0.5,41345.43,36.48
33,65819.84,0.22,0.58,16939.32,19.42
45,106510.02,0.18,0.33,56069.87,46.78
53,75127.62,0.16,0.45,28094.09,27.22
51,46951.05,0.21,0.47,16084.33,18.82
38,62438.35,0.26,0.43,24755.69,24.89
34,45918.87,0.16,0.37,25533.43,25.43
52,43606.92,0.21,0.54,10617.09,15.0
20,32856.29,0.29,0.32,2321.95,9.2
53,79859.61,0.26,0.13,47692.85,40.92
58,60895.31,0.16,0.52,12715.82,16.47
46,47308.82,0.21,0.44,20630.32,22.0
57,50708.13,0.09,0.52,13521.91,17.03
24,43896.7,0.19,0.17,23524.55,24.02
27,32904.83,0.3,0.12,18287.13,20.36
38,74112.65,0.18,0.57,24225.6,24.51
19,33760.34,0.28,0.17,6385.95,12.04
26,33629.05,0.15,0.5,9270.85,14.06
41,46312.46,0.3,0.51,14331.33,17.6
21,63488.33,0.19,0.45,13630.53,17.11
22,37335.97,0.06,0.17,21679.65,22.73
43,87676.6,0.2,0.43,37601.51,33.87
56,94976.31,0.12,0.54,27485.42,26.79
33,77858.93,0.06,0.31,52682.48,44.41
39,54202.46,0.26,0.31,29281.21,28.05
53,38384.46,0.12,0.32,20318.92,21.78
32,61574.59,0.25,0.14,40557.74,35.93
54,116540.96,0.12,0.55,36457.76,33.07
30,53688.94,0.1,0.53,21161.35,22.37
35,39570.63,0.29,0.6,8755.06,13.7
57,48487.33,0.14,0.39,16755.55,19.29
27,47763.43,0.2,0.48,14118.04,17.45
53,47337.49,0.2,0.2,27157.71,26.56
31,33080.52,0.19,0.43,14858.82,17.97
33,55837.1,0.28,0.42,20180.12,21.69
36,49705.67,0.22,0.55,16436.32,19.07
51,105335.43,0.15,0.52,35856.92,32.65
24,47615.55,0.27,0.57,3226.22,9.83
45,70930.41,0.1,0.53,30885.62,29.17
41,60392.11,0.19,0.53,22206.75,23.1
45,64258.07,0.29,0.13,41675.62,36.71
52,43602.27,0.21,0.52,11682.06,15.75
56,45692.87,0.25,0.4,11101.48,15.34
32,78635.95,0.21,0.29,42117.21,37.02
54,63102.21,0.26,0.13,36189.07,32.88
26,43496.71,0.29,0.44,9733.74,14.38
53,68822.5,0.12,0.26,41217.45,36.39
37,69211.04,0.09,0.33,44942.8,39.0
48,114974.93,0.17,0.44,47757.89,40.97
32,58973.54,0.23,0.56,15926.62,18.71
38,48225.92,0.11,0.51,23612.83,24.09
43,60897.4,0.05,0.33,43024.44,37.66
58,67289.35,0.14,0.29,31080.45,29.31
42,82306.51,0.29,0.22,45386.62,39.31
32,39295.13,0.22,0.29,22208.95,23.1
44,66907.61,0.15,0.16,51212.32,43.38
56,47048.92,0.1,0.59,10139.1,14.67
41,54574.27,0.14,0.39,31363.45,29.5
40,78041.82,0.09,0.16,63577.6,52.03
37,74276.13,0.08,0.28,53396.13,44.91
21,32032.91,0.28,0.37,2448.04,9.29
37,58010.97,0.3,0.37,24291.25,24.56
27,43225.58,0.09,0.12,33142.36,30.75
46,162690.95,0.06,0.58,62906.95,51.56
38,65516.92,0.13,0.24,46735.4,40.25
25,37021.62,0.17,0.11,23714.44,24.16
32,85210.23,0.1,0.14,67958.52,55.09
27,80381.32,0.13,0.39,37674.85,33.92
37,104983.7,0.1,0.17,82051.28,64.94
32,113039.61,0.24,0.12,74777.19,59.86
56,71256.36,0.23,0.29,29867.56,28.46
54,54759.7,0.21,0.41,18615.42,20.59
58,53390.32,0.15,0.16,29860.77,28.45
35,54795.36,0.28,0.26,30183.02,28.68
48,56808.6,0.29,0.31,25568.62,25.45
27,76916.59,0.09,0.18,54974.25,46.01
51,61423.28,0.11,0.35,33882.02,31.27
43,81886.26,0.18,0.14,60367.39,49.78
32,68753.04,0.07,0.12,58164.64,48.24
29,40034.46,0.16,0.36,20165.53,21.68
53,42601.91,0.2,0.22,23390.35,23.93
59,41129.29,0.18,0.15,19035.08,20.89
32,50440.53,0.13,0.31,31202.03,29.39
48,64577.79,0.19,0.56,19536.11,21.24
59,46805.03,0.29,0.46,2865.08,9.58
22,55648.14,0.1,0.51,14500.37,17.72
22,35533.5,0.21,0.54,1510.33,8.63
46,66964.48,0.06,0.59,28017.85,27.17
26,50925.14,0.07,0.48,20869.04,22.17
20,81534.3,0.19,0.4,22868.18,23.57
59,43446.51,0.08,0.28,19049.69,20.9
40,123941.56,0.06,0.19,98910.68,76.73
59,47413.95,0.09,0.44,13129.94,16.76
34,43143.64,0.19,0.6,13008.79,16.67
47,59463.02,0.23,0.33,29789.26,28.4
48,187269.64,0.1,0.46,85030.49,67.02
30,71615.4,0.22,0.35,32846.72,30.54
53,71184.06,0.1,0.32,40722.13,36.05
29,68086.9,0.2,0.31,34161.32,31.46
39,51575.48,0.15,0.35,30969.02,29.23
39,66865.07,0.21,0.28,39207.57,34.99
23,44424.16,0.3,0.47,4052.58,10.41
38,106212.75,0.28,0.54,24186.7,24.49
55,57350.88,0.05,0.54,19966.34,21.54
21,35582.0,0.27,0.21,9583.3,14.28
51,47817.32,0.07,0.55,19154.07,20.97
27,52699.75,0.29,0.27,22079.23,23.01
27,55324.56,0.12,0.25,33496.22,31.0
22,28766.97,0.15,0.46,3789.34,10.23
53,68179.7,0.07,0.25,44655.14,38.8
35,62788.04,0.08,0.13,54369.81,45.59
52,81238.87,0.23,0.29,39047.1,34.88
42,88104.7,0.29,0.46,27559.08,26.85
50,63316.73,0.2,0.26,35352.01,32.29
19,24634.52,0.23,0.41,-3058.52,5.44
26,38593.71,0.24,0.43,10534.63,14.94
41,105701.92,0.12,0.47,49759.28,42.37
58,59014.05,0.06,0.55,15856.09,18.66
30,97167.44,0.05,0.32,63207.27,51.77
30,62948.47,0.14,0.18,44290.79,38.54
33,71403.42,0.11,0.26,48734.61,41.65
59,73777.47,0.07,0.32,36923.0,33.39
37,46258.64,0.09,0.46,25631.22,25.5
44,67850.85,0.08,0.11,60270.03,49.71
47,48423.61,0.28,0.26,26005.86,25.76
40,57741.27,0.09,0.49,30092.16,28.62
58,67975.18,0.18,0.44,18462.88,20.49
39,49059.64,0.2,0.47,22189.05,23.09
56,68119.42,0.19,0.51,16323.9,18.99
38,44680.78,0.07,0.49,24658.76,24.82
47,86378.67,0.13,0.44,40452.41,35.86
22,33970.15,0.06,0.32,13765.01,17.2
25,35209.11,0.15,0.59,5737.29,11.59
46,46971.06,0.1,0.38,28233.02,27.32
46,54997.26,0.19,0.2,37514.14,33.8
22,23743.95,0.22,0.25,5354.7,11.32
40,54444.67,0.18,0.45,25612.97,25.48
30,76796.94,0.16,0.56,22769.63,23.5
21,38116.14,0.15,0.19,16631.71,19.21
40,48126.33,0.26,0.14,34134.72,31.44
20,42715.57,0.1,0.54,5006.56,11.08
42,64636.59,0.23,0.56,18760.48,20.69
52,112038.35,0.24,0.24,58471.07,48.46
45,77714.15,0.15,0.29,47759.03,40.97
59,60415.46,0.12,0.43,18222.89,20.32
19,54712.97,0.17,0.26,19347.13,21.1
26,47059.07,0.07,0.54,15948.68,18.73
41,61032.69,0.06,0.15,53211.12,44.78
56,97973.81,0.08,0.12,74173.41,59.43
24,28817.19,0.1,0.2,15407.85,18.35
40,81001.21,0.18,0.24,52446.57,44.24
43,60968.77,0.26,0.16,40382.78,35.81
36,55525.27,0.11,0.13,47098.75,40.51
35,51541.66,0.28,0.48,16672.48,19.23
30,56688.68,0.29,0.18,31473.78,29.58
24,45356.82,0.29,0.56,2222.14,9.13
44,56975.27,0.26,0.28,30828.01,29.13
45,53657.03,0.14,0.44,27224.5,26.61
26,30142.46,0.07,0.21,19557.48,21.25
37,50996.72,0.19,0.22,34942.79,32.01
19,30129.38,0.19,0.39,821.72,8.15
47,65047.35,0.26,0.38,26966.05,26.43
53,111733.94,0.3,0.48,23174.29,23.78
58,48194.27,0.18,0.48,9249.83,14.04
32,44019.66,0.14,0.44,21821.8,22.83
53,51096.76,0.1,0.32,28662.7,27.62
38,63372.22,0.05,0.55,30756.73,29.08
31,65870.1,0.18,0.41,29173.87,27.97
56,71711.24,0.19,0.6,10849.98,15.16
26,64847.65,0.26,0.51,12951.64,16.63
38,80121.19,0.18,0.12,61455.44,50.54
51,57403.84,0.28,0.26,27287.35,26.66
44,117913.31,0.21,0.39,52879.68,44.55
57,52301.85,0.26,0.46,8654.93,13.63
39,63142.7,0.09,0.38,39339.25,35.08
59,83403.64,0.26,0.49,11481.0,15.6
27,60548.86,0.22,0.24,31632.65,29.69
42,41685.94,0.09,0.19,35099.59,32.12
55,59066.72,0.1,0.13,42310.98,37.16
59,71923.37,0.28,0.39,15268.77,18.25
35,43914.89,0.06,0.44,26325.9,25.98
42,76465.94,0.17,0.26,48851.74,41.73
39,68045.86,0.13,0.41,37284.46,33.64
57,82176.5,0.22,0.13,48242.57,41.31
59,46324.46,0.26,0.15,18652.71,20.62
57,77181.67,0.14,0.45,25669.82,25.52
31,57889.67,0.16,0.28,34643.88,31.8
29,96726.46,0.3,0.44,26699.88,26.24
37,153569.05,0.25,0.52,41675.25,36.71
29,88712.01,0.27,0.53,18348.04,20.41
31,63694.91,0.16,0.19,43961.77,38.31
19,104579.83,0.11,0.34,45421.83,39.33
58,67204.15,0.15,0.47,18318.88,20.39
37,49110.42,0.23,0.49,19077.91,20.92
30,53630.26,0.08,0.49,24549.62,24.74
26,63334.67,0.12,0.21,40098.16,35.61
26,64806.82,0.06,0.2,45938.66,39.69
30,40977.64,0.16,0.4,19598.76,21.28
51,48441.32,0.26,0.47,14005.0,17.37
44,57910.81,0.06,0.26,44337.95,38.58
57,66743.43,0.22,0.15,36040.07,32.77
46,74837.7,0.28,0.46,23078.71,23.71
23,46640.16,0.11,0.25,24086.22,24.42
26,38555.04,0.22,0.18,20572.2,21.96
43,105227.91,0.29,0.17,61093.47,50.29
45,50001.95,0.29,0.26,27115.53,26.53
41,90436.71,0.11,0.4,49971.77,42.51
48,76200.71,0.08,0.28,52183.16,44.06
41,89790.36,0.09,0.11,77591.94,61.82
38,54781.68,0.23,0.15,39646.85,35.3
36,57581.82,0.23,0.25,34944.62,32.01
36,60561.25,0.22,0.43,26156.4,25.86
20,32499.38,0.13,0.15,13045.77,16.7
22,46346.8,0.09,0.38,17276.06,19.66
48,99467.69,0.2,0.16,67265.7,54.6
51,46718.4,0.17,0.21,29799.7,28.41
54,51076.68,0.23,0.19,27521.03,26.82
36,49905.59,0.16,0.13,40014.33,35.55
55,57559.73,0.13,0.44,21423.93,22.56
37,58330.3,0.12,0.33,36975.09,33.43
46,77257.21,0.1,0.52,33534.29,31.02
58,56881.09,0.12,0.15,34569.45,31.75
38,65953.63,0.07,0.17,55055.13,46.07
51,68201.41,0.14,0.25,42331.69,37.17
30,58249.48,0.06,0.48,28124.56,27.24
33,70285.77,0.1,0.25,49304.15,42.05
59,53504.15,0.24,0.3,15789.37,18.62
57,96657.35,0.13,0.25,53948.03,45.29
20,117980.62,0.22,0.14,65501.91,53.37
47,75670.49,0.23,0.57,18808.15,20.73
59,59049.84,0.2,0.37,16680.87,19.24
28,63085.21,0.29,0.49,13510.63,17.02
20,25989.21,0.06,0.43,3151.22,9.78
29,55952.92,0.23,0.36,23473.08,23.99
31,45899.47,0.29,0.14,28389.09,27.43
28,60741.43,0.27,0.42,18736.04,20.68
32,46978.73,0.09,0.18,37359.32,33.7
36,54825.38,0.13,0.31,35417.71,32.34
27,31748.47,0.09,0.41,14439.66,17.67
57,43640.21,0.2,0.49,7774.82,13.01
46,68721.58,0.23,0.44,26678.44,26.23
21,30037.61,0.13,0.44,4371.95,10.63
38,82541.51,0.18,0.17,58399.19,48.41
24,34338.08,0.22,0.27,12719.48,16.47
45,70613.82,0.16,0.12,55604.6,46.45
20,29271.13,0.26,0.46,-2064.65,6.13
47,69174.48,0.24,0.58,15903.95,18.7
56,41681.65,0.07,0.23,24616.19,24.79
21,34645.0,0.21,0.14,13860.06,17.27
34,47557.21,0.11,0.34,30198.39,28.69
48,79537.06,0.19,0.53,25587.09,25.47
58,64365.23,0.29,0.38,14389.39,17.64
20,24858.77,0.27,0.12,4920.12,11.02
35,56004.87,0.15,0.59,19321.8,21.09
59,45466.03,0.12,0.51,7876.78,13.08
30,72960.1,0.11,0.17,54468.71,45.66
53,87709.39,0.18,0.56,21098.9,22.33
19,21270.01,0.08,0.33,747.03,8.1
33,73071.49,0.19,0.29,41972.26,36.92
44,52350.37,0.05,0.33,37345.27,33.69
55,55321.54,0.13,0.52,16111.09,18.84
39,61912.86,0.1,0.43,34067.29,31.4
49,107754.33,0.29,0.13,64642.93,52.77
43,50475.02,0.23,0.58,14852.87,17.96
41,78123.94,0.14,0.17,59429.14,49.13
42,48785.9,0.07,0.47,27344.04,26.69
56,43947.14,0.18,0.42,13160.66,16.78
46,63183.8,0.1,0.19,48362.0,41.39
39,61748.6,0.18,0.19,44615.38,38.77
36,36378.11,0.26,0.54,12356.22,16.22
54,83897.95,0.2,0.31,38529.21,34.51
53,40119.74,0.21,0.43,13391.29,16.94
27,48299.38,0.19,0.35,21232.13,22.42
56,87197.22,0.28,0.46,17677.33,19.94
48,124585.19,0.28,0.34,49792.76,42.39
52,55805.83,0.18,0.24,32257.08,30.13
50,46077.02,0.13,0.28,28884.38,27.77
21,68806.28,0.16,0.53,12486.48,16.31
21,57556.88,0.1,0.33,24269.97,24.55
46,56062.62,0.21,0.21,36811.76,33.31
33,49146.88,0.18,0.57,16328.13,18.99
59,46048.82,0.08,0.5,10837.0,15.15
41,57298.22,0.1,0.13,49669.9,42.3
58,61629.94,0.17,0.6,7151.55,12.58
29,45460.05,0.27,0.45,13399.91,16.95
50,55753.73,0.19,0.18,36608.26,33.17
54,71343.22,0.22,0.22,37699.01,33.93
51,45291.46,0.13,0.45,19630.08,21.3
42,57161.11,0.19,0.49,23405.3,23.94
57,39833.32,0.16,0.22,18941.79,20.82
52,62633.53,0.21,0.23,34758.28,31.88
46,43623.86,0.06,0.25,34003.35,31.35
55,76241.12,0.17,0.4,29030.84,27.87
25,32741.6,0.12,0.19,19240.87,21.03
22,24572.7,0.13,0.15,10306.05,14.78
55,53860.3,0.29,0.44,11261.54,15.45
19,78746.04,0.1,0.49,21100.71,22.33
19,50239.52,0.13,0.35,14074.15,17.42
38,41899.81,0.18,0.28,28030.01,27.17
37,45285.81,0.27,0.32,24338.11,24.59
47,57101.46,0.15,0.29,34999.04,32.05
28,115309.06,0.24,0.58,21066.07,22.31
36,48163.42,0.26,0.48,17070.52,19.51
46,51281.73,0.13,0.2,38093.2,34.21
53,95647.87,0.15,0.29,52411.36,44.22
49,65324.62,0.14,0.37,34142.29,31.45
45,84122.16,0.26,0.41,32956.29,30.62
29,43664.31,0.06,0.33,27114.94,26.53
56,56655.78,0.13,0.51,16177.7,18.89
23,73043.83,0.22,0.48,15873.53,18.68
26,46908.87,0.19,0.35,19233.91,21.02
52,84118.46,0.16,0.53,26323.03,25.98
30,60808.79,0.18,0.48,22428.24,23.26
56,45697.79,0.1,0.49,14149.04,17.47
19,36838.27,0.16,0.58,-1914.12,6.24
49,81680.14,0.18,0.23,50829.42,43.11
22,54917.9,0.28,0.23,19615.54,21.29
23,43771.98,0.12,0.54,8941.43,13.83
48,43601.63,0.27,0.49,13743.89,17.19
42,44187.95,0.21,0.56,15278.39,18.26
21,24046.4,0.06,0.13,11058.29,15.31
29,46113.89,0.23,0.41,16995.8,19.46
22,37383.04,0.06,0.17,21519.09,22.62
44,46673.14,0.3,0.35,21042.17,22.29
45,83333.42,0.27,0.18,50681.99,43.01
45,48355.03,0.12,0.16,39172.62,34.96
24,30743.29,0.11,0.11,19608.27,21.29
33,58696.65,0.15,0.42,29405.21,28.14
48,81758.42,0.14,0.28,50585.44,42.94
55,114224.47,0.14,0.15,77149.26,61.51
55,69392.97,0.13,0.26,38866.61,34.75
55,96034.28,0.21,0.18,55476.33,46.36
53,46351.47,0.09,0.57,14672.75,17.84
41,122049.55,0.26,0.26,63877.65,52.24
24,27365.29,0.25,0.27,8530.37,13.54
22,35817.22,0.17,0.52,3868.87,10.28
36,69666.44,0.26,0.42,26700.86,26.25
27,33471.81,0.11,0.46,13336.96,16.9
47,51204.83,0.05,0.42,30714.22,29.05
31,42428.36,0.2,0.57,11784.14,15.82
35,54555.01,0.16,0.2,38870.51,34.75
50,93723.02,0.19,0.59,21446.35,22.57
40,62090.41,0.27,0.52,18626.31,20.6
22,36310.27,0.29,0.39,3977.26,10.36
23,20869.99,0.21,0.43,1601.32,8.7
55,67074.89,0.24,0.42,19030.64,20.88
59,70248.89,0.07,0.13,47335.01,40.67
31,37697.59,0.09,0.21,28759.51,27.68
52,59903.93,0.23,0.58,10951.55,15.23
40,64950.35,0.16,0.37,36261.21,32.93
41,81259.8,0.16,0.29,50337.37,42.77
21,31527.44,0.13,0.48,3356.72,9.92
52,50001.78,0.2,0.36,21518.71,22.62
50,55545.51,0.1,0.11,45763.97,39.57
39,89150.26,0.21,0.47,34272.94,31.54
39,82515.85,0.09,0.47,42062.9,36.98
29,52723.99,0.07,0.18,40620.85,35.98
57,77790.39,0.13,0.58,16531.32,19.14
22,21301.01,0.11,0.21,7392.23,12.75
19,52043.61,0.27,0.33,8980.46,13.86
46,49548.03,0.06,0.16,42863.89,37.54
42,106150.16,0.09,0.4,58839.22,48.71
53,47640.11,0.19,0.29,23910.95,24.29
31,44640.84,0.17,0.28,27164.56,26.57
52,70918.74,0.06,0.51,30120.33,28.64
29,65068.92,0.05,0.1,55628.44,46.47
54,53542.09,0.3,0.5,8592.07,13.58
35,65264.23,0.21,0.39,30490.81,28.89
53,69003.73,0.14,0.59,16949.02,19.43
36,66391.05,0.17,0.39,34010.68,31.36
58,50717.62,0.12,0.13,31101.13,29.32
40,70680.36,0.14,0.13,57717.11,47.93
42,93856.09,0.21,0.54,28431.42,27.45
37,46239.03,0.27,0.52,14646.44,17.82
55,48417.49,0.1,0.27,27231.98,26.62
57,57730.12,0.26,0.41,13300.91,16.88
39,48776.96,0.08,0.34,33382.1,30.92
26,30763.52,0.1,0.58,7397.51,12.75
46,85140.69,0.06,0.57,35132.85,32.14
23,23693.96,0.09,0.59,1750.15,8.8
35,53367.36,0.28,0.53,14372.43,17.63
55,73192.74,0.16,0.55,17130.4,19.55
54,64095.02,0.07,0.21,44250.39,38.51
37,54926.84,0.29,0.52,15760.63,18.6
45,49774.74,0.27,0.45,18152.31,20.27
52,66695.48,0.24,0.58,11753.22,15.79
29,41042.19,0.28,0.39,14292.9,17.57
30,58608.69,0.11,0.14,45867.66,39.64
39,63660.33,0.26,0.4,27402.32,26.74
29,55466.61,0.22,0.44,19251.1,21.04
57,48870.38,0.27,0.21,19578.5,21.27
46,117137.49,0.25,0.3,57008.28,47.43
23,50426.14,0.14,0.4,17420.42,19.76
35,54973.81,0.24,0.29,30069.85,28.6
38,65268.48,0.12,0.29,44378.96,38.6
59,45443.6,0.13,0.17,23325.33,23.89
30,48819.91,0.08,0.57,18727.66,20.67
24,117058.79,0.28,0.48,23678.49,24.13
35,49166.31,0.12,0.1,42558.21,37.33
37,59173.45,0.18,0.48,24844.92,24.95
44,56462.46,0.15,0.47,26449.36,26.07
50,49346.3,0.29,0.1,31464.38,29.58
24,53236.91,0.13,0.28,26581.48,26.16
54,60268.68,0.24,0.4,19243.62,21.03
56,75950.68,0.26,0.33,26512.1,26.11
29,68440.97,0.16,0.49,24938.6,25.01
51,78931.23,0.14,0.31,43606.71,38.06
42,51100.68,0.24,0.18,35282.62,32.24
41,73806.84,0.28,0.59,15302.29,18.28
33,69461.02,0.24,0.22,41070.13,36.29
45,50467.27,0.11,0.46,26414.33,26.04
29,48515.64,0.27,0.17,27920.94,27.1
35,43053.37,0.15,0.26,29871.87,28.46
32,68604.41,0.19,0.32,36448.97,33.06
45,74928.5,0.26,0.2,45310.02,39.26
36,91870.5,0.1,0.32,57612.83,47.86
46,59413.35,0.25,0.18,38196.93,34.28
22,50474.32,0.2,0.38,13922.12,17.31
25,67245.93,0.27,0.43,16287.35,18.96
53,50676.52,0.09,0.13,38314.02,34.36
27,39248.31,0.16,0.54,10821.29,15.14
26,39718.87,0.26,0.19,19666.36,21.33
35,54044.78,0.05,0.21,44335.07,38.57
35,48111.32,0.08,0.43,28002.87,27.16
51,52537.64,0.3,0.33,20035.97,21.59
50,78873.51,0.12,0.35,43537.69,38.02
26,47611.92,0.29,0.16,23539.64,24.04
37,65451.96,0.1,0.5,31452.82,29.57
56,50769.0,0.14,0.41,18406.82,20.45
21,32721.3,0.24,0.17,10755.35,15.1
23,49112.04,0.21,0.29,18557.06,20.55
31,57334.87,0.2,0.51,19382.24,21.13
49,76815.81,0.18,0.38,35459.91,32.37
34,86424.03,0.26,0.15,54686.21,45.81
50,52829.09,0.11,0.29,33432.35,30.95
40,78403.87,0.16,0.22,54087.72,45.39
47,49780.26,0.09,0.36,31250.94,29.43
40,117892.88,0.2,0.52,38280.54,34.34
21,30877.98,0.11,0.32,8960.34,13.84
28,64498.23,0.13,0.32,35539.09,32.42
39,48497.49,0.17,0.55,18901.53,20.79
34,55926.6,0.06,0.39,35267.86,32.23
30,90136.63,0.07,0.38,50650.88,42.99
20,28691.92,0.22,0.23,5587.66,11.48
59,117246.15,0.16,0.4,42663.19,37.4
42,62357.21,0.27,0.39,27125.29,26.54
53,79713.42,0.22,0.3,36858.77,33.35
48,69312.16,0.05,0.6,27489.9,26.8
48,70344.96,0.2,0.54,20893.37,22.18
53,44646.29,0.07,0.47,19078.1,20.92
37,53863.66,0.25,0.37,25812.44,25.62
26,74265.81,0.3,0.33,25194.33,25.19
44,57871.75,0.18,0.19,41048.73,36.28
58,58571.12,0.22,0.25,23539.63,24.04
25,30988.02,0.11,0.49,9103.37,13.94
48,55179.78,0.16,0.33,31384.36,29.52
25,70778.07,0.26,0.54,10253.08,14.75
21,26310.06,0.09,0.17,10756.45,15.1
19,50369.06,0.12,0.35,14831.72,17.95
54,62564.73,0.16,0.42,23847.91,24.25
43,59201.22,0.23,0.36,29677.81,28.33
55,54957.53,0.14,0.54,13826.47,17.24
19,30384.19,0.28,0.59,-8248.03,1.81
33,51700.29,0.07,0.16,43431.22,37.94
55,77205.33,0.14,0.16,50125.6,42.62
31,49348.07,0.23,0.17,32230.19,30.11
58,101595.92,0.11,0.44,38748.99,34.67
26,54035.86,0.21,0.29,24819.62,24.93
23,36676.15,0.09,0.47,10368.83,14.83
27,69773.1,0.06,0.3,43100.41,37.71
19,48362.55,0.08,0.41,12816.94,16.54
54,42373.44,0.28,0.48,7512.68,12.83
53,47911.41,0.19,0.37,19916.63,21.5
20,37299.84,0.25,0.37,3966.18,10.35
58,39512.63,0.13,0.14,21443.38,22.57
41,118965.49,0.2,0.31,64703.38,52.81
27,66126.5,0.17,0.37,28847.12,27.75
52,60713.49,0.29,0.33,23128.44,23.75
32,51507.72,0.24,0.55,14074.1,17.42
22,34697.33,0.23,0.55,298.19,7.79
48,43176.9,0.06,0.51,21578.59,22.66
49,44324.17,0.19,0.29,25534.8,25.43
56,107060.43,0.17,0.46,35466.25,32.37
29,89894.35,0.28,0.3,38385.53,34.41
53,52644.15,0.11,0.22,34058.44,31.39
26,66755.83,0.12,0.27,38565.82,34.54
21,49763.18,0.15,0.14,26693.36,26.24
32,67639.71,0.11,0.27,45188.48,39.17
31,39636.6,0.08,0.33,25645.4,25.51
50,43503.65,0.26,0.58,8417.97,13.46
52,85750.15,0.19,0.26,47350.13,40.68
37,40998.88,0.27,0.55,12753.76,16.49
56,55982.27,0.26,0.21,24874.04,24.97
34,53009.74,0.12,0.2,40443.42,35.85
20,32697.33,0.19,0.36,4518.88,10.74
58,61600.79,0.07,0.44,23287.91,23.86
35,50129.79,0.28,0.12,34553.72,31.74
52,67656.39,0.15,0.21,43026.1,37.66
34,60433.77,0.15,0.33,35509.28,32.4
56,115334.85,0.13,0.27,65719.01,53.52
20,23635.43,0.17,0.46,-1280.25,6.68
20,39480.8,0.11,0.36,10765.93,15.1
44,70154.95,0.14,0.18,52279.93,44.13
31,51625.73,0.25,0.55,12847.05,16.56
49,47157.75,0.26,0.25,25744.68,25.58
52,87861.62,0.13,0.47,35766.26,32.58
57,62958.37,0.17,0.49,15865.22,18.67
21,26438.14,0.27,0.58,-4826.42,4.2
26,56613.03,0.06,0.35,30975.51,29.23
41,103485.0,0.27,0.41,38591.44,34.56
32,55803.26,0.1,0.27,38082.48,34.2
45,62746.33,0.22,0.44,25980.77,25.74
47,99282.86,0.2,0.33,50334.97,42.77
57,45468.79,0.19,0.32,16394.79,19.04
57,99563.29,0.26,0.53,14755.63,17.89
19,56383.69,0.08,0.13,33015.17,30.66
35,47583.72,0.14,0.54,19870.7,21.47
59,46583.78,0.18,0.53,4767.53,10.91
48,55330.48,0.25,0.35,24661.86,24.82
31,36847.39,0.1,0.35,22532.21,23.33
39,65695.86,0.25,0.28,36231.28,32.91
37,49396.08,0.15,0.6,17452.18,19.78
37,65270.28,0.1,0.16,53830.71,45.21
43,47982.08,0.24,0.4,22622.87,23.39
40,79891.16,0.07,0.44,44313.7,38.56
49,75908.0,0.18,0.57,21562.3,22.65
35,49821.58,0.07,0.49,26785.33,26.3
41,68239.41,0.14,0.42,35517.56,32.41
50,63133.91,0.2,0.16,41968.5,36.92
28,85621.82,0.19,0.29,44576.78,38.74
28,39378.41,0.15,0.17,26531.16,26.13
54,57443.87,0.16,0.54,15284.95,18.26
26,40619.05,0.11,0.47,14525.76,17.73
38,61616.01,0.16,0.48,27353.62,26.7
50,71240.57,0.29,0.43,21862.69,22.86
32,47792.17,0.26,0.35,21461.23,22.58
46,57616.54,0.09,0.17,46751.95,40.26
42,81561.74,0.06,0.26,60429.41,49.83
33,87218.2,0.28,0.17,51514.63,43.59
40,70449.2,0.18,0.46,30277.58,28.75
48,60385.57,0.18,0.18,41415.73,36.53
22,39287.35,0.25,0.45,4768.05,10.91
31,65041.29,0.13,0.45,30161.11,28.66
41,65887.0,0.17,0.33,38410.82,34.43
26,31766.9,0.29,0.17,14863.46,17.97
36,69906.26,0.22,0.26,41408.01,36.53
30,43460.34,0.09,0.26,30046.73,28.58
49,46539.99,0.08,0.45,24217.92,24.51
32,38933.87,0.1,0.16,31809.23,29.82
52,57763.96,0.24,0.51,13911.28,17.3
36,47430.8,0.12,0.48,23788.51,24.21
52,39745.31,0.06,0.19,29787.33,28.4
29,47997.71,0.29,0.46,12917.69,16.61
59,48632.47,0.09,0.43,14222.39,17.52
30,52005.27,0.05,0.47,26082.48,25.81
33,48998.42,0.11,0.19,37791.11,34.0
49,108241.78,0.11,0.18,79375.89,63.07
47,71719.59,0.16,0.22,48427.49,41.43
44,55934.89,0.28,0.28,29373.93,28.11
36,58737.6,0.27,0.5,18576.16,20.56
50,93505.86,0.16,0.47,35902.37,32.68
40,80719.13,0.15,0.56,28417.54,27.45
56,42707.34,0.19,0.13,24502.84,24.71
35,47104.05,0.11,0.11,41316.2,36.46
41,52207.57,0.06,0.45,30978.77,29.24
42,56360.34,0.28,0.24,32142.98,30.05
26,41130.72,0.1,0.27,23988.15,24.35
59,55859.42,0.1,0.37,20610.55,21.99
24,59713.18,0.17,0.15,36152.12,32.85
23,61951.85,0.17,0.42,19300.15,21.07
47,57985.89,0.05,0.26,43242.84,37.81
46,45545.74,0.09,0.42,26734.39,26.27
29,40559.87,0.14,0.52,14492.85,17.71
19,30040.4,0.22,0.19,5760.77,11.61
37,46076.73,0.11,0.57,20358.79,21.81
27,74149.76,0.16,0.37,34195.63,31.48
45,49059.2,0.19,0.56,16854.97,19.36
52,72048.67,0.27,0.2,37570.29,33.84
22,25161.6,0.13,0.4,4287.29,10.58
54,71682.42,0.08,0.3,41832.55,36.82
36,57630.4,0.17,0.49,24306.02,24.57
33,92116.87,0.24,0.4,36890.08,33.37
31,42024.65,0.08,0.35,26417.27,26.05
37,52779.21,0.16,0.56,20174.47,21.68
24,40812.94,0.05,0.29,22316.37,23.18
30,51968.16,0.06,0.21,39572.21,35.24
55,54087.68,0.17,0.4,19703.04,21.35
35,54338.89,0.12,0.41,29673.93,28.32
41,57317.98,0.26,0.32,29613.66,28.28
44,42879.24,0.2,0.34,24370.27,24.62
47,82437.69,0.16,0.58,24537.36,24.73
51,159377.74,0.15,0.47,61429.63,50.52
45,67733.38,0.17,0.16,49964.83,42.51
43,49285.16,0.06,0.21,41221.78,36.4
28,39359.5,0.27,0.59,5451.97,11.39
41,73221.41,0.3,0.46,22675.55,23.43
39,67958.29,0.1,0.56,29159.44,27.96
39,57331.52,0.08,0.25,43692.52,38.12
31,69419.68,0.09,0.47,33225.1,30.81
55,39156.62,0.22,0.46,9535.88,14.24
51,75515.37,0.22,0.25,41327.84,36.47
42,66325.93,0.26,0.38,29460.82,28.17
29,40971.37,0.24,0.41,15149.72,18.17
35,43223.77,0.16,0.34,25981.6,25.74
22,44601.4,0.2,0.51,5155.47,11.18
43,94073.12,0.22,0.52,29877.61,28.47
48,59118.99,0.18,0.53,20468.84,21.89
27,39776.88,0.17,0.5,12252.31,16.14
39,64503.13,0.21,0.34,34059.72,31.39
38,106663.21,0.19,0.29,60740.41,50.04
37,67759.72,0.21,0.52,23743.87,24.18
37,69881.74,0.2,0.35,36789.99,33.3
30,80190.7,0.23,0.22,45472.58,39.37
55,67187.88,0.21,0.35,25843.63,25.65
35,49024.23,0.18,0.17,36189.32,32.88
55,41056.21,0.22,0.45,10262.63,14.75
57,45936.37,0.16,0.27,20112.29,21.64
46,49672.03,0.11,0.23,37066.55,33.49
59,67356.84,0.05,0.58,16187.85,18.9
53,75456.5,0.19,0.49,23072.73,23.71
36,62527.63,0.2,0.49,24250.53,24.53
32,41891.81,0.29,0.41,15335.71,18.3
53,104792.58,0.14,0.52,34406.72,31.63
59,49545.29,0.15,0.48,9702.41,14.36
25,58424.89,0.1,0.4,25790.89,25.61
59,56100.22,0.07,0.58,11000.83,15.27
31,58717.9,0.24,0.2,35291.02,32.25
36,69820.23,0.11,0.57,26789.92,26.31
55,49928.5,0.2,0.3,21588.79,22.67
31,83686.16,0.22,0.36,36946.17,33.41
54,42885.78,0.17,0.16,26480.75,26.09
49,49698.22,0.27,0.37,20199.46,21.7
20,66999.25,0.16,0.41,18942.56,20.82
34,68748.84,0.12,0.6,23415.04,23.95
27,129352.94,0.27,0.59,16774.82,19.31
27,51537.19,0.27,0.58,6574.79,12.17
56,99453.42,0.09,0.27,58623.99,48.56
29,34420.69,0.06,0.6,12706.57,16.46
40,46223.9,0.07,0.33,33420.8,30.94
51,78806.2,0.12,0.53,28501.07,27.5
54,41805.36,0.29,0.21,18835.61,20.75
41,59278.33,0.19,0.35,32589.06,30.36
52,85323.86,0.14,0.58,23053.36,23.7
27,59236.64,0.27,0.57,8379.72,13.44
42,62609.66,0.16,0.44,29878.29,28.47
26,42866.32,0.13,0.5,13503.28,17.02
25,50854.87,0.29,0.19,23167.13,23.77
54,70006.08,0.26,0.46,17487.92,19.8
36,51035.89,0.26,0.41,21958.47,22.93
21,47179.65,0.18,0.15,23213.01,23.81
46,84751.35,0.25,0.16,54641.57,45.78
24,42777.76,0.09,0.15,27576.8,26.86
39,62479.22,0.19,0.46,26761.14,26.29
46,71169.91,0.3,0.17,42194.01,37.08
58,66132.47,0.12,0.33,28845.08,27.74
19,54072.92,0.25,0.28,13574.35,17.07
54,47450.72,0.17,0.38,19274.98,21.05
39,54255.7,0.06,0.45,31851.97,29.85
53,53633.48,0.24,0.44,15813.84,18.63
31,44133.15,0.09,0.36,26499.38,26.1
28,33531.16,0.21,0.33,15236.12,18.23
28,27050.95,0.07,0.3,16796.59,19.32
31,80522.1,0.29,0.53,17112.48,19.54
55,42343.86,0.12,0.27,22537.95,23.33
56,94785.75,0.11,0.23,58249.45,48.3
42,76213.78,0.08,0.47,39323.35,35.07
20,33372.75,0.29,0.28,4215.84,10.53
40,72947.37,0.23,0.52,23595.08,24.07
35,66273.89,0.24,0.26,37765.62,33.98
54,46657.75,0.17,0.45,15207.11,18.21
32,56127.65,0.17,0.12,42684.39,37.42
28,39868.55,0.08,0.29,24769.01,24.89
53,72262.84,0.19,0.27,37750.65,33.97
43,53369.29,0.11,0.51,25560.14,25.45
21,39436.53,0.29,0.58,-3901.19,4.85
56,56102.55,0.25,0.33,18949.26,20.83
35,60909.98,0.15,0.51,24778.38,24.9
30,94148.91,0.09,0.45,44876.15,38.95
42,58942.78,0.25,0.58,15490.52,18.41
47,88451.89,0.08,0.51,40232.67,35.71
43,70981.79,0.1,0.14,59451.32,49.14
54,91495.09,0.1,0.46,38113.88,34.22
44,57948.15,0.19,0.37,30434.8,28.86
56,71003.11,0.25,0.11,41183.42,36.37
19,36189.27,0.13,0.23,11459.55,15.59
38,37029.87,0.07,0.56,18905.9,20.8
46,49804.43,0.17,0.56,17511.99,19.82
34,68591.38,0.24,0.5,22282.15,23.16
35,68049.66,0.11,0.59,25413.87,25.35
58,41678.59,0.1,0.5,8972.49,13.85
46,66329.64,0.29,0.11,44386.67,38.61
30,63040.56,0.29,0.24,31056.61,29.29
45,62251.2,0.3,0.12,40933.23,36.2
48,75978.37,0.25,0.15,48643.39,41.59
59,65951.19,0.1,0.21,37076.63,33.5
52,60381.68,0.1,0.35,32738.73,30.47
55,52038.22,0.14,0.52,14471.46,17.7
24,67089.7,0.13,0.53,18199.05,20.3
25,55603.36,0.29,0.41,13132.91,16.76
50,46469.53,0.25,0.56,10207.26,14.71
50,65426.62,0.23,0.35,29139.8,27.95
43,49152.38,0.1,0.54,22841.73,23.55
51,49628.62,0.28,0.33,20020.97,21.58
25,39011.7,0.26,0.24,16139.0,18.86
30,54927.87,0.09,0.56,20916.22,22.2
34,64523.28,0.27,0.29,32280.05,30.15
34,52486.78,0.12,0.35,31578.63,29.66
54,54562.27,0.07,0.26,34212.34,31.5
31,48480.26,0.21,0.43,19570.41,21.26
25,68777.04,0.21,0.6,9543.57,14.25
54,36301.44,0.07,0.11,27463.08,26.78
27,46062.08,0.13,0.55,13505.21,17.02
50,97712.82,0.3,0.1,60093.0,49.59
29,62140.01,0.22,0.28,31635.52,29.69
26,76285.84,0.23,0.18,42042.83,36.97
51,41752.8,0.1,0.48,18237.08,20.33
41,47924.04,0.07,0.13,44089.76,38.4
43,71654.05,0.12,0.38,41194.94,36.38
26,85131.38,0.11,0.25,52377.5,44.2
40,48439.24,0.11,0.17,40392.55,35.82
22,37247.67,0.1,0.49,8323.46,13.4
58,63203.36,0.19,0.21,30559.28,28.94
21,24989.53,0.13,0.21,7608.73,12.9
47,71806.52,0.26,0.24,40043.97,35.57
59,32616.2,0.1,0.39,7844.08,13.06
47,71222.18,0.17,0.43,32468.52,30.28
52,48846.64,0.05,0.11,40812.66,36.11
52,54742.7,0.17,0.22,33188.96,30.78
46,74609.3,0.06,0.32,50316.2,42.75
31,63048.93,0.29,0.27,30111.44,28.63
33,57184.91,0.25,0.54,15729.94,18.58
41,81370.63,0.17,0.49,32788.06,30.5
44,45107.68,0.07,0.41,28042.24,27.18
22,45989.44,0.2,0.27,17354.23,19.71
44,52691.15,0.24,0.45,21359.1,22.51
58,74296.78,0.1,0.52,20990.62,22.25
27,63090.6,0.19,0.4,24913.0,25.0
23,57804.54,0.25,0.49,8839.7,13.76
50,101145.44,0.24,0.47,30097.26,28.62
38,84207.48,0.25,0.39,35845.0,32.64
29,50719.86,0.27,0.26,24602.66,24.78
33,57288.04,0.28,0.47,17459.89,19.78
50,72624.13,0.15,0.2,48395.77,41.41
46,64912.26,0.19,0.49,24741.34,24.88
40,74849.19,0.25,0.5,24368.18,24.61
59,34631.87,0.22,0.51,458.17,7.9
35,107053.26,0.3,0.34,43511.18,38.0
44,63696.6,0.05,0.2,52629.0,44.37
25,30464.85,0.14,0.15,18090.86,20.23
44,51447.68,0.12,0.47,25934.7,25.71
43,42451.93,0.12,0.54,19604.36,21.28
28,38855.28,0.11,0.43,18057.23,20.2
37,58233.73,0.23,0.17,40087.38,35.6
29,87931.9,0.07,0.57,32521.25,30.31
31,62350.96,0.24,0.59,12748.5,16.49
26,52863.03,0.22,0.32,22096.53,23.03
58,43019.86,0.11,0.4,13752.09,17.19
22,32271.21,0.11,0.49,5603.59,11.5
49,52574.48,0.21,0.47,19246.68,21.03
46,53581.45,0.24,0.58,13536.89,17.04
29,48086.92,0.27,0.16,28308.11,27.37
19,33118.66,0.26,0.39,-526.58,7.21
56,53379.11,0.29,0.45,9565.48,14.27
42,53657.2,0.2,0.55,19198.53,21.0
49,64323.69,0.28,0.54,14210.43,17.51
59,50851.21,0.25,0.59,-530.32,7.21
44,45814.41,0.27,0.36,21952.42,22.93
23,44919.6,0.05,0.52,13462.23,16.99
38,59171.63,0.29,0.31,28709.87,27.65
59,38514.27,0.17,0.31,11422.07,15.56
29,45168.5,0.25,0.23,24540.67,24.73
51,72125.76,0.08,0.51,30246.59,28.72
56,44832.39,0.15,0.59,7051.34,12.51
45,48532.71,0.12,0.23,36133.95,32.84
52,56300.67,0.12,0.13,41815.29,36.81
33,68561.34,0.08,0.51,31835.16,29.83
50,107172.88,0.25,0.41,37731.53,33.96
39,73429.78,0.05,0.58,32348.03,30.19
23,66563.74,0.13,0.23,37186.54,33.58
24,51849.02,0.09,0.14,35375.03,32.31
56,49249.26,0.2,0.35,17933.71,20.12
40,73693.48,0.11,0.14,60140.0,49.62
36,58411.53,0.11,0.23,42971.39,37.62
32,62746.36,0.17,0.16,44889.08,38.96
28,40190.21,0.21,0.21,22847.3,23.55
31,63420.33,0.08,0.15,50897.05,43.16
49,60371.49,0.09,0.58,22204.24,23.1
48,66213.33,0.11,0.24,45810.77,39.61
21,39606.58,0.29,0.32,6690.66,12.26
48,58452.51,0.15,0.55,20590.52,21.97
24,54465.27,0.2,0.44,15088.99,18.13
47,56969.25,0.11,0.41,31068.76,29.3
26,32180.13,0.17,0.45,9946.29,14.53
51,42682.05,0.07,0.51,18767.7,20.7
35,61954.53,0.06,0.54,29387.98,28.12
29,46880.18,0.17,0.42,20284.96,21.76
31,37507.59,0.15,0.55,13833.12,17.25
29,54735.84,0.08,0.37,30933.25,29.2
49,60760.2,0.22,0.24,35198.97,32.19
46,55934.88,0.3,0.54,13042.15,16.7
24,50064.72,0.15,0.37,19371.81,21.12
59,83973.49,0.21,0.55,11298.68,15.48
34,85924.26,0.29,0.12,54455.42,45.65
22,44970.57,0.26,0.3,12614.34,16.4
53,59070.87,0.17,0.57,14366.43,17.62
44,65269.56,0.23,0.22,40096.99,35.61
30,59374.5,0.08,0.57,22089.88,23.02
29,49184.73,0.18,0.58,12866.06,16.57
55,61788.22,0.12,0.54,17494.88,19.81
43,45853.35,0.09,0.38,29559.73,28.24
36,60980.37,0.16,0.42,30436.74,28.86
37,68639.19,0.08,0.53,31495.93,29.6
41,55482.29,0.22,0.49,21364.89,22.51
56,56746.12,0.16,0.42,19310.17,21.08
36,46571.59,0.18,0.59,15523.16,18.43
44,48427.53,0.09,0.44,27674.77,26.93
24,49443.28,0.08,0.59,11786.0,15.82
22,33262.39,0.2,0.13,15122.89,18.15
47,44498.79,0.3,0.17,27179.78,26.58
52,47785.36,0.07,0.33,28297.7,27.36
35,47179.04,0.12,0.29,32308.5,30.17
34,72747.88,0.27,0.49,21732.42,22.77
20,41912.1,0.07,0.18,21232.08,22.42
52,50039.17,0.27,0.59,7016.97,12.48
26,41218.44,0.18,0.26,21050.26,22.29
31,83884.12,0.15,0.31,47030.28,40.46
26,67442.03,0.13,0.24,40410.55,35.83
48,49250.2,0.12,0.39,26699.52,26.24
50,86134.43,0.13,0.13,65529.24,53.39
54,58485.08,0.27,0.17,30192.77,28.69
48,77575.83,0.23,0.47,25832.96,25.64
19,34673.79,0.22,0.19,8707.8,13.67
57,82229.65,0.25,0.22,37764.79,33.98
35,45429.55,0.11,0.5,22104.32,23.03
38,57225.47,0.2,0.15,42242.14,37.11
42,88220.33,0.17,0.32,50820.61,43.11
40,40343.91,0.25,0.11,31424.12,29.55
47,61927.21,0.13,0.27,40802.62,36.1
40,56329.3,0.21,0.45,24638.15,24.8
27,63038.4,0.27,0.15,35771.84,32.59
55,80764.38,0.15,0.54,21419.52,22.55
28,65369.26,0.07,0.55,24622.02,24.79
54,63645.73,0.18,0.15,40221.15,35.7
55,59610.81,0.14,0.6,12674.57,16.44
46,57892.63,0.22,0.25,35118.18,32.13
46,66151.4,0.29,0.14,41753.65,36.77
39,94509.73,0.17,0.1,74135.25,59.41
42,51972.84,0.17,0.3,32897.62,30.58
58,50748.75,0.21,0.41,11556.02,15.66
20,37885.76,0.08,0.27,14804.45,17.93
26,69062.26,0.11,0.52,23169.11,23.78
45,66418.14,0.28,0.46,21957.71,22.93
40,81390.88,0.22,0.28,46759.6,40.27
55,79831.46,0.05,0.47,34925.09,31.99
45,73389.58,0.1,0.57,28732.81,27.67
47,49922.73,0.22,0.15,34916.02,31.99
21,80757.24,0.24,0.25,32220.02,30.1
31,86936.26,0.26,0.33,37890.53,34.07
28,52790.84,0.12,0.35,27628.97,26.89
54,44338.61,0.28,0.37,13125.91,16.75
27,33783.88,0.19,0.25,17694.4,19.95
45,66956.26,0.22,0.43,27323.9,26.68
52,51804.58,0.2,0.42,19455.26,21.18
19,19342.32,0.08,0.39,-1275.88,6.69
50,45015.08,0.29,0.16,26499.67,26.1
43,56178.92,0.08,0.34,37660.78,33.91
47,65781.07,0.11,0.28,43660.32,38.1
25,78975.4,0.25,0.35,28386.61,27.42
21,49325.28,0.2,0.56,2650.56,9.43
38,55571.2,0.26,0.34,27532.12,26.83
38,67361.29,0.18,0.11,53414.54,44.92
48,67253.89,0.14,0.32,39056.36,34.88
53,74126.48,0.28,0.51,14348.15,17.61
53,59739.08,0.06,0.49,25798.06,25.61
57,78213.15,0.26,0.36,23677.64,24.13
45,78491.94,0.11,0.22,56852.35,47.32
44,64042.51,0.26,0.33,30781.53,29.1
32,54575.23,0.08,0.38,32218.57,30.1
35,76961.04,0.2,0.6,20199.03,21.7
36,50461.67,0.27,0.42,20264.89,21.75
47,46331.15,0.17,0.45,21332.22,22.49
38,44579.73,0.24,0.35,24138.97,24.45
45,52664.9,0.25,0.28,29420.9,28.15
36,71734.88,0.23,0.51,23354.8,23.91
22,36807.12,0.28,0.35,6460.28,12.09
19,40404.33,0.16,0.6,-2236.26,6.01
19,30332.85,0.09,0.33,5718.32,11.58
44,56082.34,0.06,0.13,50115.58,42.61
38,48564.37,0.11,0.44,26808.77,26.32
41,60789.29,0.09,0.12,53404.59,44.91
28,49214.26,0.19,0.23,28648.41,27.61
29,60108.27,0.1,0.28,38364.75,34.4
59,60095.75,0.06,0.47,19597.28,21.28
59,52440.37,0.06,0.35,22428.6,23.26
23,28092.19,0.26,0.11,11559.92,15.66
19,58890.58,0.2,0.41,11410.46,15.56
35,57697.74,0.14,0.31,36353.23,32.99
40,63081.34,0.27,0.56,15954.11,18.73
52,98677.29,0.07,0.35,57268.2,47.62
59,73032.18,0.3,0.45,9872.79,14.48
47,70330.58,0.2,0.21,44795.29,38.9
22,42639.86,0.1,0.48,10856.11,15.17
23,44206.81,0.22,0.46,8327.59,13.4
29,56979.35,0.24,0.55,12572.45,16.37
39,68360.7,0.16,0.12,55058.36,46.07
53,102016.22,0.27,0.32,40637.22,35.99
30,129495.37,0.09,0.44,62760.46,51.45
44,67552.48,0.12,0.15,54131.2,45.42
37,40045.18,0.07,0.31,30073.6,28.6
25,35916.82,0.1,0.57,8708.72,13.67
25,92965.25,0.11,0.32,49871.85,42.44
44,76057.63,0.28,0.59,14626.51,17.8
58,63668.89,0.07,0.13,43629.33,38.08
23,41920.84,0.16,0.46,10135.15,14.66
39,47610.24,0.18,0.39,25856.56,25.65
32,96817.95,0.27,0.35,39110.25,34.92
22,32284.22,0.3,0.59,-3620.02,5.05
41,75723.27,0.24,0.16,50710.44,43.03
38,46193.21,0.29,0.55,12786.4,16.52
33,54163.86,0.25,0.45,20209.37,21.71
47,82428.14,0.29,0.23,43117.02,37.72
26,45445.8,0.23,0.55,7901.3,13.1
59,50149.73,0.07,0.31,22009.8,22.97
37,60512.23,0.15,0.51,25844.99,25.65
57,42301.48,0.21,0.29,15048.87,18.1
46,46318.61,0.14,0.53,19664.56,21.33
45,75998.34,0.12,0.42,39486.94,35.18
22,36814.46,0.19,0.17,16315.86,18.98
33,70355.25,0.28,0.42,23959.38,24.33
53,83417.05,0.06,0.2,61046.51,50.26
55,84260.02,0.24,0.31,34743.41,31.87
19,19985.24,0.23,0.19,-229.94,7.42
21,31818.11,0.29,0.11,10351.76,14.82
42,71935.44,0.28,0.21,42023.83,36.96
45,72589.28,0.24,0.37,33163.61,30.76
58,120393.88,0.18,0.34,50401.27,42.81
54,48467.57,0.1,0.35,24459.14,24.68
52,85350.34,0.19,0.22,50039.05,42.56
47,68928.92,0.24,0.44,25435.12,25.36
42,45204.06,0.27,0.45,17628.23,19.9
42,55059.6,0.25,0.28,31238.99,29.42
22,46995.12,0.1,0.54,9568.28,14.27
21,23226.83,0.2,0.42,-25.38,7.56
52,41040.07,0.13,0.46,16684.21,19.24
41,44141.8,0.05,0.24,37091.44,33.51
41,66432.52,0.1,0.1,58898.86,48.76
23,37758.05,0.08,0.53,8775.29,13.71
49,53963.93,0.26,0.51,14728.06,17.87
59,47514.01,0.11,0.16,25534.19,25.43
24,30333.16,0.12,0.29,13121.02,16.75
55,52696.24,0.29,0.43,11366.1,15.52
28,33394.17,0.14,0.43,14223.9,17.52
58,81330.01,0.05,0.53,26793.18,26.31
25,88558.55,0.12,0.17,59551.05,49.21
57,36136.2,0.08,0.31,15955.93,18.73
56,51742.63,0.08,0.15,35567.83,32.44
39,55779.22,0.07,0.29,41013.23,36.25
38,58345.22,0.2,0.11,45973.06,39.72
21,60906.21,0.1,0.55,12718.18,16.47
40,55426.76,0.14,0.36,33014.09,30.66
22,41345.98,0.27,0.52,1493.57,8.62
46,168527.9,0.16,0.13,124412.92,94.56
30,52562.19,0.28,0.21,28149.02,27.26
56,101864.29,0.17,0.23,56116.88,46.81
54,68488.19,0.15,0.29,35989.81,32.74
59,47883.61,0.24,0.5,3699.96,10.16
23,35067.25,0.07,0.29,16369.99,19.02
31,55219.48,0.07,0.2,42601.36,37.36
41,48910.25,0.21,0.13,37483.37,33.78
48,51636.6,0.17,0.14,38637.07,34.59
55,53108.32,0.25,0.48,11132.33,15.36
43,67493.38,0.28,0.32,32158.25,30.06
45,108721.9,0.15,0.46,46896.2,40.36
32,49726.39,0.2,0.44,20931.4,22.21
54,67695.3,0.18,0.17,42134.54,37.04
57,40157.21,0.3,0.17,15323.9,18.29
34,79713.82,0.26,0.48,25104.25,25.13
40,44054.77,0.28,0.46,16834.07,19.35
39,76521.55,0.11,0.29,50908.45,43.17
39,60190.96,0.24,0.14,42692.23,37.42
26,47257.41,0.12,0.11,34316.3,31.57
34,53888.49,0.1,0.24,39415.29,35.13
49,47442.97,0.29,0.1,31384.33,29.52
28,37498.73,0.05,0.22,27032.54,26.48
50,77823.28,0.29,0.31,32634.88,30.39
52,61102.46,0.09,0.16,45997.05,39.74
27,46076.87,0.25,0.15,26110.61,25.83
35,66623.34,0.12,0.55,26750.57,26.28
29,54651.1,0.14,0.39,26681.45,26.23
50,51750.38,0.1,0.57,18359.36,20.41
28,126414.31,0.2,0.27,66793.29,54.27
40,75635.71,0.14,0.44,37655.62,33.9
35,60999.93,0.21,0.2,40347.29,35.79
22,35700.54,0.05,0.41,11832.65,15.85
43,81421.37,0.07,0.16,68048.58,55.15
39,51387.95,0.07,0.1,47810.33,41.0
55,48099.16,0.15,0.57,9848.9,14.46
56,99197.9,0.25,0.38,32203.55,30.09
19,37564.49,0.27,0.56,-5726.98,3.57
43,52857.2,0.11,0.27,38058.76,34.19
54,59789.6,0.19,0.26,30019.71,28.57
35,75293.67,0.24,0.3,38867.56,34.75
59,66549.78,0.12,0.45,19383.94,21.13
42,81767.37,0.15,0.38,43147.29,37.74
20,24718.2,0.18,0.56,-3890.46,4.86
58,75060.99,0.08,0.11,53133.82,44.72
33,54670.2,0.06,0.45,30251.75,28.73
50,63233.25,0.09,0.27,42272.69,37.13
57,82892.86,0.21,0.19,43971.1,38.32
24,58985.21,0.07,0.36,29466.7,28.18
19,42997.51,0.1,0.35,11813.66,15.84
41,42796.29,0.13,0.17,35325.45,32.27
57,56614.82,0.07,0.2,35618.07,32.48
35,48985.65,0.1,0.3,33867.09,31.26
52,74065.89,0.28,0.3,30818.57,29.12
59,75080.49,0.05,0.26,43114.28,37.72
47,58311.77,0.21,0.17,39236.79,35.01
27,41732.58,0.15,0.1,30500.47,28.9
31,91592.18,0.22,0.59,20492.23,21.9
24,38002.12,0.2,0.57,4168.85,10.49
24,32171.11,0.11,0.34,13287.86,16.87
38,50430.68,0.26,0.6,12398.95,16.25
21,33426.37,0.17,0.44,4165.26,10.49
35,48203.11,0.26,0.13,33904.89,31.28
30,70430.14,0.15,0.16,49951.57,42.5
19,16554.05,0.3,0.56,-9409.05,1.0
35,47992.05,0.24,0.42,21031.19,22.28
21,40166.32,0.29,0.52,-1223.04,6.72
44,66156.08,0.18,0.55,22899.74,23.59
33,98270.26,0.17,0.32,53469.74,44.96
54,95592.93,0.24,0.12,58764.01,48.66
50,44866.47,0.27,0.19,25605.95,25.48
50,42896.26,0.29,0.13,26212.99,25.9
22,43062.27,0.13,0.19,21890.77,22.88
36,50900.31,0.25,0.31,27531.4,26.83
37,46520.57,0.1,0.16,39221.11,35.0
53,60597.25,0.19,0.18,36992.35,33.44
58,60122.72,0.09,0.32,27686.74,26.93
32,45806.14,0.14,0.27,30155.41,28.66
51,53157.23,0.28,0.33,21112.35,22.34
32,46600.01,0.09,0.31,30645.98,29.0
52,55191.22,0.21,0.42,20049.49,21.59
22,52250.27,0.2,0.57,4818.41,10.95
42,49607.3,0.08,0.15,43331.73,37.87
47,54187.09,0.13,0.15,42644.03,37.39
37,54774.64,0.19,0.53,20434.68,21.86
24,45916.05,0.1,0.35,20596.66,21.98
51,65969.02,0.25,0.48,18314.99,20.38
58,111061.85,0.29,0.21,48085.59,41.2
37,70547.04,0.1,0.51,32084.93,30.01
19,47778.4,0.1,0.56,4535.78,10.75
23,40542.12,0.16,0.42,11002.83,15.27
45,50851.95,0.24,0.15,35570.04,32.45
34,51033.59,0.12,0.55,20999.49,22.26
24,36813.49,0.05,0.5,11806.66,15.83
58,63029.98,0.19,0.48,14116.12,17.45
31,38022.29,0.29,0.12,24885.79,24.98
53,70967.5,0.15,0.5,24043.44,24.39
37,58594.64,0.16,0.17,44940.77,39.0
30,67869.66,0.29,0.21,35191.03,32.18
34,48829.27,0.22,0.39,22932.21,23.61
28,40623.54,0.23,0.23,21675.27,22.73
43,56962.0,0.19,0.43,26637.58,26.2
38,54952.22,0.29,0.4,22088.9,23.02
49,77464.78,0.22,0.15,50630.86,42.97
22,57748.43,0.27,0.43,9978.94,14.55
41,111206.65,0.22,0.56,29232.53,28.02
20,32268.78,0.23,0.18,8679.69,13.65
40,36809.35,0.12,0.4,23151.24,23.76
55,53278.87,0.13,0.27,28811.21,27.72
26,52824.94,0.25,0.33,20186.16,21.69
25,60802.52,0.12,0.24,34980.5,32.03
32,61405.86,0.19,0.28,35865.56,32.65
21,34121.63,0.11,0.11,17569.43,19.86
34,99950.06,0.25,0.59,19761.11,21.39
37,47918.16,0.08,0.41,29612.04,28.28
36,55750.41,0.26,0.35,26656.71,26.21
34,45332.66,0.2,0.29,27143.6,26.55
26,49363.24,0.1,0.37,24215.89,24.51
51,98778.66,0.19,0.29,52740.2,44.45
30,52133.78,0.12,0.28,32648.56,30.4
29,51043.65,0.13,0.33,28132.52,27.25
23,26778.67,0.14,0.24,11004.31,15.27
45,58663.66,0.07,0.19,48248.85,41.31
30,78175.23,0.3,0.38,27037.76,26.48
35,55357.93,0.06,0.52,27973.34,27.13
24,41495.43,0.22,0.18,20629.21,22.0
51,84146.45,0.14,0.12,62780.83,51.47
23,39916.76,0.21,0.22,16638.41,19.21
46,90703.8,0.14,0.59,28901.69,27.78
32,41762.11,0.22,0.51,14165.64,17.48
23,56810.12,0.23,0.4,15030.68,18.09
51,100760.6,0.22,0.56,22326.36,23.19
59,75509.38,0.08,0.32,36616.75,33.18
37,41658.36,0.21,0.59,13239.07,16.83
40,53415.61,0.12,0.25,39308.84,35.06
23,40876.53,0.06,0.22,23542.99,24.04
20,59258.43,0.15,0.42,15037.57,18.09
48,47466.91,0.16,0.29,29191.13,27.99
57,45014.11,0.17,0.41,13164.66,16.78
22,25681.08,0.23,0.25,6071.33,11.82
51,50994.64,0.13,0.41,24380.47,24.62
31,41005.76,0.13,0.24,28445.47,27.46
38,98588.59,0.07,0.13,85428.75,67.3
25,39062.14,0.22,0.56,5218.12,11.23
33,70015.48,0.19,0.54,22233.2,23.12
41,62450.24,0.14,0.59,22581.58,23.37
32,56418.47,0.23,0.46,20766.54,22.1
41,54288.25,0.18,0.44,25733.82,25.57
37,74810.95,0.17,0.38,39187.51,34.97
47,65099.09,0.18,0.16,46333.83,39.97
38,62444.4,0.21,0.19,42408.7,37.23
47,54721.68,0.22,0.24,33308.11,30.86
42,56483.3,0.12,0.55,24045.62,24.39
36,70246.45,0.09,0.19,56045.06,46.76
28,55550.95,0.09,0.56,19271.65,21.05
59,57292.43,0.21,0.36,15765.26,18.6
26,39387.22,0.27,0.46,8479.7,13.51
44,113352.15,0.15,0.16,83490.83,65.95
47,56060.83,0.09,0.23,41377.39,36.51
28,51334.4,0.24,0.58,9146.41,13.97
35,56230.4,0.26,0.23,33098.74,30.72
20,90069.31,0.27,0.25,33176.57,30.77
24,41852.18,0.2,0.2,20559.14,21.95
23,39026.77,0.27,0.16,16533.33,19.14
46,64619.12,0.05,0.22,51210.78,43.38
59,46306.93,0.08,0.42,14595.59,17.78
23,46152.89,0.07,0.33,21865.47,22.86
36,129711.63,0.23,0.38,56179.43,46.85
44,67720.84,0.07,0.16,57274.14,47.62
38,65250.48,0.17,0.5,26525.75,26.12
59,46043.31,0.17,0.49,6871.58,12.38
45,104369.11,0.13,0.11,83942.14,66.26
30,104632.56,0.27,0.29,47738.65,40.95
25,63950.73,0.09,0.13,46063.29,39.78
21,52797.6,0.14,0.5,10884.51,15.19
28,48385.87,0.24,0.47,13754.51,17.19
52,67573.94,0.06,0.55,26160.34,25.87
43,52115.7,0.22,0.22,34543.09,31.73
53,47089.12,0.25,0.33,18699.85,20.65
34,42024.73,0.28,0.19,26024.54,25.77
20,46046.49,0.27,0.29,10165.31,14.68
42,47101.25,0.13,0.36,29284.24,28.05
28,44988.97,0.2,0.13,30194.96,28.69
56,57253.16,0.07,0.46,22355.71,23.21
40,81689.08,0.11,0.37,47281.82,40.63
44,55010.33,0.07,0.51,27549.03,26.84
57,80244.5,0.13,0.24,45191.94,39.17
45,81237.31,0.27,0.55,19006.4,20.87
47,49856.69,0.14,0.6,16708.2,19.26
56,81375.9,0.19,0.56,15779.27,18.61
38,56846.92,0.16,0.49,25248.37,25.23
45,55980.83,0.16,0.51,23030.58,23.68
59,51316.63,0.29,0.39,7779.53,13.02
38,60864.17,0.12,0.2,46835.0,40.32
37,54576.63,0.21,0.44,24571.14,24.76
38,50359.51,0.16,0.46,25191.79,25.19
53,50704.38,0.07,0.59,16062.6,18.81
20,41242.33,0.17,0.37,8503.08,13.52
48,60064.01,0.25,0.24,33865.12,31.25
52,70208.72,0.07,0.44,33848.93,31.24
40,62647.18,0.07,0.59,26978.75,26.44
21,42098.08,0.09,0.19,21673.99,22.73
24,56645.1,0.24,0.26,23485.7,24.0
33,89116.86,0.23,0.37,39009.83,34.85
45,95857.74,0.19,0.19,64106.13,52.4
28,81196.01,0.17,0.11,58553.22,48.51
27,67260.1,0.27,0.27,29503.42,28.2
51,117981.46,0.24,0.53,27250.19,26.63
50,69366.78,0.25,0.12,44878.2,38.95
24,51463.71,0.25,0.31,17924.03,20.11
59,119106.52,0.21,0.48,27994.03,27.15
54,36786.22,0.16,0.58,7344.19,12.71
20,35903.19,0.27,0.59,-5277.84,3.89
47,89439.03,0.28,0.31,40113.27,35.62
22,62155.0,0.06,0.58,16030.23,18.79
19,117369.03,0.06,0.12,84381.23,66.57
37,62048.39,0.29,0.47,19821.3,21.44
44,56774.41,0.12,0.42,30693.58,29.04
43,57916.84,0.27,0.22,34575.12,31.75
28,57105.34,0.15,0.35,28211.83,27.3
33,95795.65,0.08,0.16,75839.36,60.6
40,100752.49,0.07,0.54,45305.28,39.25
39,60561.62,0.09,0.28,43662.05,38.1
40,65983.27,0.11,0.41,36785.92,33.3
54,51588.1,0.17,0.18,31326.02,29.48
52,54019.6,0.23,0.2,30616.27,28.98
48,83604.63,0.3,0.6,11798.0,15.83
43,100446.4,0.16,0.48,41659.83,36.7
46,53677.34,0.18,0.58,17017.03,19.47
19,41066.31,0.18,0.25,11554.89,15.66
22,39150.9,0.18,0.18,17451.52,19.78
25,64215.41,0.18,0.35,26628.92,26.19
27,45029.29,0.05,0.35,25968.04,25.73
54,40659.27,0.05,0.19,28998.6,27.85
37,80420.06,0.07,0.47,42156.5,37.05
19,32752.69,0.08,0.28,9222.54,14.03
28,48873.82,0.23,0.19,28288.25,27.35
54,67195.63,0.1,0.27,40202.27,35.68
27,56408.23,0.27,0.38,18319.99,20.39
50,69719.1,0.28,0.46,19177.49,20.99
50,44667.38,0.29,0.34,17848.9,20.06
24,55895.95,0.28,0.36,15251.78,18.24
56,39241.73,0.12,0.17,23482.5,24.0
35,73432.39,0.18,0.56,24048.22,24.39
28,74871.1,0.09,0.56,25465.43,25.38
45,47519.66,0.25,0.44,18992.55,20.86
53,65844.23,0.27,0.11,39623.3,35.28
39,82863.02,0.26,0.37,36089.22,32.81
43,56435.65,0.16,0.41,29205.62,28.0
46,75075.85,0.24,0.6,16285.66,18.96
33,34161.1,0.07,0.6,14695.2,17.85
22,65208.76,0.06,0.53,19525.03,21.23
47,63093.7,0.24,0.13,43203.48,37.78
27,46741.67,0.16,0.58,11327.58,15.5
45,82355.12,0.3,0.41,28743.36,27.67
44,105061.61,0.07,0.5,49358.63,42.09
37,68813.56,0.26,0.3,35207.77,32.19
46,100783.87,0.17,0.26,61411.91,50.51
35,42348.17,0.26,0.33,21918.92,22.9
59,67499.27,0.25,0.17,29930.96,28.5
38,58951.11,0.28,0.28,31350.45,29.5
58,46326.43,0.12,0.53,8801.67,13.73
57,38251.83,0.29,0.12,16732.87,19.28
41,73192.4,0.09,0.18,59452.57,49.14
50,78739.14,0.07,0.16,61942.63,50.88
51,90860.13,0.16,0.3,49932.13,42.49
23,69048.13,0.26,0.6,4274.49,10.57
52,51059.24,0.17,0.19,32724.18,30.46
58,84279.24,0.26,0.17,40876.41,36.16
29,84157.67,0.23,0.56,18592.44,20.58
21,37135.08,0.1,0.54,4523.28,10.74
51,61853.05,0.29,0.12,37718.86,33.95
29,41558.69,0.07,0.48,19748.32,21.38
34,91961.14,0.27,0.43,31592.75,29.67
36,43367.24,0.13,0.48,21712.88,22.76
48,71882.8,0.18,0.35,37395.31,33.72
28,43851.07,0.16,0.6,10852.63,15.17
36,46603.88,0.09,0.12,41306.88,36.46
56,39446.99,0.14,0.22,20718.52,22.06
37,57203.53,0.1,0.3,39571.11,35.24
54,45269.89,0.1,0.32,23902.9,24.29
31,56212.39,0.1,0.56,21417.96,22.55
21,84687.12,0.17,0.38,29252.26,28.03
28,55027.23,0.25,0.12,34468.64,31.68
56,110984.79,0.19,0.3,51360.52,43.49
19,25137.37,0.27,0.31,-1178.36,6.75
45,48215.07,0.21,0.58,14308.47,17.58
26,36692.27,0.22,0.4,11727.15,15.78
35,57993.52,0.22,0.42,25666.62,25.52
27,139835.81,0.16,0.46,51941.63,43.89
24,28638.03,0.22,0.49,3674.23,10.15
43,73813.47,0.07,0.42,43339.28,37.88
57,48213.4,0.26,0.22,19100.96,20.93
46,59482.04,0.24,0.54,17166.99,19.58
51,47033.95,0.11,0.47,20723.88,22.07
55,75980.59,0.24,0.47,18289.85,20.36
27,49797.53,0.05,0.6,16230.55,18.93
36,81949.65,0.1,0.5,37313.62,33.66
39,64232.39,0.07,0.51,32322.6,30.18
20,19953.8,0.25,0.58,-6498.2,3.04
56,80671.04,0.24,0.18,42579.68,37.35
58,36816.99,0.25,0.35,7407.83,12.76
54,40996.36,0.05,0.39,20730.19,22.07
55,47651.9,0.18,0.26,23420.13,23.95
33,46110.0,0.23,0.52,15242.94,18.23
46,93839.04,0.09,0.48,44539.11,38.72
36,57176.05,0.21,0.46,23613.08,24.09
52,87581.76,0.07,0.6,28566.63,27.55
40,54217.31,0.1,0.23,42303.73,37.15
29,58351.92,0.17,0.47,21816.32,22.83
31,63568.3,0.21,0.38,28654.23,27.61
22,55495.22,0.09,0.26,29193.29,27.99
40,55442.43,0.1,0.18,45553.68,39.43
25,42276.39,0.1,0.55,11526.6,15.64
42,58173.43,0.11,0.4,33902.83,31.28
22,25358.76,0.11,0.51,2182.44,9.1
46,61477.17,0.15,0.37,33478.69,30.98
33,51931.66,0.21,0.21,33548.35,31.03
19,47450.75,0.16,0.27,15462.82,18.39
21,42327.53,0.24,0.29,10844.45,15.16
32,85635.68,0.23,0.59,18773.91,20.7
56,59280.06,0.08,0.1,43756.65,38.17
19,29541.87,0.06,0.59,-1655.52,6.42
56,59083.06,0.27,0.59,3828.21,10.25
56,71618.74,0.07,0.6,19136.84,20.96
39,43305.54,0.09,0.34,30352.92,28.8
47,53369.0,0.06,0.58,23041.79,23.69
23,35354.35,0.21,0.3,11753.83,15.8
28,58822.39,0.2,0.11,40341.61,35.78
46,72032.53,0.3,0.21,39374.17,35.11
39,63011.02,0.27,0.57,15236.99,18.23
25,25699.77,0.15,0.11,15767.9,18.6
21,23575.82,0.14,0.37,2678.14,9.45
38,57450.26,0.12,0.14,47738.03,40.95
37,53518.27,0.09,0.24,41071.73,36.29
53,60430.82,0.08,0.14,45421.26,39.33
22,36233.02,0.08,0.53,6954.66,12.44
23,79824.84,0.08,0.4,35915.87,32.69
19,16072.98,0.11,0.55,-6451.45,3.07
22,47706.3,0.13,0.44,13059.37,16.71
30,70023.48,0.29,0.59,10259.61,14.75
45,75719.78,0.19,0.35,38702.53,34.64
41,77027.28,0.3,0.42,27285.36,26.65
43,80887.62,0.14,0.39,42991.45,37.63
39,53384.97,0.16,0.34,31628.9,29.69
42,49396.75,0.13,0.52,22617.49,23.39
43,42966.58,0.1,0.42,25841.89,25.64
50,56723.71,0.09,0.5,24960.33,25.03
50,51910.5,0.29,0.49,13192.61,16.8
23,68637.0,0.3,0.2,28935.66,27.81
54,55577.64,0.06,0.43,26222.56,25.91
57,44908.31,0.09,0.2,26041.72,25.78
34,44383.89,0.16,0.39,24051.52,24.39
51,113862.38,0.1,0.44,53514.56,44.99
39,61073.96,0.14,0.6,21269.75,22.45
27,40505.37,0.08,0.12,31637.12,29.7
24,47990.35,0.16,0.15,28410.57,27.44
53,109058.36,0.12,0.14,79756.29,63.34
57,51855.56,0.14,0.3,23345.67,23.9
40,74453.09,0.07,0.51,36423.51,33.04
59,80270.95,0.16,0.52,17136.42,19.56
23,25550.64,0.3,0.47,81.46,7.63
41,53756.44,0.13,0.55,22511.58,23.32
35,80532.83,0.27,0.26,42512.99,37.3
30,45142.12,0.26,0.14,28228.05,27.31
41,69266.77,0.29,0.13,45868.03,39.65
34,48461.77,0.25,0.53,15127.4,18.15
21,34738.86,0.21,0.47,2506.04,9.33
48,54831.82,0.26,0.45,18647.13,20.61
40,73373.86,0.07,0.27,53856.59,45.23
27,53732.31,0.17,0.29,28272.16,27.34
47,64188.87,0.3,0.58,11443.57,15.58
55,136076.93,0.24,0.13,81968.55,64.88
41,104873.0,0.29,0.49,28839.05,27.74
31,35970.99,0.24,0.25,20240.64,21.73
50,55706.44,0.27,0.12,35682.09,32.52
41,134985.39,0.23,0.47,46363.37,39.99
35,51289.66,0.24,0.27,29873.39,28.46
58,113028.77,0.18,0.46,33140.41,30.75
39,55500.02,0.28,0.45,19947.84,21.52
20,35626.46,0.26,0.37,3118.77,9.76
55,75610.01,0.26,0.49,15667.23,18.53
24,44661.69,0.22,0.39,12774.86,16.51
36,68342.74,0.13,0.24,48033.15,41.16
48,99327.41,0.06,0.47,50059.73,42.58
40,76039.94,0.28,0.39,30025.4,28.57
51,63670.48,0.2,0.11,44835.1,38.92
48,102747.15,0.12,0.55,36157.3,32.86
35,75922.06,0.09,0.37,45439.36,39.35
50,52374.77,0.26,0.53,12690.25,16.45
32,108444.42,0.26,0.54,24516.0,24.72
28,63461.09,0.25,0.32,26711.76,26.25
54,56581.35,0.21,0.35,22647.36,23.41
52,41333.77,0.14,0.31,22637.06,23.4
27,35135.61,0.13,0.32,18245.47,20.33
46,104003.51,0.05,0.55,45626.76,39.48
29,95750.44,0.26,0.49,24572.93,24.76
32,57699.04,0.07,0.16,47264.24,40.62
57,39219.74,0.21,0.41,9370.17,14.13
37,47435.7,0.18,0.6,15845.5,18.66
33,40185.41,0.18,0.4,20528.61,21.93
46,45374.0,0.28,0.49,14104.09,17.44
42,116484.59,0.06,0.48,58760.57,48.66
26,104523.07,0.24,0.28,48007.33,41.14
27,37253.87,0.06,0.29,23064.75,23.7
51,61277.97,0.06,0.46,30205.64,28.7
51,46815.61,0.16,0.35,23921.63,24.3
37,60114.27,0.07,0.39,37938.97,34.1
21,79991.53,0.25,0.46,14879.77,17.98
28,73813.3,0.18,0.49,24174.7,24.48
58,71703.26,0.06,0.24,43233.92,37.8
19,34239.05,0.06,0.17,14563.65,17.76
47,89712.49,0.2,0.25,53001.37,44.63
52,72673.92,0.25,0.35,28680.63,27.63
31,62223.38,0.16,0.27,37648.88,33.9
19,35361.71,0.19,0.38,3176.7,9.8
52,66232.22,0.25,0.13,41233.76,36.41
47,67402.71,0.2,0.35,33351.43,30.89
31,48027.39,0.11,0.28,31442.36,29.56
47,52735.95,0.2,0.37,26273.8,25.95
57,45219.04,0.21,0.31,15715.04,18.56
42,50958.57,0.23,0.24,32224.31,30.11
44,59977.97,0.21,0.55,19439.22,21.17
35,54000.99,0.29,0.19,32225.31,30.11
25,39360.94,0.1,0.44,14885.2,17.98
31,46293.43,0.29,0.56,9382.48,14.14
23,49224.54,0.18,0.37,16084.3,18.82
44,93271.81,0.22,0.54,27872.16,27.06
21,40721.46,0.07,0.16,22623.97,23.39
25,46424.88,0.15,0.35,20262.8,21.74
57,45808.26,0.24,0.33,13911.89,17.3
19,33838.26,0.23,0.1,10951.91,15.23
35,84027.61,0.06,0.32,56326.13,46.96
43,83566.63,0.19,0.28,49361.52,42.09
21,60060.76,0.07,0.43,20825.07,22.14
33,75683.53,0.3,0.57,13443.13,16.98
47,70143.99,0.27,0.14,44454.54,38.66
50,68671.36,0.06,0.26,48344.57,41.38
44,66751.39,0.26,0.32,32254.07,30.13
34,52387.28,0.28,0.33,24678.38,24.83
43,63944.53,0.14,0.49,29032.47,27.88
46,66247.77,0.23,0.32,33947.53,31.31
27,61936.08,0.16,0.11,43942.11,38.3
19,38671.62,0.21,0.46,852.85,8.17
47,120064.69,0.14,0.54,42440.5,37.25
40,47852.56,0.13,0.36,30072.2,28.6
34,72294.16,0.16,0.39,36819.96,33.32
59,54702.69,0.09,0.18,31283.63,29.45
59,55364.33,0.26,0.21,20605.21,21.98
25,37295.75,0.14,0.22,20560.5,21.95
32,76829.13,0.15,0.32,43824.64,38.22
47,74515.72,0.27,0.56,15666.3,18.53
37,76273.67,0.17,0.36,40350.39,35.79
37,63067.54,0.19,0.2,43998.7,38.34
20,34409.21,0.29,0.23,6282.41,11.97
59,54323.2,0.27,0.29,15176.07,18.19
33,64760.66,0.09,0.41,35545.14,32.43
21,21390.52,0.17,0.32,2313.32,9.2
29,69903.63,0.29,0.3,29420.7,28.15
48,135237.4,0.14,0.38,67085.86,54.48
58,64717.47,0.14,0.22,33940.85,31.31
36,55666.23,0.1,0.14,47186.26,40.57
20,36641.51,0.08,0.11,19402.43,21.14
50,74901.12,0.24,0.23,41958.59,36.91
26,45329.24,0.24,0.15,25649.08,25.51
40,78581.62,0.29,0.27,40195.79,35.68
24,43451.82,0.24,0.49,7091.1,12.54
30,95998.15,0.11,0.46,42900.56,37.57
58,97132.4,0.06,0.41,44764.19,38.87
54,55015.38,0.3,0.53,7519.57,12.84
33,56084.87,0.14,0.24,38635.88,34.59
46,62399.86,0.13,0.54,24740.3,24.87
36,59564.17,0.28,0.3,30229.87,28.71
20,27406.86,0.2,0.3,3565.59,10.07
31,42416.39,0.1,0.3,27342.35,26.69
33,84039.41,0.27,0.15,52173.09,44.05
38,83227.76,0.3,0.59,14750.58,17.89
47,84481.52,0.07,0.17,67782.65,54.97
47,61578.38,0.27,0.27,32316.48,30.17
21,89405.77,0.15,0.26,44474.18,38.67
37,60003.97,0.18,0.14,46141.52,39.84
21,57502.79,0.28,0.18,22531.46,23.33
32,40941.32,0.29,0.12,27059.05,26.5
58,53015.52,0.12,0.25,26638.43,26.2
22,40367.07,0.1,0.53,7322.53,12.7
29,52058.86,0.07,0.27,35200.8,32.19
49,47249.36,0.19,0.16,32880.43,30.57
50,74820.89,0.05,0.42,40509.98,35.9
45,83490.21,0.15,0.6,25153.44,25.16
48,52873.07,0.07,0.22,40794.11,36.1
20,25582.74,0.15,0.24,5326.74,11.3
27,40636.66,0.06,0.59,13104.97,16.74
46,71400.43,0.26,0.19,43561.94,38.03
49,54229.22,0.1,0.36,31755.67,29.78
52,58921.41,0.13,0.22,37840.95,34.03
33,44516.49,0.27,0.57,11281.05,15.46
43,114682.68,0.24,0.59,24790.87,24.91
54,60849.93,0.1,0.51,21330.32,22.49
26,72985.33,0.07,0.26,47065.46,40.48
27,59078.67,0.23,0.3,26516.9,26.12
55,58341.64,0.15,0.22,33640.03,31.1
57,55898.58,0.24,0.55,6016.78,11.78
50,52463.51,0.16,0.56,16208.82,18.91
35,52769.15,0.14,0.31,33816.21,31.22
53,48157.86,0.16,0.43,18188.96,20.29
55,45802.19,0.24,0.18,23275.1,23.85
37,116959.45,0.28,0.32,52888.62,44.55
47,67236.99,0.06,0.42,38369.46,34.4
25,80869.61,0.18,0.29,39152.75,34.95
46,52650.81,0.06,0.28,38782.0,34.69
27,36141.05,0.17,0.1,25314.8,25.28
46,50833.65,0.27,0.5,15857.21,18.66
24,40160.69,0.14,0.54,8098.63,13.24
47,63195.56,0.28,0.58,11886.83,15.89
35,56741.2,0.21,0.46,23044.54,23.69
34,48307.32,0.28,0.37,20464.02,21.88
41,63553.0,0.24,0.23,38865.66,34.75
49,64994.87,0.08,0.6,23404.79,23.94
21,53844.61,0.11,0.39,18115.09,20.24
39,94854.97,0.15,0.44,44514.76,38.7
44,57619.27,0.09,0.44,31616.28,29.68
54,85456.23,0.17,0.52,23735.35,24.17
55,60012.05,0.17,0.1,40230.45,35.7
40,45383.69,0.29,0.21,28103.94,27.23
30,98548.63,0.16,0.43,41738.5,36.76
31,120469.34,0.25,0.55,27187.38,26.59
29,64224.13,0.29,0.44,17882.53,20.08
34,59595.72,0.27,0.31,29118.91,27.94
26,45152.33,0.1,0.28,26023.63,25.77
58,49981.54,0.17,0.47,10514.33,14.93
58,81976.75,0.14,0.47,25097.46,25.12
20,38761.97,0.15,0.4,7061.49,12.51
48,102761.84,0.14,0.25,66006.72,53.72
48,62979.86,0.26,0.56,14439.37,17.67
30,48491.48,0.16,0.38,23921.81,24.3
28,43800.04,0.18,0.5,13988.76,17.36
29,43487.17,0.3,0.21,22348.74,23.2
33,66335.19,0.06,0.27,47587.92,40.85
34,43506.76,0.17,0.54,16638.25,19.21
35,48638.46,0.24,0.13,35158.99,32.16
44,91664.29,0.09,0.36,55711.61,46.53
20,27338.71,0.2,0.34,2090.56,9.04
30,70838.75,0.11,0.48,31142.34,29.35
44,42923.98,0.27,0.24,25877.34,25.67
41,94964.92,0.13,0.21,68120.98,55.2
36,45223.75,0.13,0.56,18594.34,20.58
50,50903.65,0.2,0.39,22725.68,23.47
56,70660.02,0.1,0.15,48542.63,41.52
21,45347.48,0.12,0.2,22018.88,22.97
56,75562.75,0.15,0.6,14047.5,17.4
21,26345.51,0.14,0.2,8855.54,13.77
48,58324.1,0.18,0.41,26976.61,26.44
19,28912.66,0.2,0.31,2596.42,9.39
48,49319.64,0.19,0.54,16165.17,18.88
50,72519.44,0.21,0.48,24054.2,24.39
46,81295.26,0.13,0.4,42765.44,37.48
39,56638.37,0.08,0.11,51216.81,43.38
31,90475.37,0.24,0.54,22283.49,23.16
45,52775.57,0.26,0.32,26678.45,26.23
54,94051.53,0.11,0.57,27965.9,27.13
25,57574.96,0.15,0.35,25424.22,25.35
40,47737.29,0.17,0.45,23410.43,23.94
28,103943.8,0.18,0.13,70573.0,56.92
57,51170.59,0.21,0.47,9959.39,14.54
33,82769.61,0.06,0.27,59018.76,48.84
33,59633.97,0.23,0.28,32889.51,30.57
22,49016.12,0.07,0.16,30727.78,29.06
50,79361.35,0.17,0.17,53919.57,45.27
41,78384.14,0.26,0.19,48369.33,41.39
24,41177.43,0.16,0.26,18929.86,20.81
42,71816.35,0.09,0.55,31599.23,29.67
38,68816.21,0.3,0.28,34133.79,31.44
55,62450.26,0.27,0.46,13224.46,16.82
38,57941.27,0.24,0.14,41025.68,36.26
30,57665.35,0.15,0.4,27545.52,26.84
51,112981.36,0.1,0.34,64269.03,52.51
46,58518.68,0.29,0.59,11423.98,15.56
26,74563.72,0.18,0.52,19862.6,21.46
19,28883.74,0.26,0.33,-197.02,7.44
55,48004.39,0.14,0.49,14870.83,17.97
40,189508.83,0.13,0.2,132198.03,100.0
24,55566.12,0.3,0.38,13383.7,16.93
39,71516.77,0.18,0.14,54365.54,45.59
50,72505.55,0.09,0.27,47857.74,41.04
53,91794.69,0.1,0.21,61503.45,50.58
33,64273.13,0.17,0.46,27220.72,26.61
23,59906.18,0.06,0.35,29870.66,28.46
24,33363.36,0.17,0.48,7202.98,12.61
43,82200.12,0.15,0.36,45109.11,39.11
58,52919.25,0.24,0.14,25148.04,25.16
47,74921.01,0.14,0.47,33134.25,30.74
25,29845.41,0.3,0.52,2256.49,9.16
58,67763.85,0.1,0.55,16732.63,19.28
31,34573.6,0.2,0.39,16628.94,19.2
56,54213.13,0.07,0.48,19730.57,21.37
36,42031.89,0.23,0.48,17245.33,19.63
20,50493.56,0.3,0.18,16251.81,18.94
26,50145.63,0.25,0.18,25960.81,25.73
29,43201.71,0.19,0.14,29720.7,28.36
51,93708.25,0.17,0.26,54184.17,45.46
56,47054.71,0.26,0.34,14607.97,17.79
45,38749.27,0.28,0.6,9014.78,13.88
38,69935.57,0.3,0.32,32330.5,30.18
30,36164.46,0.15,0.46,15547.77,18.45
49,51359.13,0.3,0.45,15404.0,18.35
45,55761.13,0.09,0.2,44119.56,38.42
50,46144.52,0.11,0.13,36367.76,33.0
28,45059.93,0.07,0.37,24753.1,24.88
21,25345.4,0.12,0.45,2220.03,9.13
45,65385.1,0.24,0.6,14925.01,18.01
53,46211.87,0.26,0.28,20087.79,21.62
49,62640.01,0.24,0.55,15313.05,18.28
33,81569.94,0.21,0.29,44660.01,38.8
34,72924.97,0.18,0.44,31431.84,29.55
31,54098.42,0.23,0.4,22695.17,23.44
53,48336.08,0.15,0.13,33811.56,31.22
29,55602.13,0.26,0.14,34071.18,31.4
39,52364.15,0.22,0.11,40595.77,35.96
29,56308.92,0.22,0.29,28470.86,27.48
48,44704.58,0.18,0.47,18263.28,20.35
53,75661.54,0.27,0.19,39923.08,35.49
40,62345.99,0.11,0.4,35629.8,32.49
56,120297.55,0.15,0.24,68565.2,55.51
49,90546.69,0.24,0.5,25577.64,25.46
32,66434.89,0.17,0.5,24587.75,24.77
42,60587.05,0.27,0.49,20023.42,21.58
50,52416.84,0.14,0.36,27969.72,27.13
54,78238.96,0.14,0.24,45828.77,39.62
50,58491.99,0.27,0.5,14486.79,17.71
33,81745.22,0.17,0.19,55872.94,46.64
53,67181.91,0.18,0.24,37610.24,33.87
21,47858.19,0.13,0.19,23655.83,24.12
34,68842.45,0.12,0.44,35028.76,32.07
23,33034.11,0.21,0.44,5415.95,11.36
39,49089.15,0.08,0.43,29698.99,28.34
28,39157.1,0.27,0.31,16597.5,19.18
37,81546.53,0.24,0.15,54513.31,45.69
43,51024.81,0.1,0.56,22695.19,23.44
22,32305.15,0.22,0.35,6443.88,12.08
47,72124.09,0.2,0.3,39409.13,35.13
37,56701.52,0.1,0.39,33979.82,31.33
20,33700.39,0.12,0.2,12952.22,16.63
28,45389.04,0.15,0.17,30842.9,29.14
43,41459.08,0.22,0.3,24665.39,24.82
38,49112.56,0.21,0.21,33840.45,31.24
37,85151.38,0.18,0.22,55687.71,46.51
41,54892.32,0.24,0.55,17118.52,19.55
42,43549.27,0.24,0.37,22466.23,23.28
29,40858.98,0.2,0.34,19069.4,20.91
52,66988.99,0.25,0.44,20536.43,21.94
46,68449.73,0.13,0.58,24199.64,24.5
23,40171.83,0.27,0.16,17161.4,19.58
23,35408.53,0.2,0.52,3843.42,10.27
39,45892.05,0.26,0.39,21647.53,22.71
30,60453.87,0.19,0.17,40169.58,35.66
22,58699.99,0.1,0.25,30844.27,29.14
38,88786.36,0.19,0.34,47318.36,40.66
56,45059.47,0.14,0.45,13758.45,17.2
43,92788.36,0.22,0.22,56629.65,47.17
32,55497.91,0.17,0.37,28726.26,27.66
29,53462.81,0.26,0.44,16660.65,19.23
50,79177.7,0.22,0.32,37545.54,33.83
29,45752.65,0.22,0.53,12262.38,16.15
36,39343.99,0.1,0.53,19007.04,20.87
45,75792.51,0.3,0.34,32549.14,30.33
36,65565.4,0.26,0.59,14842.49,17.95
41,57095.65,0.25,0.14,40641.57,35.99
29,64296.27,0.13,0.1,49972.97,42.52
39,77181.71,0.18,0.29,46030.8,39.76
23,28049.34,0.08,0.4,8476.93,13.5
41,62520.91,0.18,0.41,30569.11,28.95
59,34396.16,0.09,0.34,11251.96,15.44
43,60781.42,0.19,0.16,44475.21,38.67
59,50094.82,0.21,0.19,21380.87,22.53
28,60384.03,0.15,0.53,19887.78,21.48
40,49042.83,0.17,0.53,19659.15,21.32
37,54496.15,0.27,0.44,21096.83,22.33
19,12460.09,0.08,0.43,-5569.31,3.68
25,57478.49,0.25,0.4,17114.48,19.54
22,41343.79,0.09,0.2,21640.81,22.71
19,38461.59,0.06,0.31,12345.5,16.21
33,41106.22,0.1,0.45,22268.43,23.15
58,63139.39,0.24,0.37,17363.31,19.72
30,93803.05,0.15,0.11,71056.79,57.26
40,59110.58,0.27,0.58,14613.62,17.79
40,73658.89,0.18,0.52,27260.03,26.64
35,48110.66,0.06,0.23,38825.34,34.72
47,61467.37,0.23,0.41,25807.11,25.62
32,39882.04,0.08,0.56,17403.69,19.75
38,75792.47,0.25,0.15,51317.28,43.45
51,63974.46,0.09,0.35,36381.23,33.01
33,43250.39,0.14,0.33,26721.19,26.26
30,44056.94,0.24,0.31,21649.29,22.71
58,57312.54,0.29,0.52,3941.81,10.33
38,78999.83,0.14,0.29,50178.52,42.66
48,96173.92,0.26,0.13,61636.4,50.67
56,56184.13,0.1,0.13,38701.24,34.63
21,25658.45,0.25,0.12,7124.28,12.56
46,66642.18,0.21,0.3,36315.05,32.97
44,107122.47,0.1,0.46,52456.13,44.25
48,45323.16,0.13,0.2,33558.82,31.04
31,43642.74,0.08,0.42,24004.63,24.36
31,66334.17,0.15,0.44,29538.8,28.23
20,41485.14,0.1,0.23,17528.44,19.83
55,51633.83,0.21,0.4,16562.66,19.16
56,61764.59,0.3,0.44,11537.44,15.64
20,58438.18,0.05,0.33,25534.68,25.43
54,58224.34,0.19,0.27,29551.69,28.24
44,60007.36,0.19,0.41,28709.09,27.65
29,63597.79,0.28,0.59,9154.47,13.98
26,45164.3,0.18,0.31,20851.17,22.16
58,80086.01,0.19,0.3,34033.9,31.37
40,115873.84,0.17,0.33,63391.35,51.9
38,49827.79,0.12,0.14,42534.5,37.31
26,34747.84,0.06,0.38,17168.59,19.58
47,68918.62,0.15,0.26,43671.07,38.11
58,41755.11,0.06,0.16,25272.17,25.25
44,48002.42,0.19,0.33,27812.99,27.02
48,42695.98,0.13,0.1,35933.12,32.7
35,53622.12,0.18,0.3,32133.02,30.04
38,60414.28,0.08,0.15,51460.36,43.55
34,51162.24,0.28,0.11,35193.68,32.18
25,78498.97,0.27,0.51,13519.73,17.03
34,86847.5,0.1,0.56,33834.13,31.23
45,112771.24,0.14,0.2,78923.36,62.75
41,62897.15,0.2,0.37,32254.71,30.13
42,87304.45,0.07,0.24,65343.4,53.26
27,55609.16,0.14,0.35,27567.41,26.85
53,63729.85,0.11,0.32,35103.72,32.12
38,54500.29,0.28,0.23,31850.48,29.85
55,38116.05,0.26,0.45,7301.09,12.68
35,70536.58,0.19,0.16,49933.98,42.49
49,86218.4,0.18,0.13,62065.04,50.97
26,32625.97,0.28,0.48,5430.66,11.37
33,57158.58,0.28,0.43,19821.09,21.44
49,81938.94,0.29,0.35,31578.3,29.65
48,57371.7,0.08,0.33,36491.12,33.09
38,86043.22,0.09,0.35,53520.92,45.0
57,55221.47,0.22,0.32,19820.86,21.44
30,47117.15,0.19,0.3,25705.36,25.55
35,85726.89,0.05,0.35,55444.22,46.34
48,50949.97,0.07,0.36,31987.19,29.94
47,53265.27,0.27,0.45,18763.45,20.7
37,49232.06,0.27,0.46,18865.04,20.77
29,39648.09,0.14,0.29,23207.62,23.8
52,63367.05,0.27,0.31,26456.37,26.07
25,40611.34,0.2,0.29,17632.48,19.91
52,69440.56,0.25,0.37,26498.87,26.1
38,43058.54,0.16,0.33,27528.08,26.82
56,44954.09,0.08,0.54,12222.08,16.12
42,63242.89,0.16,0.45,30248.25,28.73
28,85215.38,0.16,0.55,24222.43,24.51
50,68246.49,0.19,0.45,26023.4,25.77
33,49447.05,0.08,0.59,20362.73,21.81
55,42806.96,0.3,0.42,8849.54,13.76
38,52396.93,0.11,0.58,21489.83,22.6
21,40241.8,0.1,0.18,20516.84,21.92
55,37657.44,0.18,0.13,22668.24,23.43
58,42349.84,0.18,0.39,10649.57,15.02
26,39562.06,0.16,0.59,7642.95,12.92
58,52638.26,0.24,0.31,16189.72,18.9
41,61346.88,0.18,0.21,43030.92,37.66
58,48251.92,0.2,0.36,13727.78,17.18
29,61914.16,0.23,0.42,21920.22,22.9
26,51041.71,0.06,0.26,32944.8,30.61
47,57426.18,0.19,0.46,23663.82,24.12
48,74132.64,0.27,0.59,13538.42,17.04
28,61787.51,0.05,0.55,24427.93,24.66
57,41398.33,0.15,0.25,19060.11,20.9
46,62253.14,0.28,0.26,32518.01,30.31
54,76969.25,0.14,0.29,42053.9,36.98
31,76790.2,0.16,0.3,43599.48,38.06
50,68105.48,0.3,0.15,39232.82,35.01
54,56311.29,0.1,0.48,21555.11,22.65
55,66201.33,0.07,0.28,39727.25,35.35
44,78067.71,0.26,0.54,20172.08,21.68
40,63666.51,0.27,0.56,16204.04,18.91
22,46404.5,0.17,0.11,26251.71,25.93
49,58556.3,0.18,0.59,15699.86,18.55
36,44689.67,0.26,0.46,17446.66,19.78
56,55610.51,0.23,0.36,17955.04,20.13
42,53593.56,0.12,0.29,36908.5,33.38
41,53362.59,0.05,0.36,36710.68,33.24
40,94108.22,0.17,0.26,59085.15,48.89
20,57790.01,0.26,0.41,8335.51,13.41
49,44581.61,0.27,0.15,28086.86,27.21
29,40157.35,0.29,0.41,12691.35,16.45
46,57623.53,0.27,0.24,32572.05,30.35
50,53389.56,0.2,0.11,38601.21,34.56
23,49682.49,0.16,0.38,16883.8,19.38
56,43922.39,0.24,0.39,11597.25,15.69
28,70733.07,0.23,0.31,31764.15,29.78
58,55687.21,0.18,0.14,30704.07,29.04
42,57617.13,0.07,0.55,27408.82,26.74
53,60128.31,0.28,0.41,17644.48,19.91
41,56370.1,0.16,0.16,43507.97,38.0
35,39340.54,0.14,0.36,24177.09,24.48
19,37272.69,0.21,0.35,4485.44,10.71
49,57609.07,0.22,0.13,39809.8,35.41
49,50485.09,0.1,0.4,27158.78,26.57
52,83431.09,0.26,0.5,19544.75,21.24
27,62709.55,0.12,0.47,24137.1,24.45
40,135287.35,0.1,0.2,100666.31,77.96
31,71284.74,0.15,0.53,24988.38,25.05
43,54156.37,0.23,0.27,32008.96,29.96
36,48485.42,0.29,0.57,11235.06,15.43
30,47485.35,0.25,0.14,30611.29,28.98
58,47628.03,0.29,0.34,10564.06,14.96
35,60701.27,0.09,0.4,35891.12,32.67
33,40778.89,0.07,0.22,32322.65,30.18
33,69076.52,0.19,0.49,25958.08,25.73
33,58744.33,0.12,0.41,30826.28,29.13
57,66701.62,0.26,0.11,36361.05,33.0
31,41914.95,0.22,0.4,18065.53,20.21
35,63022.57,0.29,0.35,27034.94,26.48
50,90001.3,0.11,0.2,63410.91,51.91
27,39698.39,0.17,0.6,8031.35,13.19
58,45317.28,0.18,0.55,5367.25,11.33
38,74085.93,0.11,0.25,53047.52,44.66
44,50916.25,0.2,0.37,26978.78,26.44
45,59389.82,0.16,0.26,38996.73,34.84
39,95025.44,0.16,0.49,38656.45,34.6
36,48802.42,0.14,0.57,19157.17,20.97
31,91195.75,0.05,0.28,63131.8,51.71
34,53421.99,0.18,0.5,20958.24,22.23
27,37250.76,0.13,0.35,18024.55,20.18
30,65080.54,0.05,0.3,43761.65,38.17
56,59886.32,0.13,0.57,13509.64,17.02
37,60551.64,0.12,0.36,36884.5,33.36
25,37750.56,0.15,0.33,16124.43,18.85
53,61934.32,0.08,0.44,28505.89,27.51
36,39858.2,0.18,0.23,28660.17,27.61
34,61741.41,0.22,0.26,35910.11,32.68
57,85421.81,0.21,0.57,13730.94,17.18
22,24618.16,0.25,0.44,183.73,7.71
43,56960.66,0.16,0.51,23608.59,24.08
50,50921.08,0.18,0.24,31276.27,29.44
58,40028.04,0.25,0.37,7782.8,13.02
31,35568.65,0.16,0.59,11679.96,15.74
35,45247.58,0.23,0.26,27609.97,26.88
55,55464.93,0.16,0.18,33241.7,30.82
24,69929.05,0.15,0.36,29607.22,28.28
37,43934.54,0.24,0.29,25540.78,25.43
31,60214.99,0.09,0.18,45796.37,39.6
44,66317.16,0.13,0.54,26306.03,25.97
32,96610.66,0.11,0.6,31978.16,29.93
49,72348.89,0.14,0.38,36806.26,33.31
22,54048.45,0.11,0.49,14482.42,17.7
57,70198.04,0.19,0.53,13507.73,17.02
26,37664.09,0.25,0.45,9183.96,14.0
43,54958.64,0.25,0.12,39874.3,35.45
31,78364.89,0.14,0.18,55590.05,46.44
50,42079.08,0.3,0.14,25597.72,25.47
56,49279.95,0.2,0.1,29666.32,28.32
56,43216.67,0.15,0.25,21209.82,22.41
46,66569.03,0.26,0.3,33766.62,31.18
48,56584.95,0.23,0.22,33962.74,31.32
21,52206.79,0.24,0.13,24272.32,24.55
46,61108.97,0.1,0.36,36893.0,33.37
21,24308.46,0.17,0.24,5852.2,11.67
52,44669.87,0.27,0.5,10348.21,14.81
34,58088.7,0.18,0.1,45810.6,39.61
40,51977.39,0.22,0.52,18907.9,20.8
50,54629.94,0.2,0.58,14064.37,17.41
56,76620.31,0.26,0.46,16976.79,19.45
26,63275.23,0.12,0.47,23925.79,24.3
26,93925.02,0.19,0.57,20276.53,21.75
24,41514.55,0.08,0.2,25335.82,25.29
32,47910.98,0.22,0.6,11587.0,15.68
50,68992.29,0.23,0.49,20964.97,22.24
53,52817.8,0.06,0.46,23898.88,24.29
28,44650.43,0.22,0.28,22039.87,22.99
21,37929.15,0.15,0.37,9251.37,14.05
30,93803.03,0.08,0.43,47850.75,41.03
49,75164.8,0.15,0.41,35064.9,32.09
47,77977.84,0.1,0.45,38319.15,34.37
23,82397.51,0.15,0.14,52297.3,44.14
43,80191.53,0.15,0.28,51147.88,43.34
59,42026.02,0.23,0.32,10240.43,14.74
49,79370.5,0.24,0.23,44127.97,38.43
39,81753.63,0.2,0.19,55458.0,46.35
38,72784.62,0.06,0.17,61816.09,50.79
57,54440.48,0.28,0.28,17724.11,19.97
40,71503.94,0.22,0.35,36375.52,33.01
22,42365.27,0.06,0.13,26891.44,26.38
31,43419.6,0.25,0.57,9743.48,14.39
38,51504.39,0.1,0.48,26934.85,26.41
31,68318.44,0.19,0.47,25356.06,25.3
35,47763.01,0.17,0.19,35501.64,32.4
54,49430.07,0.15,0.4,19444.27,21.17
51,75500.16,0.27,0.36,27972.56,27.13
19,39219.08,0.16,0.59,-2105.69,6.11
33,67610.59,0.07,0.47,34500.07,31.7
31,41192.84,0.29,0.39,15641.2,18.51
35,68716.25,0.28,0.53,17795.53,20.02
42,53781.89,0.22,0.18,37804.91,34.01
26,36785.86,0.17,0.11,24609.87,24.78
45,55904.24,0.07,0.45,31381.36,29.52
41,92226.99,0.25,0.15,61028.63,50.24
26,43930.01,0.07,0.16,31723.71,29.76
26,110845.71,0.07,0.47,49093.7,41.9
44,42928.56,0.18,0.24,29776.01,28.39
31,38749.32,0.09,0.41,21698.04,22.75
57,86220.59,0.05,0.56,27784.8,27.0
55,95891.09,0.16,0.26,52820.04,44.51
46,51944.73,0.08,0.21,40726.17,36.05
43,63707.68,0.09,0.15,53428.1,44.93
34,71354.63,0.07,0.17,58603.08,48.55
20,35689.84,0.1,0.13,17111.46,19.54
36,62098.27,0.23,0.14,43892.6,38.26
35,59148.62,0.25,0.32,30014.47,28.56
48,46324.71,0.16,0.26,29627.43,28.29
57,52432.52,0.18,0.45,13493.1,17.01
31,55522.25,0.06,0.54,24802.68,24.92
50,63459.78,0.07,0.49,29550.62,28.24
47,44795.57,0.11,0.37,26872.43,26.37
48,76533.26,0.19,0.15,53535.52,45.01
36,61761.86,0.23,0.45,23960.61,24.33
31,42703.65,0.2,0.28,24351.37,24.6
39,106327.23,0.15,0.14,80804.85,64.07
48,57538.38,0.08,0.52,26012.08,25.76
39,57366.84,0.25,0.27,33227.27,30.81
35,70630.24,0.14,0.21,50734.09,43.05
58,104557.06,0.23,0.54,16991.36,19.46
37,72841.43,0.18,0.55,25017.04,25.07
33,73057.69,0.23,0.27,39662.96,35.31
27,38333.96,0.28,0.28,15688.32,18.55
28,53165.29,0.28,0.39,17326.52,19.69
49,54976.38,0.18,0.47,21552.94,22.65
41,75168.39,0.18,0.13,57336.51,47.66
48,77515.1,0.12,0.4,40650.87,36.0
51,100302.66,0.28,0.58,14528.07,17.73
27,30137.14,0.16,0.23,16980.03,19.45
19,28760.49,0.08,0.55,-1419.45,6.59
53,88550.7,0.16,0.58,22404.12,23.24
29,37535.88,0.08,0.23,26332.37,25.99
52,76194.52,0.18,0.48,26190.45,25.89
34,81678.42,0.19,0.22,52485.35,44.27
27,50033.22,0.13,0.47,18779.56,20.71
50,46163.64,0.07,0.5,21677.34,22.73
33,55492.09,0.29,0.22,30814.2,29.12
30,87295.56,0.24,0.46,27473.66,26.79
51,97096.1,0.26,0.51,23561.9,24.05
32,59730.67,0.14,0.28,37717.14,33.95
26,37156.69,0.24,0.18,19361.42,21.11
26,91713.25,0.17,0.15,60467.21,49.85
45,78409.95,0.1,0.39,44653.99,38.8
30,42956.67,0.08,0.59,15725.16,18.57
19,42841.23,0.14,0.51,3303.45,9.89
58,61283.2,0.08,0.32,29181.3,27.98
29,44653.16,0.3,0.37,15637.66,18.51
57,63162.54,0.06,0.24,38151.07,34.25
49,84919.2,0.16,0.18,58460.68,48.45
35,54739.88,0.16,0.34,31616.4,29.68
51,86962.95,0.13,0.33,47982.88,41.12
50,43837.38,0.19,0.36,21133.82,22.35
47,125198.29,0.09,0.58,45557.94,39.43
39,62308.07,0.25,0.4,27440.49,26.76
39,83278.51,0.13,0.4,44131.0,38.43
58,59914.5,0.2,0.16,31107.03,29.33
41,51777.98,0.23,0.6,14484.6,17.7
24,45464.78,0.27,0.49,6417.05,12.06
40,42887.82,0.26,0.54,14072.31,17.42
56,70834.43,0.2,0.31,30092.0,28.62
55,62112.75,0.15,0.35,28011.3,27.16
26,46247.53,0.18,0.36,19212.4,21.01
59,69403.87,0.24,0.2,30463.8,28.88
53,60931.26,0.27,0.44,16163.76,18.88
29,63967.5,0.08,0.55,24826.1,24.93
42,81468.87,0.15,0.18,59959.0,49.5
39,54016.9,0.24,0.14,38498.13,34.49
20,28511.57,0.16,0.47,449.01,7.89
58,38576.23,0.13,0.24,17185.66,19.59
37,62294.26,0.15,0.41,32328.22,30.18
57,65118.65,0.2,0.45,16779.51,19.31
46,47834.41,0.3,0.26,25007.59,25.06
35,90834.89,0.17,0.51,33360.16,30.9
24,35637.65,0.1,0.37,13891.69,17.29
37,40309.62,0.09,0.53,20239.66,21.73
56,92412.7,0.06,0.48,37473.15,33.78
46,43429.26,0.19,0.53,16179.32,18.89
20,58103.75,0.19,0.11,30743.2,29.07
56,71551.38,0.1,0.22,44053.37,38.38
55,64315.26,0.22,0.15,37107.4,33.52
22,35591.64,0.24,0.32,8424.91,13.47
40,70632.54,0.11,0.54,29646.51,28.3
44,83966.59,0.14,0.33,49513.65,42.19
54,47717.49,0.3,0.52,6414.99,12.06
31,74713.24,0.14,0.26,46735.18,40.25
50,80083.58,0.24,0.27,40824.76,36.12
35,63839.62,0.16,0.55,22901.83,23.59
59,48068.02,0.25,0.31,12473.37,16.3
54,78067.78,0.24,0.49,18250.07,20.34
37,69259.67,0.22,0.22,44260.31,38.52
53,48082.13,0.26,0.57,6582.51,12.18
58,51189.9,0.28,0.39,9567.22,14.27
46,78328.61,0.19,0.48,29705.18,28.35
19,38904.36,0.11,0.14,17125.71,19.55
36,81910.66,0.15,0.35,46082.49,39.8
58,51521.48,0.24,0.55,3551.58,10.06
51,49295.73,0.21,0.54,12852.04,16.56
30,115654.68,0.09,0.12,92094.58,71.96
26,31553.11,0.06,0.25,19420.7,21.16
42,55628.13,0.22,0.32,30781.76,29.1
34,62805.12,0.11,0.19,48144.48,41.24
22,62301.54,0.17,0.46,15006.6,18.07
56,69932.84,0.24,0.19,35526.91,32.42
45,129793.97,0.19,0.27,74013.94,59.32
27,48707.93,0.07,0.43,23032.47,23.68
34,47289.01,0.1,0.34,30779.23,29.1
30,51025.36,0.1,0.47,23360.49,23.91
49,57619.17,0.11,0.58,20113.0,21.64
42,61404.47,0.19,0.16,45150.76,39.14
32,44404.26,0.18,0.45,19254.32,21.04
43,77409.98,0.1,0.22,57941.88,48.09
52,67191.88,0.07,0.31,41896.07,36.87
21,26462.81,0.09,0.12,12187.03,16.1
42,81611.29,0.3,0.17,48986.81,41.83
27,40195.41,0.17,0.26,21866.66,22.87
44,48993.26,0.27,0.27,27378.21,26.72
38,62292.6,0.26,0.55,17228.32,19.62
58,38348.63,0.18,0.47,6134.39,11.87
28,62353.5,0.23,0.59,11432.79,15.57
37,36999.88,0.1,0.4,23431.76,23.96
21,28499.42,0.22,0.22,6973.04,12.45
42,99333.8,0.12,0.26,66655.91,54.18
23,35436.32,0.26,0.26,11171.77,15.39
21,33938.42,0.07,0.26,13978.34,17.35
45,90204.04,0.24,0.44,33211.84,30.8
34,48102.54,0.07,0.37,31045.52,29.28
33,71621.73,0.27,0.29,34934.34,32.0
53,84946.74,0.13,0.17,58336.91,48.36
30,62553.83,0.21,0.11,43925.23,38.29
59,39488.43,0.17,0.21,15587.41,18.48
44,54715.1,0.14,0.15,43480.87,37.98
52,149728.19,0.21,0.49,44345.41,38.58
41,55474.07,0.29,0.16,36508.44,33.1
49,168455.5,0.06,0.46,82979.39,65.59
38,102498.04,0.28,0.29,49173.07,41.96
30,63354.89,0.2,0.14,43365.46,37.9
41,67106.76,0.25,0.51,21371.74,22.52
22,36288.79,0.15,0.39,9446.44,14.18
41,60833.19,0.17,0.22,42746.72,37.46
19,28116.67,0.27,0.55,-6677.41,2.91
43,61664.05,0.15,0.12,49662.75,42.3
20,23815.28,0.18,0.2,4459.05,10.7
48,46814.87,0.06,0.48,24947.86,25.02
21,69114.38,0.09,0.45,22792.75,23.51
39,44368.6,0.21,0.24,29721.12,28.36
43,79796.72,0.23,0.13,56127.09,46.82
38,42065.46,0.2,0.53,17043.19,19.49
40,73225.24,0.09,0.26,53476.09,44.96
39,58376.05,0.16,0.2,42819.02,37.51
51,90239.62,0.14,0.36,46177.11,39.86
56,53471.34,0.17,0.56,9682.11,14.35
33,37786.63,0.27,0.12,26575.15,26.16
33,54544.09,0.24,0.48,18544.59,20.54
43,65187.64,0.07,0.39,40464.38,35.87
39,59445.56,0.27,0.31,29881.79,28.47
42,72698.53,0.17,0.47,31396.9,29.53
23,36813.62,0.24,0.58,632.12,8.02
24,31597.49,0.09,0.21,17613.19,19.89
41,50058.15,0.22,0.17,36022.94,32.76
22,35674.87,0.11,0.56,4494.81,10.72
45,55678.03,0.16,0.43,26909.71,26.39
36,131466.58,0.05,0.32,87173.94,68.52
39,88298.06,0.09,0.39,51850.06,43.83
46,75358.69,0.07,0.47,38217.76,34.3
53,68041.83,0.11,0.49,26343.76,26.0
40,66810.08,0.08,0.56,29914.64,28.49
58,61430.9,0.22,0.31,21293.04,22.46
41,64792.09,0.06,0.25,50376.48,42.8
21,41513.08,0.2,0.42,6859.8,12.37
58,36381.79,0.09,0.31,14961.04,18.04
28,46606.52,0.29,0.4,14492.63,17.71
43,59141.82,0.28,0.31,29091.36,27.92
26,39440.83,0.11,0.18,26007.54,25.76
29,45575.41,0.2,0.33,21710.43,22.76
23,49382.92,0.06,0.45,18710.31,20.66
55,73387.73,0.28,0.5,12527.45,16.34
56,63151.94,0.18,0.35,25025.77,25.07
47,76471.49,0.06,0.18,61560.09,50.62
23,58624.73,0.14,0.31,26842.34,26.34
27,46180.74,0.07,0.49,19072.05,20.91
20,48277.3,0.15,0.31,16077.74,18.82
19,19153.28,0.22,0.45,-5486.83,3.74
58,50973.37,0.17,0.35,17065.94,19.51
48,55604.01,0.15,0.22,37969.18,34.12
29,88479.69,0.08,0.5,38276.43,34.34
46,68395.98,0.11,0.14,55143.46,46.13
30,39235.25,0.08,0.36,23433.58,23.96
57,67969.52,0.25,0.2,30956.28,29.22
44,80481.17,0.08,0.13,67884.52,55.04
31,53981.09,0.2,0.35,26612.21,26.18
26,61753.67,0.14,0.35,29466.73,28.18
46,40788.27,0.11,0.45,21892.25,22.88
48,39628.33,0.21,0.47,15495.22,18.41
27,36752.79,0.16,0.46,12278.72,16.16
57,59690.17,0.15,0.3,26610.83,26.18
49,97628.79,0.2,0.42,39926.59,35.49
39,48150.53,0.17,0.39,26755.88,26.28
52,50218.48,0.13,0.31,28062.87,27.2
49,63567.35,0.19,0.4,28499.79,27.5
43,55908.52,0.22,0.57,17010.78,19.47
30,46834.25,0.06,0.2,36407.82,33.03
19,31236.78,0.17,0.55,-3158.63,5.37
40,90463.4,0.06,0.13,78594.58,62.52
58,79371.3,0.1,0.25,44076.95,38.39
55,59343.33,0.19,0.24,30187.03,28.68
19,76723.38,0.27,0.41,12861.68,16.57
19,46014.37,0.27,0.17,14188.98,17.5
39,85451.65,0.07,0.54,39031.08,34.87
33,46539.03,0.15,0.51,18887.36,20.78
35,50393.79,0.2,0.43,23429.19,23.96
40,53125.65,0.09,0.33,36785.33,33.3
56,56874.86,0.24,0.57,6378.24,12.04
53,61284.53,0.24,0.52,13883.47,17.28
34,63600.76,0.28,0.35,28198.7,27.29
26,100858.96,0.05,0.45,47892.32,41.06
35,72353.0,0.1,0.38,41222.37,36.4
35,51990.95,0.26,0.39,22836.44,23.54
44,62692.0,0.22,0.27,36985.0,33.43
31,89892.11,0.27,0.33,37877.7,34.06
35,73711.86,0.06,0.14,63328.21,51.85
56,92313.91,0.2,0.28,43700.61,38.13
35,52376.25,0.19,0.45,23537.95,24.03
32,47136.71,0.06,0.58,20273.82,21.75
24,36957.41,0.18,0.58,4518.97,10.74
53,54740.55,0.2,0.38,21810.24,22.83
32,43658.21,0.1,0.4,24701.63,24.85
26,53958.33,0.12,0.19,34907.36,31.98
33,62513.76,0.21,0.45,25122.16,25.14
45,92130.67,0.17,0.14,68698.18,55.61
31,37307.02,0.26,0.24,20803.11,22.12
49,50584.04,0.14,0.43,23962.55,24.33
53,75622.81,0.12,0.26,46247.31,39.91
24,48978.65,0.3,0.12,23917.07,24.3
23,45083.27,0.28,0.52,3477.98,10.01
40,88968.99,0.06,0.26,66402.61,54.0
41,49962.13,0.24,0.13,36610.65,33.17
43,53224.32,0.08,0.14,46607.79,40.16
52,50290.62,0.06,0.23,35852.32,32.64
44,43202.48,0.12,0.19,34746.67,31.87
23,46500.19,0.12,0.49,12460.33,16.29
44,55657.76,0.25,0.26,31960.22,29.92
38,51469.49,0.23,0.5,19276.17,21.05
24,34728.74,0.3,0.19,13697.26,17.15
24,45747.8,0.23,0.35,14961.29,18.04
36,49564.06,0.15,0.44,24821.0,24.93
22,46283.25,0.22,0.43,8947.85,13.83
35,66927.87,0.3,0.4,24522.32,24.72
32,52139.69,0.23,0.56,13845.86,17.26
32,51252.62,0.24,0.21,30892.42,29.18
31,58324.13,0.28,0.35,23775.95,24.2
25,47137.04,0.08,0.54,14523.43,17.73
33,86399.21,0.23,0.14,58488.88,48.47
37,65660.2,0.26,0.13,45180.36,39.16
53,82811.88,0.29,0.22,39753.09,35.37
35,69973.24,0.1,0.42,38055.83,34.18
53,45481.39,0.18,0.23,25889.99,25.68
37,52847.25,0.22,0.2,35924.79,32.69
38,60186.33,0.11,0.33,38907.4,34.78
54,76447.81,0.2,0.41,27768.63,26.99
53,110297.24,0.11,0.22,72077.2,57.97
50,55208.97,0.13,0.25,35428.18,32.35
58,57220.12,0.16,0.41,17421.81,19.76
42,77582.71,0.18,0.57,24258.76,24.54
35,58102.12,0.16,0.44,27708.31,26.95
25,86848.25,0.17,0.49,25877.71,25.67
19,21989.66,0.12,0.28,1136.06,8.37
53,72776.12,0.09,0.24,47745.37,40.96
50,74046.92,0.06,0.33,46972.84,40.42
54,83690.54,0.1,0.5,31075.59,29.3
31,56301.72,0.2,0.33,29173.92,27.97
24,63317.49,0.25,0.52,10071.16,14.62
32,52750.45,0.09,0.59,19350.67,21.11
55,48812.51,0.08,0.14,35049.13,32.08
33,45689.79,0.24,0.12,32900.17,30.58
22,26858.67,0.13,0.17,11444.84,15.58
58,50258.93,0.29,0.29,13892.28,17.29
34,63371.72,0.23,0.17,42534.62,37.31
46,59698.65,0.13,0.54,23775.7,24.2
34,61385.98,0.12,0.11,50972.81,43.21
22,68980.82,0.18,0.26,31186.15,29.38
44,55721.46,0.07,0.19,46001.02,39.74
46,131186.41,0.08,0.57,50845.12,43.12
50,75959.95,0.09,0.43,37272.82,33.64
20,36139.0,0.24,0.56,-3022.56,5.46
49,58969.85,0.18,0.59,16304.74,18.98
21,28695.88,0.05,0.35,8510.33,13.53
26,48666.85,0.22,0.22,25135.79,25.15
42,42091.93,0.16,0.2,32756.2,30.48
33,84212.5,0.18,0.21,55024.4,46.05
49,38907.4,0.1,0.45,19479.31,21.2
27,51116.17,0.19,0.12,34189.44,31.48
57,43892.62,0.29,0.13,19633.81,21.3
20,29919.48,0.07,0.4,5472.71,11.4
26,41398.35,0.12,0.42,16930.79,19.41
25,97439.07,0.11,0.43,41285.52,36.44
57,44250.29,0.11,0.29,20762.03,22.09
34,76029.23,0.14,0.5,30868.88,29.16
53,84566.2,0.25,0.37,30763.92,29.09
48,41207.65,0.28,0.15,26344.52,26.0
28,43640.41,0.1,0.5,17185.51,19.59
56,92076.6,0.19,0.58,17287.92,19.66
36,44864.35,0.21,0.13,34510.74,31.71
23,69655.54,0.18,0.3,30425.23,28.85
47,62354.48,0.16,0.34,34679.34,31.82
57,56381.0,0.1,0.17,35110.08,32.12
52,62006.96,0.17,0.53,18111.56,20.24
41,67925.98,0.15,0.24,46818.7,40.31
23,32687.12,0.25,0.49,2768.35,9.51
48,58678.44,0.24,0.44,22091.77,23.02
24,52289.33,0.08,0.4,22680.51,23.43
22,45523.15,0.07,0.2,26161.38,25.87
47,68503.85,0.28,0.21,38697.28,34.63
41,52875.93,0.18,0.12,42005.69,36.94
24,57471.04,0.26,0.22,25017.54,25.07
50,63840.64,0.06,0.27,44061.65,38.38
36,42877.43,0.18,0.52,17775.42,20.01
33,50122.15,0.18,0.28,30223.13,28.71
58,45241.87,0.27,0.48,4577.28,10.78
50,50588.42,0.07,0.32,32178.67,30.07
27,43938.11,0.11,0.49,16211.61,18.91
55,70035.16,0.15,0.59,15003.14,18.07
28,43511.28,0.27,0.22,22075.38,23.01
38,64586.1,0.28,0.53,17269.9,19.65
24,46976.2,0.3,0.41,9116.32,13.95
21,30953.48,0.29,0.51,-2428.23,5.88
29,48173.88,0.05,0.43,25621.88,25.49
35,75640.32,0.06,0.31,51956.9,43.9
50,64225.58,0.09,0.21,46446.79,40.05
22,52399.59,0.14,0.14,30958.37,29.22
22,70065.0,0.26,0.37,19067.48,20.91
35,66461.06,0.27,0.6,13294.01,16.87
59,36322.54,0.1,0.47,7021.22,12.49
37,64809.76,0.2,0.26,39528.32,35.21
23,36198.08,0.28,0.51,1614.32,8.71
50,107171.93,0.17,0.48,39041.55,34.87
40,68634.91,0.08,0.24,52334.95,44.17
24,38067.24,0.16,0.11,23264.23,23.84
53,70432.13,0.14,0.16,47893.33,41.06
40,63260.48,0.19,0.54,22256.55,23.14
19,19337.31,0.16,0.52,-5551.06,3.7
38,77536.2,0.05,0.25,59681.18,49.3
40,56178.06,0.3,0.24,31128.03,29.34
29,84913.46,0.19,0.5,27691.2,26.94
31,53473.64,0.17,0.57,16479.78,19.1
21,73339.45,0.29,0.49,7628.46,12.91
27,57756.12,0.09,0.4,28272.43,27.34
30,73554.65,0.1,0.22,51676.82,43.71
41,55458.46,0.25,0.36,26487.88,26.1
32,62302.29,0.12,0.22,44622.82,38.77
51,43607.1,0.25,0.5,11511.06,15.63
36,57806.61,0.12,0.29,39020.97,34.86
59,39195.01,0.06,0.52,7857.13,13.07
27,37060.38,0.18,0.29,18685.37,20.64
41,51103.05,0.1,0.51,25277.79,25.25
28,63846.14,0.24,0.27,31300.86,29.46
37,58160.52,0.21,0.32,32361.67,30.2
23,44873.35,0.28,0.41,8222.87,13.33
41,59597.96,0.25,0.14,42214.66,37.09
48,84507.79,0.1,0.57,30994.45,29.25
43,62690.67,0.25,0.39,27803.7,27.02
